# File generated by ForgeFPGA Workshop v.6.52 (Build 001)
## Project name: fpga_logic
## Netlist name: internal: netlist.edif
# Generation date: Thu Aug 6 15:20:31 2026
# Synthesis tool: Yosys v.0.37
# Place and Route tool: v.23
# Netlist SHA-256 aa3b895608318ecb173d07f042dd05f6454a47deb86c291c57c80ed0002e01b7
## High Density IO Packaging: off
## High Density Packaging Logic: on
## Clock-Concurrent Optimization CCopt: on
## Place-and-Trial-route: off
## Place-and-Trial-route iteration count: 20
## Max-CPU: 16
## Maximum Routing Iterations: 300
## Timing Analysis Corner: tt1pv25c_typical(0)

# axi_bus_width: 32, bits_per_cycle_per_tile: 32, array_size: 1x1, crc16: false
22222220
00000000
00000000
00000000
00550057
00000000
00aa00a8
00000000
00000000
00000000
11111113

2aaaaaa8
2aaaaaa8
ffffffff
ffffffff
ffffffff
00000000
ffffffff
ffffffff
ffffffff
d5555557
d5555557

01400140
ffffffff
d5555517
d5555517
2aaaaaa8
00000000
d5555557
2a2aa8a8
2a0aa8a8
fd7ffd7f
00000000

09c889c8
d5555557
d5555517
d5555517
d5005500
00000000
2a00aa00
2a2aa8a8
2a2aa8a8
282aa828
c4444444

00000000
00000000
00000000
00000000
00000000
00000000
00000000
00000000
00200000
00000000
00000000

22222220
2aaaaaa8
2aaaaaa8
2aaaaaa8
2affaaff
00000000
d5ff55ff
d5555557
d5555557
d5555557
11111113

2beaabe8
ffffffff
d5555517
d5555557
ffffffff
00000000
ffffffff
2a22a8a8
2a8aa8a8
fd7ffd7f
d5555557

00000000
00000000
d5555517
d5555557
00000000
00000000
00000000
2a2aa8a8
2aaaa8a8
00000000
00000000

088888c8
00000040
00000000
00000000
d50a5500
00000000
2a00aa00
00000000
00200000
00000000
c4444444

01400140
ffffffff
2aaaaaa8
2aaaaaa8
2aaa2aa8
00000000
d5555557
d5555557
d5555557
fd7ffd7f
00000000

23622360
ffffffff
00000000
00000000
00550057
00000000
00aa00a8
00080000
00000000
fd7ffd7f
11111113

2aaaaaa8
00000000
00000000
00000000
d5555557
00000000
2aaaaaa8
00000000
00000000
00000000
d5555557

00000000
00000000
00000000
00000000
2aa02aa8
00000000
d5555557
000a0000
00000000
00000000
00000000

09c889c8
ffffffff
ffffffff
d5555557
d5005500
00000000
2a00aa00
2a2aa8a8
ffffffff
fd7ffd7f
c4444444

00000000
2aaaaaa8
d5555557
2aaaaaa8
2aaaaaa8
00000000
d5555557
d5755557
2a00a8a8
d5555557
00000000

22222220
00000000
00000000
00000000
00550057
00000000
00aa00a8
00000000
00000000
00000000
11111113

2baaaae8
d4155057
00000000
00000000
d5555557
00000000
2aaaaaa8
00000000
00000000
282aa828
d5555557

01400100
ffffffbf
ffffffff
d5555517
2aaaaaa8
00000000
d5555557
2a2aa8a8
ffffffff
fd7ffd7f
00000000

09c88988
ffffffff
d5555417
00000100
d5205500
00000000
2a00aa40
00000800
2a2a20a8
fd7ffd7f
c4444444

00000000
00000000
00000000
2aaaaaa8
2aaaaaa8
00000000
d5555557
d5555557
00008000
00000000
00000000

00000000
00000040
d5555117
d5555117
00550057
00000000
00aa00a8
2a2aa828
2aaaaa28
00000000
00000000

2a00aa00
2aaaaaa8
fffffbff
d5555117
d5555557
00000000
2aaaaaa8
2aaaa828
ffffff7f
d5555557
d5005500

00000000
2aaaaaa8
00000040
00000000
2a8aaaa8
00000000
d5545517
00810000
00000000
d5555557
00000000

01400140
d5555557
00000000
00000000
d5005780
00000000
2b40af00
00000000
00000000
282aa828
00000000

2b40ab40
d5555557
d5555517
ff15f917
00000200
00000000
01000440
ff2afd28
2aaaa828
282aa828
d5005500

01400140
ffffffff
ffffffbf
fffff9bf
00000280
014001c0
00400540
ff7ffd7f
ffffff7f
fd7ffd7f
00000000

01400100
ffffffbf
00000000
00ea00a8
2aaaaa28
00000000
d555d717
00550057
00000200
fd7ffd7f
00000000

2b48ab40
d5555517
00000000
00000000
d5005500
ff00ff00
2a00aa00
00000000
00000000
282aa828
d5005500

00000000
00000000
00000000
2a00a800
00000000
00000000
00000000
d5005500
00000000
00000000
00000000

00000040
2aaaa2a8
2aaaaea8
2aa2a8a8
00000000
00000000
00000000
d5555557
d555d757
d5555457
00000000

2b40ab40
fffff7ff
00000400
00a200a8
d5005100
ff00ff00
2a002800
00550057
00000200
fd7ffc7f
d5005500

00080000
00000000
00000000
00000000
00000400
00000000
00000000
00000000
00008000
00000000
00000000

22222220
00000000
00000000
00000000
00550017
00000000
00aa00a8
00000000
00000000
00000000
11111113

2aaaaaa8
2aaaaaa8
ffffffff
ffffffff
ffffffff
00000000
ffffffff
ffffffff
ffffffff
d5555557
d5555557

00000000
eaaaaaab
d5555517
d5555517
2aaaaae8
00000000
d5555557
2aaaaaa8
2aaaaaa8
d5555557
00000000

08888888
c0000003
d5555517
d5555517
d5005500
00000000
2a00aa00
2aaaaaa8
2aaaaaa8
00000000
c4444444

00000000
00000000
00000000
00000000
00000000
00000000
00000000
00000000
00000000
00000000
00000000

22222220
2aaaaaa8
2aaaaaa8
2aaaaaa8
2affaaff
00000000
d5ff55ff
d5555557
d5555557
d5555557
11111153

2aaaaaa8
eaaaaaab
d5555517
d5555517
ffffffff
00000000
ffffffff
2aaaaaa8
2aaaaaa8
d5555557
d5555557

00000080
00000000
d5555517
d5555517
00000000
00000000
00000000
2aaaaaa8
2aaaaaa8
00000000
00000000

08888808
00000000
00000000
00000000
d5205500
00000000
2a00aa00
00000000
00000000
00000000
c4444404

00000000
2aaaaaa8
2aaaaaa8
2aaaaa88
2aaaaaa8
00000000
d5555557
d5555557
d5555557
d5555557
00000000

22222220
eaaaaaab
00000000
00000000
00550057
00000000
00aa00a8
00000000
00000000
d5555557
11111113

2aaaaaa8
c0000003
00000000
00000000
d5555557
00000000
2aaaaaa8
00000000
00000000
00000000
d5555557

00000000
00000000
00000000
00000000
2a8aaa88
00000000
d5555557
00000000
00000000
00000000
00000000

08888888
2aaaaaa8
ffffffff
d5555557
d5005500
00000000
2a00aa00
2aaaaaa8
ffffffff
d5555557
c4444444

00000000
eaaaaaab
d5555557
2aaaaaa8
2aaaaaa8
00000000
d5555557
d5755557
2a8aaaa8
d5555557
00000000

22222220
00000000
00000000
00000000
00550057
00000000
00aa00a8
00000000
00000000
00000000
11111153

2aaaaaa8
c0200003
00000000
00000000
d5555557
00000000
2aaaaaa8
00000000
00000000
00000000
d5555557

00000080
eaaaaaab
ffffffff
d5555517
2aaaaaa8
00000000
d5555557
2aaaaaa8
ffffffff
d5555557
00000000

08888808
ea8aaaab
d5555517
00000000
d5205500
00000000
2a00aa00
08000000
22aaaaa8
d5555557
c4444404

00000000
c0000003
00000000
2aaaaaa8
2aaaaaa8
00000000
d5555557
d5555557
00000000
00000000
00000000

00000000
00000000
d5555517
d5155557
00550057
00000000
00aa00a8
2aaaaaa8
2aaaaaa8
00000000
00000000

2a00aa00
2aaaaaa8
ffffffbf
d5555557
d5555557
00000000
2aaaaaa8
2aaaaaa8
ffffffff
d5555557
d5005500

00000000
2aaaaaa8
00000000
00000000
2a8aaaa8
00000000
d5555557
00000000
00000000
d5555557
00000000

00000000
00000000
00000000
00400000
ffaaffa8
00000000
3f55ff54
00000000
00000000
00000000
00000000

2a00aa00
c0000003
d5555557
ff55ff17
2aaaaaa8
00000000
15555554
ffaaffa8
282aaaa8
00000000
d5005500

00000000
eaaaaaab
ffffffff
ffffffbf
2beaabe8
3ffffffc
17d557d4
ffffffff
ff7fffff
d5555557
00000000

00000000
eaaaaaab
00000000
00aa00a8
02800280
00000000
c1400143
00550057
00000000
d5555557
00000000

2a00aa00
c0000003
00000000
00000000
d7805780
ff00ff00
2b60ab40
00000000
02000000
00000000
d5005500

00000000
00200000
00000000
2a00aa00
02800280
00000000
01600140
d5005500
00000000
00000040
00000000

00000000
22aaaaa8
2aaaaaa8
2aaaaaa8
02800280
00000000
01400140
d5555557
d5755557
d5555557
00000000

2a00aa00
e28aaaab
00000000
00aa00a8
d5005500
ff00ff00
2a00aa00
00550057
00200000
d5555517
d5005500

00000000
00000000
00000000
00000000
00000000
00000000
00000000
00000000
00000000
00000000
00000000

00000000
15555554
00000000
00000000
00550057
00000000
00aa00a8
00000000
00000000
2aaaaaa8
00000000

3ffffffc
3ffffffc
ffffffff
ffffffff
ffffffff
00000000
ffffffff
ffffffff
ffffffff
ffffffff
ffffffff

22222220
eaaaaaab
d5555557
d5555557
2aaaaaa8
00000000
d5555557
2aaaaaa8
2aaaaaa8
d5555557
11111113

00000000
c0000003
d5555557
d5555557
d5005500
00000000
2a00aa00
2aaaaaa8
2aaaaaa8
00000000
00000000

08888888
15555554
00000000
00000000
00000000
00000000
00000000
00000000
00000000
2aaaaaa8
c4444444

15555554
3ffffffc
2aaaaaa8
2aaaaaa8
2affaaff
00000000
d5ff55ff
d5555557
d5555557
ffffffff
2aaaaaa8

2aaaaaa8
eaaaaaab
d5555557
d5555557
ffffffff
00000000
ffffffff
2aaaaaa8
2a2aaaa8
d5555557
d5555557

37777774
00000000
d5555557
d5555557
00000000
00000000
00000000
2aaaaaa8
2a2aaaa8
00000000
3bbbbbbb

15555554
15555554
00000000
00000000
d5005500
00000000
2a10aa00
00000000
00000000
2aaaaaa8
2aaaaaa8

08888888
ffffffff
2aaaaaa8
2aaaaaa8
2aaaaaa8
00000000
d5555557
d5555557
d5555557
ffffffff
c4444444

00000000
eaaaaaab
00000000
00000000
00550057
00000000
00aa00a8
00000000
00000000
d5555557
00000000

3ffffffc
00000000
00000000
00000000
d5555557
00000000
2aaaaaa8
00000000
00000000
00000000
ffffffff

37777774
15555554
00000000
00000000
2aaaaaa8
00000000
d5455557
00000000
00000000
00000000
3bbbbbbb

00000000
ffffffff
ffffffff
d5555557
d5005500
00000000
2a00aa00
2aaaaaa8
ffffffff
d5555557
00000000

08888888
2aaaaaa8
d5455557
2aaaaaa8
2aaaaaa8
00000000
d5555557
d5555557
2aaaaaa8
d5555557
c4444444

00000000
00000000
00000000
00100000
00550057
00000000
00aa00a8
00000000
00000000
00000000
00000000

2aaaaaa8
d5555557
00000000
00000000
d5555557
00000000
2aaaaaa8
00000000
00000000
00000000
d5555557

22222220
ffffffff
ffffffff
d5555557
2aaaaaa8
00000000
d5555557
2aaaaaa8
ffffffff
d5555557
11111113

00000000
eaaaaaab
d5555557
00000000
d5005500
00000000
2a00aa00
00000000
2aaaaaa8
d5555557
00000000

1ddddddc
00000000
00000000
2aaaaaa8
2aaaaaa8
00000000
d5555557
d5555557
00000000
2aaaaaa8
eeeeeeec

00000000
00000000
d5555557
d5555557
00550057
00000000
00aa00a8
2aaaaaa8
2aaaaaa8
00000000
00000000

2a00aa00
2aaaaaa8
ffffffff
d5d55557
d5555557
00000000
2aaaaaa8
2aaaaaa8
ffffffff
d5555557
d5005500

15555554
2aaaaaa8
00000000
00000000
2a2aaaa8
00000000
d5555557
00000000
00000000
d5555557
2aaaaaa8

15555554
c0000003
00000000
00000000
d5005500
00000000
2a00aa00
00000000
00000000
2aaaaaa8
2aaaaaa8

3f55ff54
c0000003
d5555557
ff55ff57
00000000
00000000
00000000
ffaaffa8
2aaaaaa8
00000000
ffaaffa8

00000000
ffffffff
ffffffff
ffffffff
15555554
00000000
00000000
ffffffff
ffffffff
ffffffff
00000000

15555554
eaaaaaab
00000000
00aa00a8
00000000
00000000
c0008003
00550057
00000000
ffffffff
2aaaaaa8

2a08aa00
c0000003
00000000
00000000
d5005500
ff00ff00
2a00aa00
00000000
00000000
00000000
d5005500

00000000
15555554
00000000
2a08aa00
00000000
00000000
00000000
d5005500
00000000
00100000
00000000

15555554
2aaaaaa8
2aaaaaa8
2aaaaaa8
02800280
00000000
00000000
d5555557
d555d557
d5555557
2aaaaaa8

3f55ff54
eaaaaaab
00000000
00a200a8
d7805780
ff00ff00
2a002a00
00550057
00000000
d5455557
ffaaffa8

155d5554
00000000
00000000
00000000
00000000
00000000
00000000
00000000
00008000
00000000
00000000

00000000
00000000
00000000
00000000
00550057
00000000
00aa00a8
00000000
00000000
00000000
00000000

2aaaaaa8
2aaaaaa8
ffffffff
ffffffff
ffffffff
00000000
ffffffff
ffffffff
ffffffff
d5555557
d5555557

22222220
eaaaaaab
d5555557
d5555557
2aaaaaa8
00000000
d5555557
2aaaaaa8
2aaaaaa8
d5555557
11111113

00000000
c0000003
d5555557
d5555557
d5005500
00000000
2a00aa00
2aaaaaa8
2aaaaaa8
00000000
00000000

08888888
00000000
00000000
00000000
00000000
00000000
00000000
00000000
00000000
00000000
c4444444

00000000
2aaaaaa8
2aaaaaa8
2aaaaaa8
2affaaff
00000000
d5ff55ff
d5555557
d5555557
d5555557
00000000

2aaaaaa8
eaaaaaab
d5555557
d5155557
ffffffff
00000000
ffffffff
2aaaaaa8
2aaaaaa8
d5555557
d5555557

22222220
00000000
d5555557
d5155557
00000000
00000000
00000000
2aaaaaa8
2aaaaaa8
00000000
11111113

00000000
00000000
00000000
00000000
d5005500
00000000
2a00aa00
00000000
00000000
00000000
00000000

08888888
eaaaaaab
2aaaaaa8
2aaaaaa8
2aaaaaa8
00000000
d5555557
d5555557
d5555557
d5555557
c4444444

00000000
eaaaaaab
00000000
00000000
00550057
00000000
00aa0028
00000000
00000000
d5555557
00000000

2aaaaaa8
00000000
00000000
00000000
d5555557
00000000
2aaaaaa8
00000000
00000000
00000000
d5555557

22222220
00000000
00000000
00000000
2aaaaaa8
00000000
d5555557
00000000
00000000
00000000
11111113

00000000
eaaaaaab
ffffffff
d5555557
d5005500
00000000
2a00aa00
2aaaaaa8
ffffffff
d5555557
00000000

08888888
2aaaaaa8
d1555547
2aaaaaa8
2aaaaaa8
00000000
d55555d7
d5555557
2aaaaaa8
d5555557
c4444444

00000000
00000000
04000000
00000010
00550057
00000000
00aa00a8
00000000
00000000
00000000
00000000

2aaaaaa8
c0000003
00000000
00000000
d5555557
00000000
2aaaaaa8
00000000
00000000
00000000
d5555557

22222220
eaaaaaab
ffffffff
d5555557
2aaaaaa8
00000000
d5555557
2aaaaaa8
ffffffff
d5555557
11111113

00000000
eaaaaaab
d5555557
00000000
d5005500
00000000
2a00aa00
00000000
2aaaaaa8
d5555557
00000000

08888888
00000000
00000000
2aaaaaa8
2aaaaaa8
00000000
d5555557
d5555557
00000000
00000000
c4444444

00000000
00000000
d5555557
d5555557
00550057
00000000
00aa00a8
2aaaaaa8
2aaaaaa8
00000000
00000000

2a00aa00
2aaaaaa8
ffffffff
d5555557
d5555557
00000000
2aaaaaa8
2aaaaaa8
ffffffff
d5555557
d5005500

00000000
2aaaaaa8
00000000
00000000
2aaaaaa8
00000000
d5555557
00000000
00000000
d5555557
00000000

00000000
c0000003
00000000
00000000
ffaaffa8
00000000
3f55ff54
00000000
00000000
00000000
00000000

2a00aa00
c0000003
d5555557
ff55ff57
2aaaaaa8
00000000
15555554
ffaaffa8
2aaaaaa8
04000000
d5005500

00000000
eaaaaaab
ffffffff
ffffffff
2beaabe8
3ffffffc
17d557d4
ffffffff
ffffffff
d5555557
00000000

00000000
eaaaaaab
00000000
00aa00a8
02800280
00000000
c1400143
00550057
00000000
d1555557
00000000

2a00aa00
c0000003
00000000
00000000
d7805780
ff00ff00
2b40ab40
00000000
00000000
00000000
d5005500

00000000
00000000
00000000
2a00aa00
02800280
00000000
01400140
d5005500
00000000
00000010
00000000

00000000
2aaaaaa8
2aaaaaa8
2aaaaaa8
02800280
00000000
01400140
d5555557
d5555557
d5555557
00000000

2a00aa00
eaaaaaab
00000000
00aa00a8
d5005500
ff00ff00
2a00aa00
00550057
00000000
d5555547
d5005500

00000000
00000000
00000000
00000000
00000000
00000000
00000000
00000000
00000000
00000000
00000000

22222820
00000000
00000000
00000000
00450457
00008600
00aa82a8
00000000
00000000
02000000
11111113

2aaaa8a8
2aaaaaa8
ffffffff
feeaaaff
ffefffff
00008600
ffffffff
fdd555ff
ffffffff
d5555757
d5555557

00000000
eaaaaaab
d4414057
d4404057
2aaaaaa8
00000000
d5455557
288a08a8
288200a8
d5555757
00000200

08888088
c0000003
d5555157
d5545157
d5005100
00000000
22002800
2aba2aa8
2aaa20a8
02000000
c4444244

00000000
00000000
01140000
01100000
00000000
00000000
08000000
02200000
02200000
02000000
00000400

20008020
2aaaaaa8
2aaabba8
2aaebba8
2afbaaff
00000000
d5f555ff
d5557757
d55d7557
d7555757
10000413

288a8aa8
eaaaaaab
d4400157
d4440057
dfffffff
022e3100
fffffeff
288021a8
288000a8
d5555757
d5414757

00020200
00000000
d5555557
f5555157
00000100
022e2100
00002000
2aaaa0a8
2aaa02a8
00000000
01000200

08800888
00000000
01100400
01100000
d5044400
00001000
220aca00
02080000
02200200
02000000
c4410144

00080000
2aaaaaa8
2aaaaaa8
2aaabba8
2aaabaa8
00000000
dd555557
d5555557
d5555557
d7555757
02004000

22222820
eaaaaaab
00054000
00010000
00450057
00000000
00aa00a8
00220000
000a0000
d7555757
13111313

2aaaa8a8
c0000003
00001000
00004000
d5455557
00004000
2aaaaaa8
00009000
00000000
02000000
d5555757

00000000
00000000
00050000
00000020
2aaaaa88
00000000
d5550557
00000000
000a0000
02000000
00000000

08888088
2aaaaaa8
ffffffff
d5551157
d5001500
00004000
2200aa00
2aaa20a8
ffffffff
d7555757
c4444044

00000000
eaaaaaab
d4400057
2bbaaaa8
2aaaeaa8
00000000
dd555557
d7755557
288000a8
d7555757
02000600

20008220
00000000
00000000
00001100
00410457
00000400
00aa00a8
00002000
00000000
00000000
10000213

28a0aaa8
c0000003
00054000
00000000
d5415557
00040700
2aaaaaa8
00000000
000a0000
00000000
d5555457

00200000
eaaaaaab
ffffffff
d55d5157
2aa2aba8
00040300
d5555757
2aaa20a8
ffffffff
d5555557
01141000

08800088
eaaaaaab
d4400057
01100000
d5005000
00000000
2200a800
02200000
288000a8
d5555557
c4400444

00002800
c0000003
00000000
2aaabba8
2aaaaaa8
00000000
dd555557
d5557557
00000000
00000000
00014000

08000000
00000000
d5515457
d5515557
00450057
00000000
08aa00a8
2aaa8aa8
2aa882a8
00000000
00000200

2a02aa00
2aaaaaa8
fffffeff
d7515557
d5455557
08000000
2aaaaaa8
2aaa8aa8
ffffffff
d5555557
d5005700

00020000
2aaaaaa8
00000000
00000000
2caaaaa8
00000000
d5555557
00000000
00000000
d5555557
00000300

00000000
00000000
00040000
00000000
fbaaffa8
00000000
3755ff54
00000000
00022800
00000000
00000600

2200aa00
c0000003
d5555457
ff57c757
2aaaaaa8
08000000
15555554
ffaaf6a8
2aa8a2a8
00000200
d5001000

00000000
eaaaaaab
fffffeff
ffffe7ff
2beaabe8
3ffffffc
17d557d4
fffffeff
fffdf7ff
d5555757
00004000

08000000
eaaaaaab
00000000
00a820a8
00800080
00011400
c0400043
00450057
00000000
d5555757
00000000

2a00aa00
c0000003
00000000
00000000
d5905580
ff11ff00
2a40aa40
00100800
00000000
00000200
d5005500

00000000
00000000
00000000
2a009600
00100080
20100100
00400040
d5205400
00000000
00000200
00000200

00000000
2aaaaaa8
2aaaaaa8
2aaff6a8
00800080
00000000
00400040
d575f557
d5555557
d5555757
00000200

2200aa00
eaaaaaab
00000000
00ae60a8
d5005500
df006a00
2200aa00
0045a157
00000000
d5555757
d5004700

00000000
00000000
00000000
00010000
00000000
00008000
08000000
00100000
00000000
00000200
00001200

22000020
00000000
00000000
00000000
00500057
00200000
00a220a8
00000000
00000000
00000000
11100013

3ff5fffc
2aafbfa8
ffffffff
dfffffff
fffaffff
002c0000
fdf7ffff
ffffffff
ffffffff
d55f7f57
fffbfeff

00200800
eaafbfab
d4410157
d4450457
0aaaaaa8
00080000
d5541557
288340a8
288a00a8
d55f7f57
00000000

08800088
c0000003
d5551157
d4551457
d5005500
00040000
28008a00
2aa2a8a8
2aaa2aa8
00000000
c4404444

0000a200
15555554
01140000
00100000
00000000
00000000
00000000
02200000
02200000
288000a8
00011000

35577774
2aaaaaa8
2aaabaa8
2aaabaa8
2afaaaff
00000000
d5f575ff
d555fd57
d5557f57
fdd555ff
3bbbbbbb

2a8aaaa8
eaaaaaab
d4400057
d6440057
fdfaffff
000e1d00
fcffefff
298010a8
288000a8
d5555557
d5555557

16400054
15555554
d5555557
d5551157
00001500
000e1d00
00000800
2aa2aaa8
2aaaa2a8
00000000
288000a8

1cc888dc
01155500
01104400
01100000
d5004000
00000000
281a8200
02200000
02208000
00000000
ecc400ec

00000000
ebbfffab
2aaaaba8
2aaabaa8
2aaaaaa8
00000000
d5555557
d5555f57
d5557757
ffffffff
00004400

20280020
eaaaaaab
00050000
00010100
10404057
00000000
00aa00a8
00000000
000a0000
d5555557
10040013

3ceaa2fc
00000000
00001000
00000000
d5545557
18140400
2aaaaaa8
0002a000
00000000
00000000
fdd561ff

15505254
14454554
00050100
00000000
2aaaaaa8
08040400
d5455557
00000000
000a0000
00000000
288beaa8

0882a088
ffffefff
ffffffff
d5451157
c5001100
00100000
22008a00
2aaa2aa8
ffffffff
ffffffff
c4400144

00001000
2bbaaaa8
d4400057
2baaaaa8
2abeaea8
10000000
dd557557
d7755557
288000a8
d5555557
011a8a00

21126220
00000000
00000000
00001000
00540057
00000000
00a220a8
00000a00
00002000
00000000
11111113

2b9aeaa8
d4451557
00050100
00000020
d5544557
00088500
2aa2aaa8
00000000
000a0000
00000000
d5555557

02000000
feefbfff
ffffffff
d5551157
2aaaaf88
00088500
d555d557
2aaa2aa8
ffffffff
d5555557
00000000

08888888
eaaaaaab
d4400057
01100000
d5004000
00000000
2a000a00
02200000
288000a8
d5555557
c4440044

15555554
00000000
00000000
2aaabaa8
2aaaaaa8
00000000
d5555557
d5557f57
00000000
00000000
2aaaeea8

00000000
14451554
d5555057
d5505457
00400057
00000000
002a20a8
2aa0a0a8
2aa2a8a8
288a8aa8
00000000

2a008a00
3eefbffc
fffffeff
d5505457
d5555557
00140500
2aaaaaa8
2aa2a8a8
fff7fdff
ffffdfff
d5015500

15555554
2aaaaaa8
00000400
00000000
2aabbaa8
00040400
d5d55557
00020800
00001000
d7754557
2aaaaaa8

15555554
c0000003
00000000
00000000
d722e800
00100100
2b14db00
00000000
00000000
00000000
2aabbaa8

2a000a00
d5506057
d5504457
ff50df57
0236af00
00000000
01115400
ffaafba8
2aa288a8
288a8aa8
ffaaafa8

00008000
ffffefff
fffaffff
fffbffff
16688054
033dc300
01115400
fffefbff
fff7fdff
ffffdfff
00004000

15555554
eaaf8fab
00001100
00ab20a8
00000000
00021800
c0000003
00540057
00002000
d7755557
2aaaeaa8

2a80aa00
c0000003
00000000
00000000
d5015500
df03db00
2a008a00
00000000
00000000
00000000
d5004540

00000000
14402054
00000000
2a80ae00
00010000
01010000
00000000
d5004940
00000000
2aaa0aa8
00000000

15d55554
3eefaffc
2aaaaaa8
2aabfea8
02800280
00000000
00000000
d577d957
d5555557
ffff5fff
2aaaaae8

3f55ff54
eaaf8fab
00000000
002a40a8
d5805580
de00c300
2a008a00
00758017
00000000
d5555557
ffaaafa8

14451554
00000000
00000000
00011000
00000000
00000000
00000000
00021000
00000000
00000000
2aaaaaa8

00000000
00000000
00000000
00000000
04554057
00000000
00a200a8
00000000
00000000
00208000
01208000

2aab2aa8
2aaaafa8
ffffffff
feeaaaff
ffffffff
04288000
ffffffff
fff5d5ff
ffffffff
d55dd557
d545f557

20073220
eaaaaeab
d4454057
d4400457
2aaaaea8
00088000
d5545557
288300a8
28820aa8
d55d5557
1003a913

02241000
c0004103
d5555557
d5515557
d1001100
00200000
2a002a00
2aa22aa8
2aa22aa8
00208000
00229800

08884c88
00014000
01101500
01111100
00000000
04000000
00088000
13202800
02202000
0020a000
c46cc444

00218400
2aabafa8
2aaaaaa8
28aaeaa8
2aeaeaff
00000000
d7f755ff
d5555757
d5555557
d57df557
0429a000

28a7b6a8
eaabaeab
d4404157
d4400057
fdfeffff
021c8800
eeff2fff
28885aa8
2800aaa8
d55df557
d57ffd57

00047620
00014100
d5555557
d5555557
04000000
000c0800
00080800
2aaaaaa8
2aaaaaa8
0000a000
002ac913

20820100
00041000
01101400
01101500
d0001500
02100000
28002200
02202000
02a00000
00228800
10309000

08110188
eabebfab
2aaaaaa8
2aaaaaa8
2bbeaaa8
00008000
d5555557
d5555557
d5555557
d57fdd57
c164a444

01151100
eabebeab
00050000
00050000
00404057
00000000
008800a8
00028000
000a0000
d57f5d57
0022ac00

2baebba8
00041100
00000000
00004000
d4545557
00361200
2aa8aaa8
00100000
00000000
00220800
d573dd57

22222720
00051000
00050000
00000000
2aaabaa8
00361200
d5455757
00000000
000a8000
00222800
11381013

00010500
eaafbfab
ffffffff
d5555557
d4040500
00000000
2a00a800
2aaaaaa8
ffffffff
d57ffd57
0029a100

088d9d88
2abfbea8
d4404057
2bbabfa8
2abaaaa8
00000000
d5755557
d7757557
28800aa8
d57ffd57
c46ae844

000c1500
00051100
00000000
02000000
c0500057
00000000
08a200a8
00000000
00000000
00022800
002a0800

2baaaaa8
c0000003
00050000
00000000
d5541557
c8ec0000
2aa2aaa8
00010000
000a8000
00000000
d1515557

21273220
eaaaaaab
ffffffff
d5555557
2caaaea8
00040000
d5545517
2aaaaae8
ffffffff
d5555557
10111913

00051400
eaaeabab
d4404057
01101500
10001100
00200000
2200aa00
02202000
28801ba8
d5554457
01022800

0a808c88
00040100
00000000
2aaaaaa8
2baeaaa8
c8c80000
d5555557
d5555557
00000000
00000000
c0426444

01000100
00010400
d5511057
d5501157
00504057
00008000
00a800a8
288220a8
2aaa80a8
00082000
01000000

2b05bb00
2aabaea8
ffffbfff
d5515157
d5544557
00068200
2aa82aa8
288220a8
fffff5ff
d55d7557
d5001d00

01051500
2aafafa8
00040500
00014000
2aaaaaa8
00060200
d5555757
00000000
00002100
d55d7457
00022800

01000500
c0050503
00000000
00000000
fc842fa8
00000000
3f516c54
00000000
00000000
00082000
00022000

2b002a00
c0001003
d5551057
fd501a57
29828aa8
00000000
15515554
fd8010a8
28a200a8
00020800
d4081500

01059000
eaaabaab
ffffbaff
fdff3aff
29c023e8
3ffce1fc
17d456d4
fdd758ff
fdf757ff
d5575d57
00080800

01059400
eaaebbab
00000000
00af20a8
00800080
00090800
c0400043
00574857
00000200
d5575d57
000a6800

2908ae00
c0041103
00000000
00000000
d5811580
ff0bdf00
2a40aa40
00000000
00000000
00020800
d40a6500

01000100
00011400
00000000
28000a00
00810080
10000000
00400040
d4004800
00000000
000a2800
00080000

01051100
2aabbea8
2aaaaaa8
2aa32aa8
00800080
00000000
00400040
d55df857
d5555557
d55f7d57
00080800

29053f00
eaafbfab
00000000
00a220a8
d6001700
ee025700
2a00ab00
005ca057
00000000
d55f7d57
d40a2d00

01080500
00051500
00000000
02010000
01000000
01008000
00000000
01011000
00000000
000a2800
000a2000

00004800
00004000
00000000
00000000
00450057
00000000
00aa00a8
00000000
00000000
02808000
02808000

2aaaeea8
2aaaeea8
ffffffff
eaaaebff
ffffffff
00088000
fffff7ff
d555d7ff
ffffffff
d7d55557
d7d55557

22224220
eaaaeaab
d4440157
d4402157
2aba8aa8
00000000
c5555557
288800a8
288a02a8
d7d55d57
13111913

00002000
c0004003
d5541557
d5541557
d5005500
00000000
2a00a200
3aaa2aa8
2aaa2aa8
02808000
02000000

0888c488
01000400
01101400
01101400
00000000
00088000
00000000
02202200
02202800
02800800
c4c4cc44

00004400
2baaeea8
2aaaaaa8
2aaea2a8
2affeeff
00000000
d5ff55ff
d5575d57
d5555557
d7d55557
10800000

2aaaeaa8
ebaaeaab
d4400157
d4400157
ffdff7ff
00004c00
ffffffff
288002a8
288022a8
d7d55d57
d5555d57

22220620
01000400
d5555557
d5755557
00000000
00000000
00000000
2aa8aaa8
2aaaa2a8
02800800
00045c13

01002400
00000400
01101400
01101400
d5009900
00004400
2900aa00
02202800
02200000
00000800
03d00800

0988c888
2aaaeaa8
2aaaaaa8
2aaaaaa8
2aaaaaa8
00000800
d7555557
d5555557
d5555557
d5555d57
c6810944

01084400
eaaaeeab
00054000
00050000
00540057
00000000
008a00a8
00088000
000a0000
d5555557
12100000

29aaeea8
c0000403
00000000
00004000
d5555557
00010a00
2a8aaaa8
00000000
00008000
00000800
d7559957

29002220
01004000
00054000
00000000
2aab62a8
00000a00
d4555f57
00000000
000a0000
00008000
01811113

01024000
2baaeaa8
fbffffff
d5555557
d5001500
00010000
2a00a000
2aaaaaa8
ffffffff
d5555d57
00c40800

01a0cc88
ebaaeeab
d1400157
2ababea8
2aaaaaa8
00000000
d5555557
d7757557
28808aa8
d5555557
c4000044

0108c000
01004000
00000000
00000000
04550057
00000000
00aa00a8
00000000
00000000
00008000
10008000

2aaae6a8
c0004403
00054000
00000000
d5555557
04480800
2aaaaaa8
00000000
000a8000
02808000
d7c5dd57

22206420
ebaaaaab
ffffffff
d5555557
2aaaaaa8
00000000
d5555557
2aaaaaa8
ffffffff
d7dd5557
03a19913

00020600
ebbeeeab
d4400157
01101400
d1005500
00000000
2a002a00
02202800
288002a8
d5dddd57
02644c00

08800488
c0140403
00000000
2aaaaaa8
2aaaaaa8
04480800
d555d557
d5555557
00000000
00800000
c6000844

00140400
00004400
c1404557
c1551057
00110057
00000000
00aa20a8
008220a8
028a8aa8
06808000
02800800

2a14aa00
2baaaaa8
ebeaffff
c1555557
d5555557
0404c800
2aaaaaa8
00aaa0a8
d7ffdfff
d7dd5557
d7a05500

00144800
2bbeeea8
00000000
00004400
2aaaaaa8
04040800
d5555d57
00208000
00200000
d1dddd57
02208400

00144400
00140400
00001000
00000100
f9aebfa8
0000c000
3e455754
00080000
00000000
00800000
02008800

2b00e200
c0004403
c0441157
e8411357
2ceaeaa8
00000000
1451d554
d4aa03a8
00aa22a8
02208000
d588d100

01004400
ebaaaaab
eaeeffff
e8ebdbff
29eaabe8
3fff33fc
16c157d4
d4ffefff
d5ffffff
d77d5557
00a88800

01000400
ebbeeeab
00004400
00aac0a8
00000280
02231000
c0000143
0055c857
00008000
d57ddd57
00680800

2b008a00
c0140403
00000000
00000800
d5005780
ef27bf00
2a00ab40
00002400
00000800
00200000
d54c5500

01140000
00004400
00000000
28000200
00000280
00000000
00000140
d4400100
00000000
02208000
008c0000

01140000
2baaaaa8
2aaaaaa8
28affaa8
00000280
00040000
00000140
d677e157
d5555557
d77d5557
00a80000

2b14ca00
ebbeeeab
00000000
00afb8a8
d5005500
ed008f00
2a00aa00
0235e057
00000000
d57ddd57
d528d500

01144000
00140400
00000000
00004000
00000000
00002000
00000000
00020000
00000000
00200000
00088000

00000a20
14550154
00000000
00000000
01100400
00000800
2000a800
00000000
00000000
0a0222a8
10010113

3ffd7ffc
3fffeffc
ffffffff
ffffffff
ffffffff
233cfc00
ffffffff
ffffffff
ffffffff
ff7777ff
ffefabff

20202000
eaaaeeab
c5400557
c5441557
2aeffaff
03080000
d5f755ff
02000aa8
02008aa8
f5555557
01000000

02880088
c1000003
c5544557
c5551557
00000000
00100000
02000000
0aa22aa8
0aa28aa8
00200000
c0440044

08000000
14414554
00100000
00100000
d4000100
2024f400
08080200
08202000
08200000
0a0222a8
04000000

1557f774
3fffeffc
2aaeeaa8
2aaba2a8
2bbaeea8
00000400
d5ff5557
d5d75557
d5d75557
ff7777ff
3abefbbb

0a8aaaa8
eabaaaab
c0400557
c0400557
fbfbf7ff
0fbce400
f5fff7ff
00008a28
008080a8
f5555557
d4555557

02880d54
01040000
c5515557
c5515557
00410057
00b4a000
000020a8
0a82aaa8
0aa2aaa8
00200000
000106a8

080005dc
00001154
00101000
00101000
00000000
0f084000
00000000
00002000
00202000
2880aaa8
c40002ec

00000000
eebebbff
2aabeaa8
2aaaeaa8
faaabba8
00000000
f555d757
d5575557
d5575557
fff5ffff
00400000

00280220
eabaaaab
04000000
04000000
04110000
00070000
02820000
0a000080
0a000000
d7555557
10010113

28a8a3fc
04040000
01000000
01010000
d4551557
0f974000
2aaaaaa8
00800000
00000a00
00200000
d55547ff

34157154
10011154
00000000
00000000
2aeeaaff
00800000
dd75d5ff
00000000
02000020
00000000
020ac2a8

04905088
feabbbff
ffffffff
c5515557
08000000
07104000
21080000
0aa2aaa8
ff7fffff
d77d5557
c15a8444

08048000
2aaaaaa8
c0400557
2fbabaa8
faaabfa8
08000000
d5557f57
d5757557
08008288
d77d5557
06040000

32010220
04000000
00000000
00014000
01010100
00000000
0a0a0000
00020000
00000800
00000000
01000513

37318aa8
c4555557
04000000
00080000
d5555557
0f811100
2aaaaaa8
00000000
0a000000
02000000
f1514557

00008000
ffffffff
feffffff
c5515557
22f6aaff
00001000
d4f555ff
0aa2aaa8
ff7fffff
d7555557
10510000

00200088
fbaaaaab
c0400557
00101000
04005000
0f800000
20000000
00202000
00008aa8
d5555557
c0004044

15555d54
00000000
00000000
2aabeaa8
faaaaea8
00010100
d555ff57
d5575557
00000000
2aaaaaa8
2aaaaaa8

0a00aa00
15555400
d4550557
d1514557
00100000
02044000
00020000
28828aa8
200aaaa8
04000000
d4001500

2aa0aaa8
3ffffea8
ffffafff
d5515557
d5555557
02145800
2aaaaaa8
2aa2aaa8
ff5fffff
d5555557
d5555557

15555554
2aaaaaa8
01000000
04000000
2aeeeaff
00101800
d7fd55ff
02002000
02000000
d1555557
2aaaaaa8

15f555fc
c0000003
00000000
00001000
21233000
00000000
35111c00
00200000
08000000
2aaaaaa8
2affaaff

35555554
c0000803
d0415557
f141ff5f
fc022500
00000000
1815b600
facbafff
2aa2aaa8
00000000
2baaeaa8

00000000
ffffffff
ffebffff
fb6bff5f
2a426554
372b2400
11150000
fbcfffff
fff7ffff
d55557ff
00000000

1f557f54
eaaaa2ab
04000000
0a2a0000
00000000
00000000
c0000003
00045000
00000000
d55557ff
ffaaffa8

2aa8aaa8
c0000003
01000000
00000000
d5415557
fff5ffff
2aa0aaa8
01000000
00000000
00000000
d5555557

00000000
15555574
00000000
2000aa08
00000000
00000000
00000000
d0410557
00000000
00000000
00000000

15f555fc
2aaaaaa8
2abeaaa8
2a22aa08
02c102d7
00f500ff
00a000a8
d1455557
d5555557
d5555557
2affaaff

35555554
eeaaba8b
00000000
0a220000
01004280
29004000
20000000
00045000
00000000
dd7d5557
2aaaaaa8

055cd554
04001000
00140000
00000000
d4001500
d600bf00
0a00aa00
01000000
00000000
08280000
00000000

31404e20
11404400
00000000
00000000
01004400
01000000
00008020
00000000
00000000
00028800
0103d913

2aceeaa8
2beaeea8
ffffffff
ebfeefff
ffefffff
2339dc00
ddd7ffff
f7d7dfff
ffffffff
d7775d57
dd03d957

07060000
ebbaeeab
c1404557
c1445557
2aefbaff
00081000
c5d75ddf
020802a8
222202a8
d5757557
180aa800

14000488
d1114403
c5514557
c5555557
00000000
02108000
00000000
1aaa22a8
22aa82a8
0202a000
c40aa844

19c9f400
14415000
04100000
04100000
d4000100
20214c00
08002200
08a00000
00880000
000a8800
02220800

12467220
3eeafaa8
2aabaaa8
2aabaaa8
2abeaaa8
00000000
dd5d5d77
d5577557
d555d557
d77f5d57
1a220913

2fae32a8
febafaab
c0404457
c0404d57
fafff3ff
0ffe8c00
ffffffff
000022a8
008000a8
d57f7557
df7e6d57

24011400
14115000
c5555557
c5515557
00010057
0be08400
00000088
0aa2a2a8
0aa282a8
020aa000
022a2800

19f84488
11440400
00100000
00100000
00400000
041e0800
02a00040
00000000
00200000
08028800
c1528044

10544000
fbeeaeab
2aabaaa8
2aaaaaa8
faaafba8
00000000
f557f757
d555d557
d555d557
ff775d57
2c06c400

15340220
fbbeaeab
01001000
05001000
00010000
00000000
0a202020
0aa20000
00020000
fd757557
281aa513

1430aea8
11140400
04040100
00010000
d4554557
0b23b000
2aaa22a8
00000000
0a000200
0a00a000
d05fe557

11505400
14441000
01040040
00000000
2afeaaff
0003a000
d5dd559f
00000000
00020000
08088800
02244000

1054f088
feeebaab
fbffffff
c5554557
04000000
0b200000
20060000
0aa282a8
f57fffff
df7f5d57
ca220044

15141800
3ebebaa8
c0404517
2abaaaa8
faaaefa8
00001000
d5555757
d5755557
000002a8
dd7f7557
3a6b2000

041ab620
14141000
00000000
00010000
04001000
00000000
00200020
00008000
00000000
0a08a000
12282113

2beeeea8
c1444403
01000000
00000000
d4555557
0540b300
2aaaaaa8
00000000
00020000
00088800
d55ccd57

21640400
ebeeeaab
fbffffff
c5514557
2affabff
01403100
d5dbf7df
0aa282a8
f57fffff
d57ddd57
0b10a800

08c41888
eefaeaab
c0404557
00100000
00000000
04000200
20000000
00200000
000002a8
d77d5d57
c844ec44

02445000
04504400
00000000
2aabaaa8
faaaeea8
00008000
df555d57
d555d557
00000000
02080800
06088800

0f00ee00
01041400
d0414157
d0455157
01000000
00000020
00228020
0aa002a8
200882a8
00088000
d528dd00

2faaae88
2baebaa8
fefbebff
d0555157
d5555557
09039120
2aaaaaa8
0aa002a8
fdddffff
d57dd557
df75fd57

04001000
2ebabaa8
00100000
00100000
2afeabff
08019100
d5dd55df
00000000
08802000
d77d5557
0820a800

04aa5088
c4101403
04000000
00000000
02019aa8
00000000
39551554
00000000
00000800
02080000
027d8857

21544400
c1444403
d4515157
d15357df
d6a0cea8
01020000
17157f54
d3c067bf
02820aa8
0800a800
00080000

01540400
ebeeeaab
fefffbff
db5fd7ff
01c0abe8
3afb63fc
17c547d4
d7f567bf
d7f75fff
dd75fd57
0a002000

0a54ba00
eefaeaab
00040000
0a048020
00000280
00000000
c0000143
04350000
00200000
df757d57
dd007500

2adefa88
c4504403
00000000
00080000
d55557d7
efdfffdf
2a8aabe8
00000000
00000000
0a002800
d75d5557

05104400
01041400
00000000
00020288
00000280
00000000
00000140
d1404517
00000000
0800a000
00280000

05920488
2baebaa8
2aaaaaa8
0a2a82a8
005502d7
00df00df
008a01e8
d5554517
d5555557
dd75f557
0a752057

24101000
eebabaab
00000000
0a208020
02800000
20000000
21400000
04150000
00000000
df757557
08202000

04185000
04101400
00000000
00080000
d5005500
cf00ff00
0a00aa00
00000000
00000000
0a002000
02280000

00001000
04000000
00000000
00000000
01100000
08042000
02008000
00000000
00000000
02000000
02100000

26affaa8
2fabaaa8
ffffffff
faabaaab
fbffffff
0f0fa000
f7ffffff
f55d5557
ffffffff
d7555557
d7d45557

242fc220
efafaaab
d0000403
d0004403
2aeeaaff
010a0000
95f175ff
22040800
22022800
d755d557
18842113

02002000
c4040003
d4011403
d4115403
80000000
06018000
000a0000
62222800
22222800
02008000
0d402000

00801888
04005000
04010000
04010000
50015500
00000000
20000a00
00000000
00000000
0a082000
c2005444

0605f000
2fabeaa8
2aaabaa8
2ababaa8
2bbebea8
04000400
d57f7557
d5777557
d5755557
df5f5557
02870000

2e87eaa8
efafeaab
d0001403
d4000403
ffffbfff
0f6ff400
ffff7fff
28000800
20000000
df5fd557
d9972157

28000220
04045000
d5151403
d5110403
04400057
02614000
088000a8
2a2a8800
2a0a2800
0a08a000
19102113

01001000
00000000
00010000
00000000
80010000
090c3000
02000000
00020000
00000000
00800000
02088000

05875888
2babbaa8
2abaaaa8
2abaaaa8
7aaaaba8
00028000
f5555f57
d5555557
d5557557
d5d57557
c2888044

0d074000
ebafbaab
04000000
00000000
11110000
00000000
00000800
02288000
0a0a0000
d5d7f557
099aa000

2baa0aa8
c0040003
01040000
01010000
d5555157
13d9cc00
28a2aaa8
00000000
00000800
00808000
dd5df557

23201220
00005000
04000000
00040000
2aaeeaff
00d08400
d577d5ff
00080000
0a020000
08882000
16088113

050d5000
2babfaa8
feffffff
d5151403
80400000
03000000
00800000
2a2a2800
ffffffff
dddd7557
02c8c000

05854888
ebaffaab
d0000403
2aabaaa8
6eaabba8
10094800
fd557757
d5555557
20000800
dddff557
c88fb444

01080000
00045000
00000000
00101000
05100002
00008202
08800200
00202000
00000000
0888a000
0c18a000

28adbaa8
c0011003
04000000
00040000
d5555557
0d82b202
2aaa2aa8
000c0000
0a020000
020a2000
d6597557

24841020
ebaefaab
ffffffff
d5151403
2aefaafd
00821000
d57b75ff
2a2a2800
ffffffff
d75f7557
12096113

0424a808
efaeeaab
d0000403
01010000
80001000
0d000000
00000000
00000000
20000800
d75f5557
02088000

08010280
c4010003
00000000
2ababaa8
7aaaefa8
00002000
f7555d57
d5757557
00000000
020a0000
c2409444

2b05aa00
00010000
d0500557
d0540557
00100000
00000000
00002000
208a2aa8
22a2aaa8
028a8000
5d085500

2faabaa8
2baefaa8
fefaffff
d5555557
d5555557
00102200
2aaaa8a8
2aaaaaa8
ffffffff
d7dff557
dd517557

05000000
2faeeaa8
00004000
00011000
2aefaaff
00100200
d5ff55ff
0a008000
00080000
d7dfd557
08008000

01ab10a8
04011000
04001000
05004000
a8a22aa8
00002000
15554554
00200000
08000000
028aa000
0851a057

00055000
c0011003
d1545557
f4575fff
77a8dfa8
00000000
3f51dd54
f8eb0fff
28a20aa8
080a2000
828a2000

04054000
ebabeaab
fbfeffff
f7777fff
23ea2be8
32fe9ffc
12d557d4
fcff5fff
fff75fff
dd575557
028a0000

2e04fa00
efaafaab
00000000
03202000
00000000
00480000
c0000003
04145000
02000000
dd577757
578af700

2aaaeaa8
c4000003
00000000
00000000
d5455557
b7efffff
2aaaaaa8
00000000
00000000
080a0200
d7c7d757

01054000
00010000
00000000
20420aa8
00000000
00000000
00000000
d0410557
00000000
08888080
08880080

052b40a8
2babeaa8
2aaaaba8
22622aa8
00450057
002700ff
00aa00a8
dcd5d557
d5557557
dcd5d5d7
08c500d7

05005000
efaafaab
00000100
02202000
80000180
04800000
00000040
0490d000
00002000
dcd5f7d7
8880a280

01805000
04001000
00000000
00000000
55005400
b300ff00
2a00aa00
08040000
00000000
0888a280
0880a280

0820a000
00000000
00000000
00000000
00001000
08022008
0200a008
00000000
00000000
00000000
00000000

3dfdfffc
2efaaaa8
ffffffff
ffffffff
ffffffff
0ba2f008
ffffffff
ffffffff
ffffffff
dd555557
ffbfffbf

20000220
eefaaaab
d4040403
d0054403
2bfb2aff
00805000
dd7355f7
22002800
2a002800
dd555557
10010003

00000080
c0000003
d4151403
d415d403
00044000
01008000
00880000
2a26a800
2a022800
00000000
05145110

00880808
15555554
00010000
00000000
d4000500
02200000
20000a00
08020000
00020000
20080000
c0000404

155f5554
2aaaaaa8
2ababaa8
2ebabaa8
2aeafae8
00000000
d55d5557
d575d557
d5555557
f55d5557
2baabaa8

2a8a2aa8
eaaaaaab
d0040403
d0408403
fffb7fff
0f4ed040
f7ff7fff
20002800
20002000
d5555557
d5515557

32040220
15555554
d5151403
d5451443
04110017
03400040
00a200a8
2a2a2800
2a2a2800
00000000
34112113

18042080
05555554
00000000
01001000
00000000
0c0c5000
02000000
02000000
00020000
00000000
20002400

00800808
efffffff
2ababaa8
2aaaaaa8
fbaaafa8
00028000
f5557f57
d5555557
d5755557
ffffffff
c0404044

00800008
eaaaaaab
05010000
04010040
10000000
00200000
02000000
08280000
02080000
d5555557
00000000

3bacbfa8
00000000
00000000
00040000
d5551557
13264000
2aaaaaa8
00020000
08000800
00000000
f15dad57

3925ff04
14500454
01010000
00000000
2affaaff
01000000
d5ff55ff
00000000
020a0000
00000000
3bb8a9b3

00000024
feffbfff
ffffffff
d1151403
09020000
00000000
04000000
222a2800
ffffffff
ffffffff
00410400

02084080
2aaeaba8
d0040403
2aaaaaa8
eeaabfa8
12064000
fd55ff57
d5555557
20002800
d5555557
caa400e4

02010000
00011000
00000000
00101000
01510040
00054080
00008080
00200000
00000000
0a008000
00044000

27d3abfc
d0000157
05010000
00000000
d5550557
055574c0
2aaaaaa8
00000000
02080000
0a008000
def7d7ff

20020220
ffabbbff
ffffffff
d5151403
22acaabf
04102440
d1fb557f
2a2e2800
f7ffffff
d5555557
10111113

00008080
efabaaab
d0040403
00000000
04000400
01400000
02002000
00020000
20002800
df55d557
00000400

15d57d5c
00001000
00000000
2ababaa8
faaaaba8
00001000
fd555f57
d5755557
00000000
0a008000
eeeaaaec

2a002a00
10001154
d0554557
d4151557
40010000
40040000
02002000
2aa22aa8
20a22aa8
28a028a8
d5005500

2aaa2aa8
3fafbbfc
ffffefff
d415d557
d5555557
4a37a300
22a8a8a8
2aaaaaa8
fdf7ffff
fff7ffff
d5515557

15555554
2fafaaa8
01000000
00004000
2aee2aff
00328200
d5ddd5ff
00088000
08000000
d757d757
2aaaaaa8

15ff55fc
c0000003
04000000
00000000
0abaa3a8
08000100
00214154
00000000
00008000
00000000
2afaaaff

00000000
d0540157
d0011557
f3853fff
9daaf6a8
02012000
21050954
f4abafbf
20a22aa8
28aa28a8
2aaaaaa8

00000000
fefffbff
fbafbfff
ffa7ffff
18a616a8
05ff23fc
05154154
fcbfafbf
f5ff7fff
ffffffff
00010000

3f557f54
eeabeaab
00040000
08224000
00000000
00000800
c0000003
00140000
00080000
d755d757
ffaaffa8

2aaa2aa8
c0001003
01000000
04008000
d5555557
ffb7ffff
2aaaaaa8
08000000
00000000
00000000
d5555557

00000000
10550554
00100000
22c02aa8
00100000
00008000
00000000
d4150d17
00000000
28a808a8
00100000

15ff55fc
3efffffc
2fbaaaa8
2ae2aaa8
03c502d7
00b700ff
008a00a8
d41d0d17
d5755557
fdff7fff
2aefaaff

15555554
eeaaeaab
05000000
08220000
00000000
04000000
00000000
00000000
00200000
d5555757
2aaaaaa8

15545554
00001000
00000000
00008000
d4005500
fb007700
2a20aa00
00080000
00000000
00022000
2aaaaaa8

27067a20
01005000
00000000
00000400
00000000
00000000
00080020
00000000
00000000
0002a000
101a8013

2fa6faa8
2eaabaa8
ffffffff
fbaffaab
fffbffff
000c00c0
fffff77f
f757f557
ffffffff
d557f557
d75fc557

00d00000
effabaab
d0505513
d0445513
2afbeaff
00000000
d5f7555f
2028aa20
2820aa00
d557f557
0000e000

08519088
c0505003
d0555557
d1455557
00001000
00080080
00000000
2aaaaaa8
2aaaaaa8
0002a000
c7478544

05254000
01015000
00050044
01010004
d5000500
00040040
2a00a200
02020088
02820008
0222a000
08222000

27027220
2eaabaa8
2aaaaaa8
2aaaa2e8
2aafaaac
00000000
d5555577
d9d55557
d55d55f7
d777f557
1b2f1143

2afa2aa8
effabaab
d0001103
d0005503
fffff7ff
000d840c
fbffffff
28008a80
28802200
d777f557
dd7f7153

00d50000
00515000
d1555557
d1155517
00500453
000c8408
00a20088
2aaaaaa8
2a8aaa28
0222a000
0a622000

0d085888
01004000
00014004
00000004
00000000
00010000
00008400
020a0008
02020008
080a0000
c402c000

05205000
eeaaabab
2baaaaa8
2baaaaa8
ffaafba8
00000004
ff5d7f57
d5555557
d5555557
dd5f5557
02128010

227e2220
effaaaab
00500050
00010010
00004040
00100000
00028020
04002020
00000020
dd5f5557
1018e113

2afebaa0
00504100
00040400
00140000
d5545557
031fc0c0
2aa2aaa8
00a00000
00088800
080a0000
d758c557

05004000
01004040
00500040
00000000
2afaaabf
03040000
d1f551df
00000000
00280020
0a280000
0c282000

0d84d880
eeaaabeb
fffbfbff
d5555557
01028000
000a0040
06000010
2aaaaa28
ffff7fff
df7f5557
ca620444

00540000
2ffaaae8
d4005103
2aabaaac
feaebfa8
0001c080
fd557f57
d755555f
28002200
df7f5557
09222000

22702080
00504140
00000000
01000010
00000000
00040000
00000020
00000000
00820800
0a280000
1a382013

2baefaa0
c1004403
00500050
00000000
d1515557
000c0c80
2aaaaa28
00000000
002800a0
0008a000
d555d557

01101000
ebeefeab
fbfbffff
d5555557
2af92aff
00000c00
d1f75d4f
2aaaaaa8
ffffffff
d755d557
08098000

0d9f8a24
eaaafeaf
d0005503
00010004
00000400
00000080
00080000
02020008
2800aa00
d55dd55f
cc66644c

05004004
00444404
00000000
2baaaaa8
fbaafba8
00080000
ff55f757
d5555557
00800000
0200a008
01283108

2a00ea10
01145c10
d5541403
d0410443
00000040
00000000
00000000
22002828
20282808
08080820
d500e120

2abaaa98
2bfeeeb8
fffffeab
d1411443
d5455557
0c903040
2aaa8aa8
22882a28
f57d7d5f
db5d7d77
dd55e177

04151010
2abbe2b8
00010000
00000000
2aebaabf
0c801000
d5fd557f
00880200
00000000
d9577577
082a0020

04af5098
c0515413
00004000
01001000
262c9aa8
00100040
1d154480
00000000
00000000
0a020820
007f0077

01454000
c5010403
d1410443
fbc19e1f
fb0acfa8
00002000
3346df40
f1c2593f
200028a8
002aa000
0202a000

01500000
efefbfab
ffeffeeb
fbeddeff
2b682be8
35b2febc
12c51784
f5fa59ff
f57f7dff
d777d557
0a08a000

2f543a04
eeabbeaf
04041000
002400a0
00004400
00000100
c0000803
043800c0
00080000
d57fd55f
df200508

2febfa8c
c4450507
00004000
00084040
d5505557
ffffffdf
2aaaaa88
00000000
00220000
0222a008
d77f555f

00455000
051110c0
00004000
2a808b08
00000000
04000000
00000000
d1404517
00000000
08220000
020a8000

00ff1088
2ffbabe8
2aafeaa8
2aa88ba8
00500057
00ff00df
00a801c8
d5504557
d7575557
df777557
0a5f9057

04500000
eebeae6b
00000000
002000a0
02000080
02000000
01020040
04100040
02020000
dd7d7d57
0a202000

0440c000
04541140
00050000
00080000
d5001100
f900fe00
2a00a200
00000000
00000000
0a280000
02206000

22220620
00000400
00000000
00200010
00000000
00000000
00000000
00000000
00000000
00080820
10000943

2bbf8ea8
2aaaaea8
ffffffff
fe2afeab
ffefffff
00000030
ffffffff
fd455557
ffffffff
d5d55d57
d54e5d57

01190410
ebaaaeab
d0555553
d5505550
2a4faaaf
00000020
d5ef55df
20000800
20a0a880
d5d55d57
02a20820

08800c98
c1000403
d5555557
d5555557
00000050
00000010
00000020
2a8a28a8
28aaa8a8
00080820
c2e41c24

00048010
00010000
01000004
00050006
d5005500
00000000
2a00aa00
024a2088
080a0028
022a0020
05084030

21373210
2aabbaa8
2eaaaaa8
2aaaaaa9
2abbbaa8
00000000
d55d5577
ddd55577
d5555557
d7f775d7
100a30b3

29b3baa8
ebabbaab
d0005503
d0114503
ffffffbf
020b9060
ffbfefff
2a000a00
08000800
d7f775d7
d6e77597

00048020
01010000
d1555557
d1555557
00440017
020a8000
02a00088
2aaa3aa8
2a8a28a8
022a0020
02a90004

08800858
00100040
01010004
01001004
01000000
00011060
0001b040
00022008
02022008
000a2020
c4446420

011410d0
2abebae8
2aaaaaa8
2aaaaae8
feaaefa8
00000000
fd575f57
d5555557
d5555557
d5df5557
00080120

21311240
ebbebaeb
00540050
00840010
00004000
00000000
00080800
002800a0
200000a0
d5df7557
13b23103

2aa92ac8
c1100043
00000000
00400000
d5544557
020be800
2aaa0aa8
00800000
00880000
000a0020
d7f75557

00040c00
00100400
00540010
00000000
2a7aaaef
02020000
d5f645bf
00000000
00000080
022a0820
00080c40

0b9c1408
2abebea8
ffffbfff
d5555557
00040030
00090000
02014040
2aaa28a8
ff57ffff
d7ff7dd7
c0096894

01113490
ebbebeab
d0010543
2baaaaac
ffaaafa8
0000e800
f9554757
d757757f
28000800
d7ff7dd7
06e628a0

20050610
01100400
04001000
00000000
00110000
00000020
00000000
00000000
00000000
022a0820
13bf0923

2aafeab8
c0050423
00540050
00000000
d5555557
0903d060
2aaa2aa8
00000000
000000a0
000a0ac0
d55fc567

08874090
ebafaabb
fbffefff
d5555557
2aeaaa9f
09021000
d1fc059f
2aaa28a8
ff57ffff
d55fd777
022a80a0

0100a808
ebaaaadb
d0004503
01010004
00041060
00014040
00002040
02022008
28000800
d7757537
c22006c4

032c0020
c0040443
00000000
2aaaaaa8
ffaaefa8
00008000
ff575f77
d5555557
00000000
02282880
04484200

2a00fa10
00105030
d1404517
d0514557
00000000
00000000
00820020
28808a08
280a0828
00800ae0
d500e120

2aaffab8
2bbffaa8
ffeeffff
d0515557
d5455557
00aa01a0
2aa2aa28
2aa2aa88
ffdfdf7f
d5dfdd57
d76ff7f7

01001000
2bbabe88
00041040
00000000
2aefabdf
00200100
d555551f
00202080
02000000
d7f57797
02202000

01ab10a8
00111410
04000000
00001000
28a2aa08
008200a0
14610514
02020000
00808200
02a22020
004722d7

00154050
c0050053
d4514517
d0410d8f
fd88fe28
00080000
3f55ff14
f8e8cf1f
2a808aa0
000a02a0
008a8020

00144050
ebaeaeeb
fefbffbf
d2714dbf
2bc0ab68
3fefcf1c
16d447d4
fcf9ff5f
fff5ffff
d55ddd57
02a896a0

2b118a00
ebabaeeb
00000000
02000030
00008080
08010100
c0010063
04011040
00000000
d7775fd7
d7a25500

2b1eaaa8
c0040053
00001000
00304000
d555d557
fbedffff
2aabaaa8
00102000
00202008
02280020
d58d57d7

00105050
00105040
00000000
00000988
00100080
02000000
00000040
d0004517
00000000
04800800
0080a2a0

001e50f8
2bbefaf8
2baaaaa8
06a119a8
00450057
00ec00ff
00aa0088
d6535557
d5555557
d5ddddf7
02ada277

01113000
ebbbbebb
01000000
02a11020
00000000
01004000
00000000
04111040
00000000
d3f757f7
02a22000

01111000
00111400
00000000
04000000
d5005500
f000be00
2a00aa00
02420000
00000000
02a20200
00822080

00002020
14404544
00000000
00000000
00110000
00002000
00000000
00000000
00000000
28008a08
00100000

3ffffffc
3feffffc
ffffffff
ffffffff
ffffffff
023b3224
ffffddff
ffffffff
ffffffff
fdfdffdf
ffffffaf

22000280
eaafaabb
d4144113
d5005152
2aeabaff
021a0004
d5ff55ff
2a200820
28000800
d5f555d7
10055123

00228000
c1001003
d4155117
d5015157
00040000
00200220
00000000
2aa88a28
2a2a8a88
00082000
00400400

08880808
14411144
00001004
00000004
d5004500
00011000
2a008800
04008208
02000288
28000208
c5000004

15755554
3febffec
2aabaaa8
2a2baaa9
2aaaaaa8
00000000
d55d55d7
d5dd5557
d57fd557
fdfdd7df
2aaaba8c

28a28a08
eaaaeeab
d4000103
d0404443
ff7fafff
02cef1b0
fbffdfff
28008a00
28888800
d5f5d5d7
d5051457

34020640
01000000
d5555557
d5455557
00510007
02060130
00a00008
2aa2aaa8
2a8aaaa8
00080000
38000883

14800040
14041514
01001004
05001114
00000150
00c8d080
02028420
02000008
02000208
280a0a08
290500d0

08008808
ffafffbf
2aabaaa8
2aabaaa8
ffaeaea8
00002000
fd555f57
d1755557
d5575557
fdffdfdf
c4000400

02000400
eaaaeaab
00400010
00000000
00104000
00000000
00000000
008020a0
00002080
d5f5d5d7
00010800

3ef8cfa8
01010000
00144440
00040000
d1155557
00414000
2a2aaaa8
00020000
00000020
00000000
ff51cf57

355dd754
14040414
00400000
00100000
2aafaaff
00010000
d17f51ff
00000000
00a00020
00000000
3a02ab03

01250820
ffafbfff
fbfbffff
d5555557
02000080
00000000
04000050
28a28a28
ffffffff
d7755557
00506000

088000dc
2aaaaae8
d0004143
2baabaac
fbaabfa8
00404000
ff55bf57
d555575f
28008800
d7755557
c5020454

000a1200
01011100
00000400
00010010
00500100
00000100
00288080
00020000
00000000
00000000
00040000

2b7a3afc
d4055447
00400050
00104000
d5555557
04ed83f0
2a2aaaa8
00000000
00a000a0
022a0400
d7ff75ff

20000400
feffffef
fffbfbff
d5555557
28aaaa3f
04800240
d157172f
2aa28aa8
ffffffff
d77f5557
11101943

00002080
eafaaaab
d4000103
01001004
040000c0
006d00b0
00000040
02000208
28008800
d5555157
00000010

1f755d7c
00000100
00000000
2aabaaa8
fbaffea8
00008000
ff557d57
d5575557
00000000
2aaaaaa8
eeebeeac

2a008200
01555544
d4054107
d4555147
00100400
00000000
00000000
2802a208
28aaa008
00000040
d5005920

2aaaa2a8
2bfffffc
ffffefef
d4555147
d1155557
00404440
2a2aaaa8
2822a288
fffff7ff
d5555557
d5555557

15555554
2aaaaaa8
01500440
00000000
2aafea7f
00004000
d57f55bf
00200080
02000020
d5555517
2abaa288

15ff55fc
c0000013
00000000
00000000
022a2008
00000400
01151014
00000000
00000280
2aaaaaa8
2aafaaff

15555554
c0000003
d5055507
fc27d11f
d18a3908
00400040
2b15be14
fe27e33f
28028288
00000000
2aaaaaa8

00002010
ffffffff
ffffffef
ffa7d3ff
16086528
00e730bc
00451044
ff3ff7ff
fdfff7df
fd555d77
00400400

3f557f54
eaaaaaab
00000000
020002c0
04000000
08056000
c800a003
011814c0
00280000
fd555557
ffaaafa8

2a8aaaa8
c0000003
00500040
01800020
d541d557
ffe7ffff
2aabaaa8
00000000
00802000
00000000
d5455557

00000000
15555554
00000000
2802c808
00008000
04c00000
00010200
d4054117
00008200
00000820
00000000

155d55ec
2aaaaaa8
2aaeaeaa
2ac7cae8
02c102d5
002200ff
00aa00a8
dd1d5577
d555f757
d5555157
2aefaaff

1557d544
ebfaaaab
00040402
024002c0
00000402
00000000
00000000
01101460
00000000
d7f551d7
2aaafaa8

15d54554
01500000
00000000
00850020
d1005100
f3009f00
22000800
08080000
00002000
02a00080
00000000

00944030
00040140
00000000
00004000
00041000
01300000
000a2000
00000020
00000000
00280020
01088160

2aaeaab8
2aebaaf8
ffffefff
feafbbeb
feefffff
03bf3100
ffffffff
fd5ff557
ffffffff
d55d5557
d5091577

230c0200
eabbbbbb
d4100103
d0010153
2aeaabaf
02010100
d5555ddf
28228280
20208220
d5575557
10080003

01366040
c0545003
d5511107
d5410157
00000050
008a2000
00a00020
2aa2a2a8
2a22a2a8
00220020
00099410

0854d898
00040150
01000004
04400004
d4014400
00041000
2a008200
42102428
0a002088
00282000
c422a024

00441810
2aebaaa8
2aebbaa8
2baaaaa8
2aabeaa8
00000000
d5555557
d5d55557
d5575557
d55d7577
00322030

29eebaa8
eabbbaab
d4400103
d1000503
ffffefff
037d66c8
bfefcbff
28008a00
28a08200
d5577577
d4777557

21547240
00545150
d5515557
d5510557
00040457
035c0488
00aa0228
2aa2baa8
2aaaa228
00222000
1023b103

009140b0
01040140
01000004
04100004
01400000
00216200
02000080
02802008
02002008
02288020
020880e0

082b8018
ebebaabb
2aabeaa8
2aaaaaa8
febaaba8
00000040
fd559d57
d5455557
d5555557
d75d5557
c64c44a4

03212000
ebbbaabb
00100050
00410050
00000004
00000000
00000000
002200a0
00020020
d7575557
02080000

2bb3e860
01544140
00001400
00000000
d5555157
088b00c4
2a2aaaa8
00000000
00080000
02228020
d65cc547

2053d030
01040010
00500040
00000000
2affaabb
00000040
d5671dff
00000000
08800020
0228a000
1226e1a3

00411010
ebebabab
fbffafff
d5515157
0a0000c0
00000000
0408d010
28a082a8
ffffffff
d75d7577
026224a0

09c11800
2bbbaae8
d0000103
2baaaabc
ffaadba8
088b0084
ff557757
d555555f
20008280
d7577577
c6322044

015b5040
01544150
00000000
00010000
04000000
04000000
00000020
00000000
00200000
0222a000
0227b000

2a8e9aa8
c0145003
00500050
00004000
d5555547
0494e0f0
2aaaaaa8
00000000
008200a0
0408a010
d55d7117

20051a14
eaaafbbf
ffffffff
d5514157
20ebca2f
00900080
d1f7a54f
2aa2a2a8
ffffdfff
d55db5df
1218211b

00859094
eaeaaaff
d4000103
01000004
001200c0
00048040
00080080
02008008
28000200
d17d356f
01022028

0a041078
00541150
00000000
2aabaaa8
fbaebfa8
00006030
ff555f57
95555557
00200000
00282080
c6426004

2a00ba00
01141000
d4441143
d5145513
04010000
00000000
00008000
288a8aa8
2a008228
020aa000
d5286500

2a8baab8
2baaabf8
fefffbfb
d5155513
d5555557
0c8184c0
2a2aaaa8
288a8aa8
fffff77f
d75fd5d7
d77d5557

00011010
2beaabf8
00004000
00010000
2afcaa3f
00000000
957f55ff
00000000
002a2000
d77fd577
00220020

008a10f8
c1541013
00110010
00000000
28028e68
00010040
15055550
00000000
00800000
022aa080
02372057

01541010
c0155013
d4055513
f615d72f
fb885b28
0c808480
3e507f50
fcae9b2f
680aa228
0000a0a0
000820a0

01551004
eaab3bef
ffeffffb
ff1ff7af
29ea8be8
3c6fefbc
16c55690
feafdf6f
fdffff7f
d55575ff
024830a8

2b55ba04
eaeb6bef
01400000
000a2080
00058080
00000100
c8010083
00014440
00800000
9575f5df
d4022508

2bfebae8
c0551003
00000040
09000000
d55595d7
fbffffff
2a8baaa8
02000000
00200800
002020a0
d7577577

01700010
01152150
00000000
22208328
40000080
00100000
00022000
d4041107
00020000
020280a0
002800a0

01d900a8
2bab2ae8
2aaeeaa8
2e2aa3a8
00500057
00ef80ff
00880020
dc055547
d577755f
d757d5f7
037900f7

01531000
ebeb0bab
00000000
040a2080
00000080
00000000
00000148
08014440
00200008
d777d5d7
00261000

01500040
01550000
00044000
08000000
95001500
fb007e00
22008a00
00000000
00002000
022280a0
02224020

20026f00
01004500
00000010
00000000
01551057
00000000
008a00a8
01000000
00000020
02008800
13118903

2a8aaba8
2baaaba8
ffffffff
faaaeeef
fffffbff
00001c00
ffdfffff
f55555df
ffffffff
d7555757
d5d54357

00000130
ebaaabbb
d0005047
d0045447
2aaaaaa8
00001800
d4555d57
2080a088
22082088
d7555777
00804220

0888c598
c1004513
d0155147
d4155547
d4000100
00000400
0a00a200
28aaa288
2a282a88
02008820
c6048864

02000100
01000100
00010000
04110020
00004000
00000000
20000000
00220000
00000800
02800000
02400010

20224320
2baaeba8
2abeaba8
22aaaba8
2afbaeff
00000000
d57755ff
dd5d5747
dd755757
d7d5d757
10808713

2aaae3b8
abaaebb8
d0045447
d0001007
f6dfffdf
0b8c4c00
f57ff7ef
20002088
20082088
d7d5d777
d5d5d777

00082110
01000110
d4555547
d4355547
00040000
098c4000
00080000
282a2a88
28aaaa88
02800820
07500820

0a00c488
00004400
00010100
00010000
d4005120
00000c00
0000a610
00020000
00020000
00008800
c205d844

01800000
2baaaaa8
2ebaaaa8
2ebaaba8
2aaaaaa8
02000000
f5555557
dd755757
dd555757
d5555757
00800200

21022230
ebaaaabb
00400000
00004400
04550057
00000000
00aa0028
00000800
00a08800
d5555777
10910333

288aeeb8
c0004413
00000000
00040040
d5555557
04008980
2aaaaaa8
00080000
00000000
00008820
d7558977

00000400
00000400
00000000
00000000
3aaaaa88
00008000
d55551c7
00000000
00000800
00800000
02000000

09884088
2baaeaa8
ffffffff
d4155557
c9001400
00000980
0a00aa00
282a2aa8
f7ffffdf
d5d5d757
c4848244

0100c810
abaaeab8
d0045057
2aababa8
2aaaeba8
04000000
f5555557
d5575557
20082088
d5d5d777
01c08220

20202630
00000410
00000400
04100000
00410557
00000000
00aa00a8
00200200
00000000
00800820
12011823

2222eaa8
c0000403
00000000
00000000
d5455557
08144500
2aaaaaa8
00000000
00000800
02000100
d6515557

02004810
eaaaaebb
ffffffff
d4355547
228aeaa8
00144000
dd555517
282a2ac8
ffffffff
d7555d77
02100830

0100c498
eb8aaebb
d0045447
00010000
d5041000
08000400
0200aa10
00020000
20082088
d7555c77
c6404d64

01024000
c1000003
00200000
2ebaaba8
2aaaaaa8
00000100
f5555557
dd755757
00000000
02000000
02000000

21000100
01000500
d4555547
d4555157
00550057
00000000
00aa00a8
28aaa288
2a282aa8
02800000
00004040

2a00eb10
2aaaafb8
feffffef
d4555157
d5555557
00000000
2aaaaaa8
2aaaa288
ff7f7fff
d7d55977
d500dd60

01000d10
6b8aafbb
00000000
08000000
22aaaaa8
00000000
d5555547
02000000
00000000
d7d55977
00000820

00004100
00000100
00200000
00000000
fdaabfa8
00000000
1f55ff54
00000000
00020000
02800000
00009000

0a00a200
c0000403
d5155557
fc557a47
28aaeaa8
00000000
35555054
fdaaa3e8
282aa288
00000200
d7808700

01000010
ebaaaebb
ffffffff
fcff7aef
2beaabe8
3efff6fc
17d5d2d4
ffffa7ff
fdfff7df
d5555f77
02808a20

20000410
eaaaaebb
00000000
00aa00a8
01010000
000d6084
c1030203
02550417
00000000
d5555f77
02808a20

2b0aaa00
c1000003
00400000
00000000
d501d510
ff0d7fc4
2b032a00
00000000
00800000
00000200
d780d700

01000100
01000500
00000000
28082204
00000010
00000000
09000000
d5008100
00000000
00800200
00800200

0100c910
2baaafb8
2aabaaa8
28af2aac
02000000
00000000
01000000
d55da5d7
d557d757
d5d55f77
0080ca20

0a082310
aaaaafb8
00000000
00a20888
d6805780
df001f00
23402940
00550457
00020000
d5d55777
d5800720

00024100
00000500
00010000
00050020
00000000
20000040
00000000
00082080
00008200
00800200
00809200

20000220
00000000
00000010
00000010
01550057
00000000
00aa08a8
00000020
00000020
00000000
14100003

3fdfd7fc
2eebaaa8
ffffffff
ffffffff
fbfffeff
07003900
ffffffff
ffffffff
ffffffff
d5d55557
fefbffef

008a0000
eeebaaab
d0400047
d4044047
2aaaa6a8
04000800
d5555457
2008a0a8
20808088
d5d55557
00001400

0a008088
c0000003
d4411147
d4555947
d0005000
03003000
2a002200
282aa3a8
28aaa288
00000000
c0410144

00000100
15555554
04010000
00011000
00000000
00000100
00008000
00020000
00000000
200080a8
00004000

37775e74
2aaaaaa8
2aaabba8
2afaaba8
2afaaaef
00200800
d57575ff
dd755757
dd7f7757
f55555df
3abbaebb

2aaa8aa8
2aaaaba8
d0041444
d0040007
feffffff
09af0c10
f7fff7ff
20080028
2008a088
d5555557
d5554457

1000c054
15555454
d4555547
d5155147
00000410
098f0410
00080000
282aa2a8
28aaaa88
00008020
200080a8

188800cc
05555400
00010000
00010000
d4015920
00000000
22828600
00020080
00020000
00000000
e50440cc

00000000
efffffbb
2afaaba8
2ababba8
2aaeaa28
00000000
d5555547
d5757757
dd755757
ffffffff
00400000

20006230
eaaaabab
04004000
04004000
00551047
00000000
02aa2008
00008000
00000800
d5555557
11009033

3200fbec
00000010
00000003
01000040
d5551557
071350b0
2aaaaaa8
08000000
00800000
00000000
f754f6df

11115544
14454544
04000000
00000000
2faaa218
000000b0
d5555167
00000000
00000080
00000200
2ac0aa88

00008888
3effffec
ffffefbf
d4151547
d0000580
00000000
28000a00
282aaaa8
ffffffff
fffffdff
c4040044

03010000
2abaaaa8
d0040007
2aaaaaa8
2aaaaa88
07135000
d555d5d7
d5575557
2008a028
d5555557
08904c00

20320420
00001000
00000400
00110100
00410057
00000400
08aa20a8
08200200
00000800
00000000
10110113

3ffe5ffc
d4055157
04000000
00000000
d5554157
0c141600
2aaaaaa8
00000000
00000000
00000000
ffffebdf

02004810
ffafffff
ffffffff
d4151157
2aaaaa08
00141200
d5555557
282aa2a8
ffffff5f
d5555557
00008020

08880098
eaaaaaab
d0041057
00010000
d5144100
04000000
22001a40
00020000
2008a008
d7555557
c4040044

15555754
01000400
00000000
2abaaba8
2aaaaaa8
08000000
d555d557
dd755757
00000000
02000000
2beaeaa8

00008000
15051154
d4555157
d1151547
04510057
00000000
00aa20a8
2a2a2a88
2aaa2aa8
2882a288
00000020

2a008200
ffafffff
fffffbff
d1155557
d5551457
0515c100
2aaaaaa8
2a2a2a88
ffff7fff
fff7f7df
d500d400

15555544
2aaaaea8
00000000
00004010
2baeaaa8
00048000
d555c517
00000000
00000000
d7755557
2aaa2a88

15555544
c0004003
01000000
00000000
d8a29e20
04000000
2b104f10
00000000
00000000
00000000
2aaaa888

2a000300
d4504157
d1151547
fa155647
08220a20
01114100
01114400
fa28ba88
2a2a2aa8
28822288
ffaafe88

00000000
feffffff
fbbfffef
fbbf7eef
1aa6db74
0ff28e00
01514400
ff7fbbff
ff7f7fff
fff7ffdf
00000000

1555d544
eaabaeab
00004000
01aa28a8
00000000
00000000
c0028003
05570177
00000000
d775dd57
2aaaaaa8

2a00aa00
c0041003
00000000
00000000
d504c500
ff08bf00
2a038a20
00000000
00000000
00000000
d5045500

00000800
10404154
00001000
2a002280
00008000
00000800
00010000
d0041100
00008000
28ab8a88
00000020

15555544
3eeffffc
2aaebaa8
2aaa6aa8
02840280
00000000
00000020
d55d1957
d557d577
fdffffdf
2aaaaa88

3f557744
2aabaea8
00040000
00aa0028
d5004580
ff009700
2a000a00
05590057
00000020
d5545557
ffaabf88

15455154
04041000
00000000
00004800
00000000
00082000
00000000
00000800
00020000
00002000
2aaeea88

01141000
01000000
00000010
00000000
00514057
00000000
00a20028
01000000
00000020
00200200
10282500

2a6ebab8
2aaabab8
fffffbff
fbaebeef
ffffffff
000d4420
ffffffff
f77d7ddf
ffffffff
d77d5777
d74d7d77

23022330
ebeaaabb
d1445017
d5101017
2aaaaaa8
00000000
d45555d7
2a808888
22208088
d5755f77
00211823

00600100
c0400003
d5555517
d5115557
55040500
00000400
2808aa00
2aa28a88
2a228288
02200a00
03240010

091d9888
01150000
04110100
00014100
80001000
000d4020
02000000
00220200
08000200
00200200
c6686244

00451090
2aafbab8
2aaaaea8
2aaaaee8
2aeeaaff
00000000
d57755ff
d5555557
d5575557
d77d5777
00292220

2ba3afb8
abebaeb8
d1105416
d1005417
ffffffff
00990000
ff7fffff
20800828
220000a8
d5755f77
d5755f77

02732520
00510400
d5515517
d5555557
00010000
00090000
00080000
2aaa8aa8
2aaa8aa8
02200a00
17201b13

21041200
01000100
04010000
04110000
55004d80
00100000
2800ae00
08000200
08800000
00222000
001a2040

08c49818
eaaabbbb
2aaaaaa8
2aaaaaa8
aababaa8
00800000
d7555557
d5575557
d5575557
d57f7577
c24e6424

01000130
ebeaabbb
00400100
00400100
00050047
00000000
00aa20a8
00208000
00200a00
d5775d77
12220920

2aeaaba8
00400100
00000001
00040040
d0155557
07586030
28aaaaa8
02080080
00088000
00220800
d5775d57

2327ba00
01050100
01400100
00000000
2aaaa238
03104010
d5555957
00800000
00200000
02022000
031a3213

00451010
aaafbbb8
ffffefff
d5515517
50824500
00082000
29009200
2aa28aa8
fffdffff
d77f7577
002b2620

09890598
2bebafb8
d0004017
2ebbaaa8
aababaa8
04400020
d5555557
dd555757
22008028
d7775d77
c6664a64

00490500
00410500
00000400
00000000
00104107
00000000
002a00a8
00000000
00000880
02020800
10064b00

2baaaea8
c1001403
00400000
00000000
d5555557
00c54950
2aaaaaa8
00000000
00a00800
00002b00
d5545d57

232222a0
efeaaaab
ffffffbf
d5515557
2a29aae8
00810110
d4d54547
2aa28ab8
ffffffff
d7555f57
03120813

01010100
eeaaaaab
d1005417
04110100
d1040410
00400800
2800a200
08000200
220080a8
d5555e57
00021800

0d818908
00401400
00000000
2aaaaaa8
2eeabaa8
00044040
d7555d17
d5575557
00000000
02002a00
ce400c44

02000400
01011400
d4015107
d0155547
04550017
00000000
008202a8
2800a888
20028888
00002a00
82003a00

2e00aa00
6febaaab
fefbfbaf
d4155547
d5555557
0c282240
22aa8aa8
2800a888
f5dffddf
d7555f57
dd075f00

04010500
2eabaaa8
00500000
00000000
2aaaaae8
04280200
d5555517
00000000
00882000
d5555f57
08020a00

04010500
c0411403
00000000
04000000
7b0ae5a8
00000000
313ddc54
00000000
00000000
02002a00
0a052a00

29403e10
c5841513
d0154147
f2145147
aaaa90a8
08002040
13504054
f801f688
28aaa088
080a2820
55004d20

01408010
efeeabbb
fabffbef
f2bfd1ef
2948a1e8
3fb4fefc
169553d4
f955f6df
fdfff5df
d55f5577
02020020

03410110
ee2eabbb
00001000
00ab80a8
00010040
00000000
c0000023
00540057
00000000
d55f5577
820a0020

2f41bb10
c4441513
00000000
00000000
d5015550
ff01ff40
2a00aa20
01000000
00000000
080a2820
dc085d20

00441410
05051510
00000000
22400000
00000000
00000000
00000000
d0005400
00000000
0a0a2820
02002a20

04440010
2fefabb8
2aabaae8
22ea90a8
00000000
00004000
00000000
d1557457
dd555d57
d75f5577
08020220

2c45af10
aeafabb8
00000040
00aa90a8
57004790
7d013f00
2300ab40
01552057
08000800
d75f5577
5e0a5720

04451510
04451510
00010000
00000000
80001000
82008040
08000000
00000000
00000000
0a0a2820
08082a20

02120020
00000000
00000000
08000000
00550057
00000000
00aa00a8
00000000
00000000
08220200
01080010

22baeaa8
2abaaaa8
ffffffbf
ebeaa6ff
ffffffff
04100000
ffffffff
d7d55d7f
ffffffff
dd775557
d5555517

24306280
eabaeaab
d1445447
d5450057
26aaa2a8
00000000
d555d557
28a08828
2082a828
dd7f5557
0811c003

04100000
c0004003
d5555547
d5551557
d0005500
00000000
22002a00
28aaaaa8
28aaaaa8
082a0200
18488500

009c8808
00000000
00110100
00100100
01000000
04100000
08000000
000a0200
08200200
00208280
c42c1084

00164020
2ebbaaa8
2eaaaaa8
2aaabea8
2affaabf
00000000
d577d5ff
d15575d7
d55d55d7
dd77d7d7
00201080

2abfeaa8
2ebbeaa8
51445057
d1455007
ffffffff
08888800
fbffffff
20888808
20a8a8a8
dd7fd757
d577d557

20352200
00004000
d5555557
d5555557
00000000
08080000
08000000
2aaaaaa8
2aaaaaa8
00288280
152a8193

02010000
00040000
04110000
00100000
d4005700
00800800
22002640
08220200
08020200
08020200
001f0400

0889c888
2abeaaa8
2aaaaaa8
2aaaaaa8
2baaaae8
00008000
d5dd5d57
d5555557
d5555557
dd575757
c0424244

0e01c020
eabeeaab
80000100
00000520
00151057
00081000
022888a8
02002000
02000000
dd5f5757
09129210

2ea3aaa8
c0044003
00000400
04000050
d5555557
02ca9000
2a2aaaa8
000000a0
00000000
080a0200
dd5fd557

24240200
00040000
00000000
00000000
2aaaac88
00c20000
d5555117
08000000
02000000
00008280
18280183

04066000
2ebfaaa8
fefeffbf
d5555557
dc404100
02000000
2d032200
2aaaaaa8
ffffffff
dd57d7d7
0c640480

04854888
2ebfeaa8
d0445017
2abaaba8
2baaaaa8
00008000
d5555557
d5775557
2088a0a8
dd5fd7d7
c823c0c4

0c050000
00044000
00000400
04000000
00110057
00000000
00a200a8
00000000
00000a00
00088280
0c2b8090

2e2b22a8
c4010803
00000000
00000000
d5555557
084c1400
2aaaaaa8
00000000
02000000
08020000
dd475557

22230220
eaabeaab
fffffbff
d5555557
62aaaaa8
080c1000
d854d557
2aaaaaa8
ffffffff
d55f5557
10021103

04110000
eeabe2ab
d1445057
04110100
95005100
00400400
22002a00
08220200
2088a8a8
dd5f55d7
084a4080

04182088
c4000003
00000000
2aaaaaa8
2aeeaea8
00000000
d55d5557
d5555557
00000000
08000080
c90c04c4

04010040
04050840
c5410117
c1400517
00550057
00400000
00aa08a8
02800a28
00a00a28
08220000
09038040

2a09aa40
2aafeae8
efebabbf
c1550517
d1555457
08400900
22aaaaa8
02820a28
dff55f7f
d57f5557
d507d540

04110040
eeafe2ab
00000000
00150000
2aaaaaa8
00000800
d5555557
00020000
04000000
d96f55d7
080a8080

04188040
04040040
00000000
00000000
fa827ea8
00000000
3745b754
00000000
0a100000
08200080
080cc480

2e056a40
c4110043
c1400517
e05cc717
23a82aa8
08000100
15411554
5b8cd868
02820a28
08028080
dc221180

00044040
eabaeaeb
ebebafbf
e1fec7bf
2bc02be8
3bfeffbc
17c11794
5f9fdaff
d7d75f7f
d55dd5d7
00200080

00144000
eabaeaab
00010000
00a200a8
00141000
00806004
c0000003
04110097
00000000
d55dd5d7
01280080

2a14ea00
c0100003
00000000
01000000
d5145500
ff8cfbf4
2202aa00
00020200
00000000
00008080
d5295580

04054040
04150040
00140000
2000c604
02800000
00000000
01400040
51805000
00000000
08228080
08228080

0004e040
2abeeae8
2abebfa8
20abd6fc
02800400
00008000
01400040
55d75057
d5575d57
d57dd5d7
0020d080

2a144a40
2abeeaa8
00000500
00aa10f8
d6804280
f20c1b00
2342a340
04550057
00020800
d57dd5d7
d4298580

00144040
00140040
00001000
00010000
01000100
0d0000f0
00000800
00020000
00000000
00208080
00288080

222022a0
11401514
00000000
00000000
04510057
0803c000
00a800a8
00000000
00000000
02800828
15111113

3ffffffc
3ffffffc
ffffffff
ffffffff
ffffbfff
0c07c000
f7fd7fff
ffffffff
ffffffff
fff75fff
ffffbfff

00008000
eebbaaeb
c1004417
c1400417
2aaa8aa8
00040000
d5555557
02800028
02208828
f57557d7
00000040

00880808
c0044003
c1445517
c1442517
d1041500
04000000
22002a00
02880a28
02a88a28
08020000
c0440404

08020000
11411514
00401100
00000100
00000000
00000000
00000000
00000200
00800200
02800828
00000000

17555574
3bffffbc
2aaeaaa8
2aaeaaa8
2efaaaff
20000200
fddf577f
d55d5d57
d55d5557
fff75fff
2baeebbb

02a088a8
2abaaaa8
c1500417
c1400407
fffffeff
2c2b7380
ffffffff
00800028
02800828
f5755757
d5555557

01600414
00044000
c1540417
c1444517
00011000
04234080
00002000
02880828
02880a28
08020080
16810868

01c08c1c
05400454
00000000
00004110
d1004400
08083100
02208880
00000000
00000200
0a8a0828
c2d01c2c

00000080
effbfeff
2aaeaaa8
2aaaaaa8
2aaeaaa8
00000000
d5555557
d55d5557
d55d5557
dfff5d7f
00000000

2a002220
eabaaaab
00000000
00040000
00550457
00000000
00aa00a8
02000000
00000000
d5755557
11001113

2bfafebc
00015000
00000000
00000000
d5555557
00000600
2aaaaaa8
00000800
00000000
00000000
f7d01fff

117e5554
15400514
00000000
00000000
2aaaaaa8
00000400
d5555557
00000000
00000000
00000000
2a9aaaa8

00808888
3ffbffbc
ffffffff
c1440517
d5005100
00000200
2a00a800
02888a28
ffffffff
d57dd557
cc4aa404

00040000
2abaaaa8
c1400417
2aaaaaa8
2aaaaaa8
00000000
d5555757
d555d757
02800828
d57dd557
00000040

12028160
00015000
00000100
00040000
01144057
01000010
00a80088
40080000
00000000
00000000
01004013

1edaad7c
c5450417
00000000
00001000
d5555557
01034030
2aaaaaa8
00000000
02000000
082a8000
d9ffeeff

08002000
ffffafbf
ffffffff
c1441517
2aabaaa8
00010020
95555557
02880a28
ffffffff
dd7fd557
10040000

00800808
fabaabab
c1400417
00000100
d4401500
00024000
2a00aa20
00000200
00800828
d5555557
c0500444

155d5554
00000000
00000000
2aaeaaa8
2aaaaaa8
00000000
d5575557
d55d5557
00000000
2aaaaaa8
2aabaaa8

00000000
1415d140
d1514557
d1410557
00550057
00000000
00aa00a8
22800a28
2a8aaaa8
00000000
00000000

2a208a00
febffbeb
fffbefff
d5410557
d5555557
00000800
2aaaaaa8
22aa0aa8
ffdfffff
d5555557
d5005500

15755554
2aaa2aa8
00000000
04000000
2aaaaaa8
00000000
d5555557
00000000
00000000
d5555557
2aaaaaa8

15555554
c0000003
04000000
00000000
fd28f780
00000800
3e15ab40
002a0080
00000000
2aaaaaa8
2aaaaaa8

3f55df54
c0000003
d5511517
f1650f57
202a8280
00000000
14051140
f3aa9ba8
22a20aa8
00000100
ffaaffa8

00000000
fdffffff
fffbffff
f5ef2fff
2968a694
340353c0
14014140
f3ff9bff
f7f7ffff
d7d54d7f
00000000

15555554
e8aaaaab
00000000
048a20a8
00000000
00000000
c0000003
00550057
0000a000
d7d54c7f
2aaaaaa8

2a00aa00
c0000003
00004040
00000000
d5005500
ff00ff00
2a00aa00
00000000
00000000
00000000
d5005500

00000000
15555554
00000000
20002a00
00000000
00000000
00000000
d1021100
00000000
00000000
00000000

15555554
2aaaaaa8
2aaaaaa8
20aa2aa8
02800280
00000000
00000000
d1571157
d5555557
d5555557
2aaaaaa8

3f55ff54
2abafaa8
00000000
00aa00a8
d7805500
ff00ff00
2a00aa00
00550057
00000000
d575f557
ffaaffa8

05555414
00105000
00000000
00000000
00000000
00000000
00000000
00000000
00000000
0020a000
00000000

2605c020
14050000
00000000
00000000
04451057
00020000
00a820a8
00000000
00000000
280a0000
392a0013

26a4aa28
2eafbaa8
ffffffbf
edefaeff
ffffffff
0c03b000
dfffffff
ffdf5fff
ffffffff
d55f5557
f9574557

00242200
eebbbaab
c1404417
c1402417
28aa8aa8
0800b000
d5575557
028008a8
028080a8
f55f5557
28102100

00854808
c4110003
c1444517
c1440517
d1104500
04010000
0a008a00
02880aa8
02888aa8
280a0000
e86d2444

14154000
10040000
00000100
00000100
00000000
00000000
00000000
00000200
00000a00
2822a000
282a4080

06160260
2aaebaa8
2aaeaaa8
0aaeaaa8
2aeeaabf
00009000
d5dd55ff
d55d5557
d55d5557
f577f557
3d020193

0a9e8aa8
eababaab
c1400417
c1101457
dfffefff
043fd080
fffd7fff
0202a828
02800828
f577f557
fd4535d7

181dc000
10100000
c1550417
c1541557
00114000
04370000
00200000
028aa828
028a0a28
2822a000
282d3080

04815808
04054040
00000000
00000100
d5000540
00084080
2a002a00
00000000
00000200
08080000
e06a8484

04001080
eeaffaeb
2aafaaa8
2aaeaaa8
2aaaaaa8
00000000
d5555557
d5555557
d55d5557
d55d5557
20028040

2a003120
eebbfaeb
00100000
00400000
00550057
00000000
00aa00a8
00880000
00020000
f55d5557
2101b093

2aab7ba8
04114040
00000000
00000000
d5555557
00000200
2aaaaaa8
00000000
00000000
28080000
f579f517

04135280
00044040
00000000
00001000
2aaaaaa8
00000000
d5555557
00000000
00000000
0820a000
002a8080

04981848
eaaefaeb
ffffbfff
c1455417
d5085500
00000200
2200e800
02880a28
ffffffff
f575f557
e452c484

00301000
2abafae8
c0400417
2aabaaa8
2aaaaaa8
00000000
dd555757
d5555757
02800808
f575f557
3000a180

0211d360
00104040
01000000
00040000
00501047
00040020
00a800a8
10000000
00080020
0820a000
1138e1d3

0e8f8be8
c4054003
00000000
00000000
d5515557
01071030
2aaaaaa8
00000000
00000000
08288000
dd7e7557

04011100
eaafaaab
ffffffff
c1440517
2aa2aab8
01030000
c5551557
02882a28
ffffffff
dd5fd557
0c2a3000

0c9218c8
eaabbaab
c1400417
00000100
d5014500
00001010
2202aa00
00000220
02800808
d55fd557
c86aa404

041c0040
04015000
00000000
2aaeaaa8
2aaaaaa8
00000000
dd555557
d55d5557
00002000
00288000
082ea080

0c050140
04144020
d5541517
d1444517
00550057
00000000
00aa00a8
0aaaa828
0aa008a8
08283100
00222080

2e019a40
2abe8aa8
ffffbfff
d1454557
d5555557
00000000
2aaaaaa8
0aaaa828
dffdddff
dd5f7557
d5227580

04101140
2aba9ac8
00000040
00010040
2aaaaaa8
00000000
d5555557
00000000
00008000
d55f6457
0022a080

04140040
c4105043
00010000
00000000
dfaafd28
00000000
3745af14
00000000
00080000
00282000
0022a080

2205cb40
c4054043
d1414557
fb454f57
0a8008a8
00000000
1d454514
fb8a2f28
0aaaaaa8
0921d000
dd085580

00015100
eaafaacb
f9ffffff
fbff6fff
03ca89e8
3bdf1ffc
17c007d4
fbdf6f7f
dfffffff
dd57d557
08080000

08105140
e8abba8b
00140000
00ba20a8
00000000
00000000
c0200843
00550057
00000000
d4568557
08088080

2814eb80
c4015003
00001000
00000000
d5005500
ff00ff00
2a20aa00
00004000
00000000
00208000
dd08d580

00054140
041c4060
00000000
28000a00
02800000
00000000
01400000
d1000500
00000000
08202000
00000080

000150c0
2abeaae8
0aaaaea8
2aaa0a28
02800280
00000000
01400040
d1554557
d5655d57
dd577557
00000080

2010fb40
cab2bacb
00000400
02aa0028
d7805300
f700ff00
2340a340
00550057
00000000
d5477557
d500d580

00144140
04105040
00000000
00000000
00000400
08000000
08000000
00004000
00200800
00202000
00008080

00000000
00000000
00000000
00000000
00550057
00000800
00aa0aa8
10000000
00000000
00000000
00000000

2aaaaaa8
2aaaaaa8
ffffffff
fffbfaaf
ffffffff
00000a00
ffffffff
fff7f55f
ffffffff
d5555557
d55555d7

22222020
eaaaabab
d0515557
d5515457
2aaaaaa8
00000000
c5555557
2aa2aaa8
2aa22aa8
d5555757
11111213

00000000
c0000103
d1555557
d5555557
d5005500
00000200
2a00a000
2aa2aaa8
2aaa2aa8
00000000
00000300

08888a88
00000000
00040000
00040100
00000000
00000000
00000000
00000000
00080000
00000200
c44444c4

00000200
2aaaaaa8
2baaaaa8
2aaaaaa8
2afbaaff
00000040
d5ff557f
d5555557
d5555557
d5555757
00000080

2aaaaaa8
2aaaaba8
d5504157
d5114057
fffbffff
000403e0
fffffd7f
2aa28aa8
2aa0a8a8
d5555757
d5515797

22222020
00000100
d5555557
d5555557
00000100
00000320
00000000
2aaaaaa8
2aaaaaa8
00000200
11111603

00000080
00000000
00040000
00040100
d5005400
00000080
2a00a800
00080000
00080200
00000000
00000190

08888808
2aaaaaa8
2aabaaa8
2aaaaaa8
2aaaaaa8
00040000
d5555557
d5557557
d5575557
d55555d7
c4404084

00000000
eaaaabab
00000400
00400400
10450017
08010000
088000a8
00000000
00000000
d5555757
00000280

2aaaaaa8
c0000103
00001000
00001000
d5555557
0c3fa040
2aa8aaa8
00000000
00000000
00000000
d55557d7

22222220
00000000
00000000
00101000
2abaaaa8
04340040
d5755557
00000000
00000000
00000280
11111093

00000100
2aaaaba8
ffffbfff
d5555557
c5005540
000aa000
2200aa00
2aaaaaa8
ffffffff
d55557d7
00000180

08888988
2aaaaba8
d5400557
2aaeaaa8
2aaaaaa8
00000000
d55d5557
d55d5757
2aa2a888
d55557d7
c44446c4

00000800
00000100
00010000
00000000
00550457
00000070
00a80088
00000000
00000020
00000200
00000280

2aaaa808
c0000023
00000000
00000000
d5555557
00020470
2aaaaa88
00000000
00000000
00001000
d5555457

22222000
eaaaaaab
ffffffff
d5555557
2aaaaaa8
00020400
d5555557
2aaaaaa8
ffffffff
d5555557
11111093

00080000
eaaaaa8b
d5515457
00040100
d5005100
00000000
2a02aa00
00080200
2aa2a8a8
d5554757
000002c0

08808008
c0000003
00000000
2aaaaaa8
2aaaaaa8
00000000
d5555557
d5555557
00000000
00000200
c4444684

00000000
00000100
d5515557
d5555557
00550057
02000000
02a00088
2aaaa8a8
2aaaa8a8
00000200
00000280

2a80aa00
2aaaaba8
fffbffff
d5555557
d5555557
020e0020
2aaaaaa8
2aaaaaa8
fffffdff
d55557d7
d5005780

00800000
eaaaabab
00000000
00000000
2aaaaaa8
00020020
d5555557
00000200
00000000
d55557d7
00000380

00000000
00000100
00000000
00000000
ffaafda8
000c0000
3d55ff74
00000000
00000000
00000280
00000280

2a00ab00
c0000103
d5555457
ff55fc57
2aaaa8a8
00000000
155f5554
ffaafba8
2aaaa8a8
00115100
d5005400

00000100
eaaaabab
fffffeff
fffffeff
2beaa9e8
3ffffffc
17d557d4
fffffbff
ffffffff
d5555757
00000000

00000000
eaaaaaab
00000000
002a02a8
02800000
00001500
c1400103
00550057
00000000
d5440657
00000280

2a00ab00
c0000103
00000000
00800000
d7805500
ff00ff00
2b40aa00
00000000
00000200
00000200
d5005700

00002100
00000100
00200000
2a009800
00000200
00000000
00000000
d5005000
10000000
00000000
00000080

00000100
2aaaaba8
2aaaaaa8
2aaadba8
00000000
00000000
00000000
d5555057
d5555557
d5555757
00000080

2a008a00
2a8aaba8
00000000
00aa43a8
d7805700
ff00ea00
2b40ab00
00550057
00000000
c55557d7
d5005780

00000100
00000100
00000000
00000000
00000000
00000000
00000000
00000000
00000000
00000200
00000280

00000000
00000000
00000000
00000000
00550047
00000000
00a200a8
00000000
00000000
00000000
00000010

3ffffd7c
2aaeaaa8
ffffffff
ffffffff
ffffffff
00080010
ffffffff
ffffffff
ffffffff
d5555757
fffffeff

22222020
eaaeaaab
55515157
d5515457
2aaaaaa8
00000000
d5555557
2aa2a0a8
2aa280a8
d5555757
11111003

00000000
c0000003
d5555557
d5555557
d5005510
00080010
2a00aa00
2aaaaaa8
2aaaaaa8
00000000
00040440

08888808
15555554
00040400
00040100
00000000
00000000
00080000
00080a00
00080200
2aa2a008
c4404004

15555554
2aaaaaa8
aaaaaaa8
2aaaaaa8
2affabbf
00000000
d5ff555f
d5555557
d5557d57
fff7f55f
2aaaaaa8

2aaaaaa8
eaaaaaab
d5415457
d5515057
ffffffff
00000bc0
fffff5ff
2aa2a0a8
2aa0aaa8
d5555557
d5555457

37737224
15555554
d5455557
d5555557
00000000
00000ac0
00000000
2aaaaaa8
2aaaaaa8
00000000
3bb3b01b

15515004
00040550
00040100
00040000
d5005440
00000100
2a00a0a0
00000200
00000000
00000000
2aa2a008

08888888
eaaeaffb
2aaaaaa8
2aaaaaa8
2aaaaaa8
00000000
d5555557
d5555557
d5555557
ffffffff
c4444444

00080000
eaaaaaab
00000000
00000400
04540157
08140000
088202a8
00080000
00080000
d5555557
00000000

3ffbf4dc
00000000
00000000
00000100
d5545557
0c3fa380
2aaaaaa8
00000800
00020000
00000000
fff7fdbf

37737554
15555044
00000000
00000000
2aaaaaa8
04228080
d5755557
00000000
00000000
00000000
3bbbbabb

00000080
ffffffef
ffffffff
d5555517
d1007400
00092300
2200a800
2aaaaaa8
ffffdfff
ffffffff
00000100

08808008
2aaaaba8
d5515417
2aaeaba8
2aaaaaa8
00000000
d55d5557
d55d5757
2aa288a8
d5555557
c44c4604

00000100
00000400
00000000
00000000
00540057
00000900
00aa0888
00000000
00000000
00000000
00000000

3ffbefec
d5515457
00000000
00000000
d5555157
00010d10
2aaaaaa8
00002000
00000000
00000000
ffffdedf

22222020
fffbfeff
ffffffff
d5555557
2aab8ba8
00010410
d5555557
2aaaaaa8
ffffffff
d5555557
11111013

00000200
eaaaaaab
d5515457
00040100
d5005000
00000000
2a00a220
00080200
2aa288a8
d5555557
00000000

1ddddddc
00000000
00000000
2aaaaaa8
2aaaaaa8
00000000
d5555557
d5555557
00000000
00000000
eeeeeeec

00000000
15515454
d5515457
d5515457
00541047
00021400
002800a8
2aaaaaa8
2aaaaaa8
2aaaaaa8
00000000

2a80aa00
3ffbfefc
fffbfeff
d5515557
d5555557
00831410
2aaaaaa8
2aaaaaa8
ffffffff
ffffffff
d5005500

15d55554
2aaaaaa8
00000000
00000100
6aabaaa8
00810010
d5d75557
00000000
00000000
d5555557
2aaaaaa8

15555554
c0000003
00000000
00000000
95084710
00000000
2a04ab00
00000000
00000000
00000000
2aaaaaa8

2a00aa00
d5515417
d5515457
ff55fd57
00080200
00000000
00000100
fbaaf8a8
2aaaa8a8
2aaaaaa8
ffaaffa8

00000000
fffbdebf
fffbffff
ffffffff
15595454
000c0300
00000100
fbfffdff
ffffffff
ffffffff
00000000

15555554
eaaa8aab
00000100
002a02a8
00001000
00000300
c0080003
00550157
00000000
d5555557
2aaaaaa8

2a00aa00
c0000003
00000000
00800000
d5405500
ff00ff00
2a08aa00
00000400
00000200
00000000
d5015500

00000000
15555104
00000000
2a00a800
00000000
00000000
00000000
d1015000
00080000
2aaaaae8
00000000

15555554
3ffffffc
2aaabaa8
2aaaaba8
02800280
00000000
00000000
d1555757
d55d5557
ffffffff
2aaaaaa8

3f55ff54
eaaaaefb
00000000
00aa03a8
d7804500
ff00fc00
2a00aa00
00540357
00000000
d5555517
ffaaffa8

15555454
00000000
00001000
00000000
00400000
00000000
00000000
00000400
00000000
00000000
2aabaaa8

22222020
00000000
00000000
00000000
00000010
00000000
00000820
00000000
00000000
00000000
11115113

2aaaaaa8
2aaaabe8
fffffeff
fffbffbf
ffffffff
00000000
ffffffff
fff7f55f
fffffdff
d5555557
d5555557

00000040
eaaaaaeb
d5555417
d5555c17
2affa6ef
00000000
d5ff55df
2aaaa0a8
2aaaa8a8
d5555557
00000000

08888888
c0000143
d5555557
d5555557
00001000
00000000
00000000
2aaaaaa8
2aaaaaa8
00000000
c4440404

00000240
00000140
00000140
00000140
d5004100
00000000
2a00a200
00000a00
00000200
00000000
00000040

22222220
2aaaabe8
2aaaaaa8
28aaaaa8
2aaaaae8
00000000
d5555577
d5555557
d5555557
d5555557
11111113

2aaaaae8
2aaaabe8
d5555417
d5555417
fdffffff
000002c0
ffffff7f
2aaa28a8
2aaa28a8
d5555557
d5555517

00000040
00000140
d5555557
d5555557
00550017
00000200
00aa0008
2aaa2aa8
2aaa2aa8
00000000
00000000

088089c8
00000000
00000140
00000140
00009800
000000c0
00005000
00000200
00000200
00000000
c4444604

00080140
eaaaabab
2aaaaaa8
2aaaaaa8
ffaaefa8
00000000
ff55ff57
c5555557
d5555557
d5555557
00000200

22222160
eaaaaaab
00000000
00000000
00000010
00000000
00000020
00000000
00000000
d5555557
11115703

2aaaa9e8
00000140
00000000
00000000
d5555557
00008500
2aaaaaa8
00000000
00000000
00000000
d5555547

00000140
00000040
00000000
00000000
2aff22ef
00008100
c5ff05df
00000000
00000000
00000000
00000200

088089c8
2aaaabe8
ffffffff
d5551557
00001000
00000400
00000000
2aaa2aa8
ffffffff
d5555557
c4440244

00080140
2aaaaae8
d5550417
2aaabbe8
ffaaefa8
00000000
ff55ff57
d5555f57
2aa220a8
d5555757
00000200

22222960
00000140
00000000
00000000
00000000
00000000
00020020
00000000
00080000
00000200
11111113

2aaaaa28
c0040003
00000000
00000000
d5555557
00020800
2aaaaaa8
00000000
00000000
00001000
d5555557

00000010
eaaaabab
ffffffff
d5555557
2affaaff
00000800
d5fd5ddf
2aaaaaa8
ffffffff
d5555757
00000400

08808208
eaaaaaab
d5555517
00000040
00000000
00000000
00004000
00000200
2aaaa8a8
d5554557
c4440004

000c0010
00040100
00000000
2aaaaaa8
ffaaffa8
00020000
ff55f757
d5555557
00000000
00000200
00084040

2a00ae00
00040100
d5515047
d5515407
00000000
00000000
00000020
2aa2a8a8
2aa2a8a8
00000000
d5000700

2aaaaa88
eaaeafeb
fffbfeef
d5515547
d5555557
00000810
2aaaa2a8
2aa2aaa8
fff7fdff
d55d5657
d5555767

00000000
2aaeabe8
00000400
00000040
2affaaef
00000810
d5ff15df
00000200
00000000
d55d5c57
00004200

00ae0088
c0040143
00000000
00000100
2aaaba28
00000000
15515454
00000000
00000000
00000200
005d0a67

00000400
c00c0003
d5511107
fffbbb9f
ffaaedb8
00000000
3f51f754
fff7bcaf
2aa2aaa8
00000000
00001200

00040000
eaaaafbb
fffbbfef
fffbbbff
2beaabe8
3ffbfaac
17d556d4
fff7fdbf
fff7ffff
d5555757
00080200

2a0caa40
eaa2aaab
00000440
00000060
02800000
00000000
c1400943
00000110
00000000
d5555d57
d5084600

2aaeaaa8
c0040013
00000000
00000000
d7d557c7
ffffffcf
2beaaac8
00004000
00000000
00000200
d55d5d57

00000040
00040000
00000000
2aaaaaa8
00000280
00000000
02000140
d5555407
10000000
00000000
00000310

00a600a8
2aaeaba8
2aaaaaa8
2aaaaaa8
005500c7
00ff00cf
00aa0088
d5555417
d5555557
d55d5777
005d0247

00040040
2aaeaaa8
00000000
00000000
02801280
00001000
01400140
00000000
00000000
c55d5757
00081200

00040040
00040040
00000000
00000000
d5004500
ff00ef00
2800a200
00000010
00000000
00000220
00080200

22223020
00001000
00000000
00000000
00000000
00000000
000000a0
00000080
00000000
00002200
11113003

2aaab9e8
2aaabbe8
ffffffff
ffffeabf
ffffffff
00000000
ffffffff
ffff557f
ffffffff
d5557757
d5553547

00001140
eaaabbeb
d5551457
d5555457
2affaaff
00000000
d5ff555f
2aa8a828
2aaaa828
d5557757
00002240

08889848
c0001043
d5555557
d5555557
00004000
00000000
00000000
2aaaaaa8
2aaaaaa8
00002200
c4442604

00001080
00001000
00004100
00000100
d5001500
00000000
2a00aa00
00020280
00000280
00002200
00002100

22223560
2aaabfe8
2aaaaaa8
2aaaaaa8
2aaaaab8
00000000
d55557f7
d1555557
d5555557
d5557757
11113113

2aaabbe8
2aaabbe8
d5555057
d5551457
ffffffff
00044280
fbffffff
2aaaa828
2aaaa828
d5557757
d5517757

00001240
00001040
d5555557
d5555557
00514047
00044000
00aa0808
2aaaaaa8
2aaaaaa8
00002200
00002200

08888888
00000000
00000400
00004100
00000000
00000280
00000400
00000200
00000280
00000a00
c4400c44

00000000
2aaaaaa8
2aaaaba8
2aaaaaa8
ffaebfa8
00000000
ff55f557
d5555557
d5555557
d5555f57
00004800

22222660
eaaaaeeb
00000000
00000000
00000010
00000000
00000020
00000000
00000000
d5555f57
11111b03

2aaaaf28
c0000503
00000000
00000000
d5555557
00009400
2aaa2aa8
00000080
00000000
00000a00
d5555f47

00008800
00000000
00000000
00000400
2affbaef
00001000
d5ff51df
00000000
00000000
00000a00
00000800

08880508
2aaaafa8
ffffffff
d5555557
00004000
00008400
00000000
2aaaaaa8
ffffffff
d5555f57
c4444844

00000540
2aaaafe8
d5551057
2aaaeba8
ffaaafa8
00000000
ff557f57
d55557d7
2aaaa028
d5555fd7
00000e80

22222420
00000400
00000000
00000000
00000010
00000000
00000080
00000000
00000800
00000a80
11111b83

2aaaa2a8
c0000003
00000000
00000000
d5555557
00001000
2aaaaaa8
00000000
00000000
00000200
d5555547

00080400
eaaaaeab
ffffffff
d5555557
2affbaef
00001000
d5ff557f
2aaaaaa8
ffffffff
d5555557
00000000

08808448
eaaaaeeb
d5551457
00004100
00004000
00000000
00000000
00000280
2aaaa028
d555dd57
c4440c44

000042c0
c0004043
00000000
2aaaaaa8
ffaaafa8
00000000
ff55ff57
d5555d57
00000000
00008200
0000c000

2a00ab00
00000000
d5555017
d5551017
00000000
00000000
000000a0
2aaa2028
2aaa2028
00000200
d5001700

2aaaaf08
2aaaa6a8
fffffabf
d5551117
d5555557
00004100
2aaaaaa8
2aaa20a8
ffff757f
d5555757
d5555747

00004440
eaaae6eb
00000000
00000020
2affeecf
00004000
d5ff555f
00000000
00000000
d555df57
0000ca00

00aa4048
00004040
00000000
00000100
2aaaa1a8
00000100
15551414
00000080
00000000
00008200
00558247

00001000
c0001803
d5551017
ffffb85f
ffaabab8
00000000
3f55bb14
fff7356f
2aa22228
00002280
00002080

00001400
eaaabeab
ffffbbbf
ffffbdff
2beaa3e8
3fffb1fc
17d55394
fffff7ff
ffff77ff
d55575d7
00002080

2a00bf40
eaaab7eb
00000100
000004a0
00000080
00000000
c0000003
00008210
00000000
d5557fd7
d5007f80

2aaabb48
c0001143
00000000
00000100
d55555c7
ffffff4f
2aaaaa48
00084080
00080080
00002280
d55575c7

00001100
00001000
00000000
2aaaa808
04000080
00000000
00000000
d5551547
00000000
00002a80
00002a80

00aa1508
2aaabea8
2aaaaaa8
2aaaa8a8
005502c7
00ff004f
00aa0008
d5551557
d5555557
d5557fd7
00552ac7

00005540
2aaaffe8
00000000
000000a0
02804200
00004000
01400000
00000010
00000000
d555ffd7
0000aa80

00005140
00005140
00000000
00000000
d1001500
ff00bf00
2a00aa00
00000000
00000000
0000a280
0000a280

00000800
15555054
00000000
00000000
00000500
00000000
00000000
00000000
00000000
2aaa28a8
00000000

3ffffdfc
3ffffefc
ffffffff
ffffffff
ffffffff
00001540
ffffffff
ffffffff
ffffffff
fffffdff
ffffffbf

22222060
eaaaaaab
d5551517
d5554517
2affbabf
00001000
d5ff5dff
2aaa2028
2aaa2028
d5555557
11111013

00000080
c0000403
d5551517
d5555517
00004040
00000040
00000000
2aaa2028
2aaa2228
00008000
00004400

08888008
15551154
00000000
00000000
d5000000
00000500
2a00a200
00000000
00000000
2aaaa8a8
c4440104

15555d14
3ffffffc
2aaaaaa8
2aaabaa8
2aaaaaa8
00000000
d55555d7
d5555557
d5555757
fffffdff
2aaaafa8

2aaaaa28
2aaaeaa8
d5551017
d5554017
ffffbeff
00004bc0
fffffdff
2aa220a8
2aaa2028
d5555557
d5551557

3777b034
00000400
d5551517
d5555117
00550017
00000a40
00aa0028
2aaaa0a8
2aaa2228
00000000
3bbb103b

15550014
15555154
00000000
00000000
00000cc0
00000180
0005c800
00008000
00000000
2aaa28a8
2aaa0068

08880208
ffffffff
2aaaaba8
2aaabaa8
ffaabaa8
00004000
ff557557
d5555557
d5555757
fffffdff
c4440004

00001880
eaaaaaab
00000400
00000100
00000000
00000000
00000080
00000000
00000000
d5555557
00000000

3fffbabc
00000400
00000000
00000000
d5555557
00000000
2aaaaaa8
00080000
00000000
00008000
ffff74ff

37777574
15551154
00000500
00000000
2affa67f
00000000
d5fa157f
00000000
00000000
00000000
3bbbbebb

00008000
3ffffffc
ffffffff
d5555517
00004080
00000000
00000000
2aaaaaa8
ffffffff
d5555557
00008800

08880248
2aaaaea8
d5505017
2aaaaaa8
ffaabba8
00000000
ff55ff57
d5555557
2aaa20a8
d5555557
c4444244

00004500
00004000
00050000
00000000
00000000
00002000
00002080
00000204
00008800
00000000
00001040

3fff77ec
d5551157
00000500
00000000
d5555557
00003920
2aaaaaa8
00000000
00000000
00000000
fffffbdf

22222020
ffffbfff
ffffffff
d5551517
2affba7f
00001820
d5ff555b
2aaa2228
ffffffff
d5555557
11110113

00000200
eaaaaaab
d5551017
00000000
00004180
00000100
00044820
00000000
2aa22028
d5555557
00000000

1ddd55dc
00000400
00000000
2aaaaaa8
ffaaaea8
00000000
ff55d757
d5555757
00080000
2aaaaaa8
eeeeeaac

2a00aa40
00004500
d5550557
d5550457
00001000
00000000
00000080
2aaa2aa8
2aaaaa28
00000000
d5001500

2aaaaa28
eaa2ffeb
ffffefff
d5554457
d5555557
00001800
2aaaaaa8
2aaa2aa8
ffffffff
d5555557
d5555557

15555514
2aa2aaa8
00000000
00000000
2affaa7f
00000800
d5fb157f
00000000
00000080
d5555557
2aaaaaa8

15ff557c
c0001043
00004000
00004000
0000c800
00000000
00005d00
00000000
00000000
2aaaaaa8
2aff8aff

15555554
c0000003
d5554557
ffffff3f
d5008d00
00001000
2a00e740
ffffbf7f
2aaa8a28
00040000
2aaaeaa8

00000000
ffffffbf
ffffefff
ffffffbf
1555ba14
0000dd80
00005500
ffffbf7f
ffffff7f
ffff77ff
00000000

3f55ff54
eaaaaaab
00000000
00000080
00000000
00040000
c0000003
00000000
00002000
fffb57ff
ffaaff28

2aaaaa28
c0000003
00000000
00000000
d5555557
ffffff7f
2aaaaa28
00000000
00000000
00000000
d5555557

00000000
1555d514
00000000
2aaaaa28
00000000
00000000
00000000
d5551557
00000000
00042000
00000000

15ff557c
2aaaaaa8
2aaaaaa8
2aaeaaa8
02d502d7
00fb007f
00aa0028
d5551557
d5555557
d5555557
2affaa7f

15555554
2aaa2aa8
00000000
00000080
02804000
00004000
00000000
00000000
00000000
d5515557
2aaaaaa8

15551054
00000000
00000000
00040000
d5001500
ff00bf00
2a00aa00
00000000
00000000
00000000
00000000

00000000
00000000
00000000
00000000
00000000
00000000
00000220
00000000
00000000
00000080
00001000

2aaaba28
2aaabaa8
ffffbaff
ffffefbf
ffffffff
00001300
ffffffff
ffff557f
ffffffff
d5557557
d5553157

22227260
eaaafaab
d5551117
d5551017
2affbaff
00001100
d5ff55df
2aa80828
2aaaa028
d555f757
1111a093

00004940
c0004003
d5551117
d5551417
00000000
00000200
00000000
2aaa2828
2aaaa228
00008200
00008180

08888408
00000500
00000000
00000400
d5004500
00000000
2a00a800
00002000
00000000
00000000
c4440244

00001000
2aaabba8
2aaaaaa8
2aaaaaa8
2aaaabe8
00008040
d5555d77
d5575557
d5555757
d55575d7
00002100

2aaaf8e8
2aaafba8
d5551017
d5555017
ffffffff
0000cdc0
ffff7fff
2aaaa028
2aaaa028
d555f757
d555f7d7

222261e0
00004100
d5551517
d5555117
00554017
00004080
00aa0208
2aaaaa28
2aaaa228
00008200
11119493

00000900
00000000
00000000
00000000
00082400
00000d00
00041480
00000000
00000000
00000800
00004840

08889008
eaaabaab
2aaaafa8
2aaaaaa8
ffaa3aa8
00000000
ff553557
d5555757
d5555757
d5557f57
c4442a04

00005740
eaaafeab
00000000
00000100
00000000
00000000
00008020
40000000
00000000
d555fdd7
0000a880

2aaae7e8
00004400
00000000
00000000
d5555557
00088a00
2aaaaaa8
00000800
00000000
00008800
d555ce97

2222a520
00000500
00000100
00000000
2af70abf
00080a00
95f309df
00000000
00000000
00000800
11110a13

00001000
2aaabba8
ffffffff
d5551517
00000040
00008000
00080000
2aaa2228
ffffffff
d5557d57
00002a00

088855c8
2aaaffa8
d5510017
2aaabaa8
ffaaffa8
00000000
ff553757
d5555557
2aa20028
d555ff57
c444ee84

00004540
00004400
00040000
00000400
00000440
00000400
00000020
00002200
00080000
00008a80
00008ac0

2aaa6ea8
c0004503
00000100
00000000
d5555557
00001f00
2aaaaaa8
00000000
00000000
00008880
d555dd57

22226420
eaaaefab
ffffffff
d5555117
2affbabf
00001000
d5ff15df
2aaaa228
ffffffff
d555dd57
11118813

00004a40
eaaaaeab
d5555017
00000000
00082100
00000900
00040a00
00000000
2aaaa028
d555df57
00008c80

088845c8
00004400
00000000
2aaaaaa8
ffaa6aa8
00000200
ff55b557
d5555757
00000000
00008a00
c444d984

2a00aa00
00000100
d5551457
d5555557
00000040
00000000
00000020
2aaa28a8
2aaaa0a8
00008800
d500dd00

2aaaaa88
eaaa2bab
ffffffff
d5555557
d5555557
00000900
2aaaaaa8
2aaaa8a8
ffffffff
d555ddd7
d555dd17

00004040
2aaa2fa8
00004100
00000000
2af70fbf
00000800
d4fb1ddf
01008000
00000a00
d555df57
00008880

00aa01c8
c0000103
00000000
00000000
2aaa22a8
00000000
15551154
00000000
00000000
00008a00
00558897

00005400
c0005503
d5551457
ffff61df
ffaa7aa8
00000100
3f55f714
ffff3ebf
2aaa28a8
0000a800
0000a800

00005400
eaaa7fab
ffffffff
ffff7fff
2bea23e8
3fff30bc
17d51294
ffff3fff
fffffdff
d555ff57
0000aa00

2a00fa40
eaaa3eab
00004000
00000e20
00000000
00000000
c0000003
00000140
00008000
d555fdd7
d500fd80

2aaaffe8
c0005403
00000100
00001000
d5555597
ffffff9f
2aaaaa88
00000000
00000000
0000a800
d555ff97

00001000
00001100
00000000
2aaa20a8
00000400
00000000
00000100
d5551407
00000000
00002000
00002010

00aa10a8
2aaabba8
2aaaaea8
2aaa2aa8
00550097
00ff009f
00aa0188
d5551557
95555557
d5557557
00552207

00005040
2aaabfa8
00000400
00000a00
02800000
00000000
01400000
00000140
00000000
95557757
00002080

00001140
00001000
00000000
00000000
d5005100
ff00ff00
2a00aa00
00000010
00000000
00002280
00002280

22221220
00001000
00000000
00000000
00000000
00000000
00000000
00000000
00000000
00002000
11113113

2aaabaa8
2aaabaa8
ffffffff
ffffefff
ffffffff
00000000
ffffffff
ffffdfff
ffffffff
d5557557
d5557557

00000000
eaaaaaab
d5554557
d5554557
2affaaff
00000000
d5ff55ff
2aaaaaa8
2aaaaaa8
d5555557
00000000

08888888
c0000003
d5554557
d5554557
00000000
00000000
00000000
2aaaaaa8
2aaaaaa8
00000000
c4444444

00003000
00001000
00000000
00000000
d5005500
00000000
2a00aa00
00000000
00000000
00002000
00002000

22223220
2aaabaa8
2aaaaaa8
2aaaaaa8
2aaaaaa8
00000000
d5555557
d5555557
d5555557
d5557557
11113113

2aaaaaa8
2aaaaaa8
d5554557
d5554557
ffffffff
00000000
ffffffff
2aaaaaa8
2aaaaaa8
d5555557
d5555557

00000000
00000000
d5554557
d5554557
00550057
00000000
00aa00a8
2aaaaaa8
2aaaaaa8
00000000
00000000

08889888
00001000
00000000
00000000
00000000
00000000
00000000
00000000
00000000
00002000
c4446444

00001000
2aaabaa8
2aaaaaa8
2aaaaaa8
ffaaffa8
00000000
ff55ff57
d5555557
d5555557
d5557557
00002000

22220220
eaaaaaab
00000000
00000000
00000000
02000000
02000000
00000000
00000000
d5555557
11111113

2aaaaaa8
c0000003
00000000
00000000
d5555557
02000000
2aaaaaa8
00000000
00000000
00000000
d5555557

00003000
00001000
00000000
00000000
2affaaff
00000000
d5ff55ff
00000000
00000000
00002000
00002000

08889888
2aaabaa8
ffffffff
d5554557
00000000
00000000
00000000
2aaaaaa8
ffffffff
d5557557
c4446444

00000000
2aaaaaa8
d5554557
2aaaaaa8
ffaaffa8
00000000
fd55ff57
d5555557
2aaaaaa8
d5555557
00000000

22222220
00000000
00000000
00000000
00000000
00000000
00000000
00000000
00000000
00000000
11111113

2aaabaa8
c0001003
00000000
00000000
d5555557
00000000
2aaaaaa8
00000000
00000000
00002000
d5557557

00001000
eaaabaab
ffffffff
d5555557
2affaaff
00000000
d5ff55ff
2aaaaaa8
ffffffff
d5557557
00002000

08888888
eaaaaaab
d5555557
00000000
00000000
00000000
00000000
00000000
2aaaaaa8
d5555557
c4444444

00000000
c0000003
00000000
2aaaaaa8
ffaaffa8
00000000
ff55ff57
d5555557
00000000
00000000
00000000

2a00ba00
00001000
d5554557
d5554557
00000000
00000800
00000800
2aaaaaa8
2aaaaaa8
00002000
d5007500

2aaabaa8
2aaabaa8
ffffefff
d5555557
d5555557
00000800
2aaaaaa8
2aaaaaa8
ffffffff
d5557557
d5557557

00000000
eaaaaaab
00000000
00000000
2affaaff
00000000
d1ff55ff
04000000
00000000
d5555557
00000000

00aa00a8
00000000
00000000
00001000
2aaaaaa8
00000000
15555554
00000000
00000000
00000000
00550057

00001000
c0001003
d5555557
ffffffff
ffaaffa8
00000000
3f55f754
ffffefff
2aaaaaa8
00002000
00002000

00001000
eaaabaab
ffffffff
ffffffff
2beaabe8
3ffffffc
17d557d4
ffffefff
ffffffff
d5557557
00002000

2a00aa00
eaaaaaab
00000000
00000000
02800280
00000000
c1400143
00000000
00000000
d5555557
d5005500

2aaaaaa8
c0000003
00000000
00000000
d7d557d7
ffffffff
2beaabe8
00000000
00000000
00000000
d5555557

00001000
00001000
00000000
2aaaaaa8
02000000
00000000
00000000
d5554557
00000000
00002000
00002000

00aa10a8
2aaabaa8
2aaaaaa8
2aaaaaa8
00550057
00ff00ff
00aa00a8
d5554557
d5555557
d5556557
00552057

00000000
2aaaaaa8
00000000
00000000
00800280
00000000
00400140
00000000
00000000
d5554557
00000000

00000000
00000000
00000000
00000000
d5005500
ff00ff00
2a00aa00
00000000
00000000
00000000
00000000

22222220
00000000
00000000
00000000
00000000
00000000
00000000
00000000
00000000
00000000
11111113

3ffffffc
2aaaaaa8
ffffffff
ffffffff
ffffffff
00000000
ffffffff
ffffffff
ffffffff
d5555557
ffffffff

00000000
eaaaaaab
d5555557
d5555557
2affaaff
00000000
d5ff55ff
2aaaaaa8
2aaaaaa8
d5555557
00000000

08888888
c0000003
d5555557
d5555557
00000000
00000000
00000000
2aaaaaa8
2aaaaaa8
00000000
c4444444

00000000
15555554
00000000
00000000
d5005500
00000000
2a00aa00
00000000
00000000
2aaa8aa8
00000000

37777774
2aaaaaa8
2aaaaaa8
2aaaaaa8
2aaaaaa8
00000000
d5555557
d5555557
d5555557
ffffdfff
3bbbbbbb

2aaaaaa8
eaaaaaab
d5555557
d5555557
ffffffff
00000000
ffffffff
2aaaaaa8
2aaaaaa8
d5555557
d5555557

15555554
15555554
d5555557
d5555557
00550057
00000000
00aa00a8
2aaaaaa8
2aaaaaa8
00000000
2aaaaaa8

1dddcddc
00001000
00000000
00000000
00000000
00000000
00000000
00000000
00000000
00000000
eeeeceec

00000000
eaaabaab
2aaaaaa8
2aaaaaa8
ffaaffa8
00000000
ff55ff57
d5555557
d5555557
ffffffff
00000000

22223220
eaaaaaab
00000000
00000000
00000000
00000000
00000000
00000000
00000000
d5555557
11113113

3ffffffc
00000000
00000000
00000000
d5555557
00000000
2aaaaaa8
00000000
00000000
00000000
ffffffff

15555554
15555554
00000000
00000080
2affaa7f
00000000
d5ff55ff
00000000
00000000
00000000
2aaaaaa8

08888888
ffffffff
ffffffff
d5555557
00000000
00000000
00000000
2aaaaaa8
ffffffff
ffffffff
c4444444

00000000
2aaaaaa8
d5555557
2aaaaaa8
ffaaffa8
00000000
ff55ff57
d5555557
2aaaaaa8
d5555557
00000000

22222220
00000000
00000000
00000000
00000000
00000000
00000000
00000000
00000000
00000000
11111113

3ffffffc
d5555557
00000000
00000000
d5555557
00000000
2aaaaaa8
00000000
00000000
00000000
ffffffff

00001000
ffffffff
ffffffff
d5555557
2affaaff
00000000
d5ff55ff
2aaaaaa8
ffffffff
d5555557
00002000

08888888
eaaaaaab
d5555557
00000000
00000000
00000000
00000000
00000000
2aaaaaa8
d5555557
c4444444

15555554
00000000
00000000
2aaaaaa8
ffaaffa8
00000000
ff55ff57
d5555557
00000000
00000000
2aaaaaa8

2a00aa00
15555554
d5555557
d5555557
04000000
04000000
00000000
2aaaaaa8
2aaaaaa8
2aaaaaa8
d5005500

2aaaaaa8
3ffffffc
ffffffff
d5555557
d5555557
04000000
2aaaaaa8
2aaaaaa8
ffffffff
ffffffff
d5555557

15555554
2aaaaaa8
00000000
00000000
2affaaff
00000000
d5ff55ff
00000000
00000000
d5555557
2aaaaaa8

15ff55fc
c0000003
00000000
00000000
00002000
00000000
00000000
00000000
00000000
00000000
2affaaff

00000000
d5555557
d5555557
ffffffff
d1007500
00000000
2a00ba00
ffffffff
2aaaaaa8
2aaaaaa8
2aaaaaa8

00000000
ffffffff
ffffffff
ffffffff
15555554
00003000
00001000
ffffffff
ffffffff
ffffffff
00000000

3f55ff54
eaaaaaab
00000000
00000000
00000000
00000000
c0000003
00000000
00000000
d5555557
ffaaffa8

2aaaaaa8
c0000003
00000000
00000000
d5555557
ffffffff
2aaaaaa8
00000000
00000000
00000000
d5555557

00000000
15555554
00000000
2aaaaaa8
00000000
00000000
00000000
d5555557
00000000
2aaaaaa8
00000000

15ff55fc
3ffffffc
2aaaaaa8
2aaaaaa8
02d502d7
00ff00ff
00aa00a8
d5555557
d5555557
ffffffff
2affaaff

15555554
eaaaaaab
00000000
00000000
02800280
00000000
00000000
00000000
00000000
d5555557
2aaaaaa8

15555554
00000000
00000000
00000000
d5005500
ff00ff00
2a00aa00
00000000
00000000
00000000
2aaaaaa8

02000000
00000000
00000000
00000000
00000000
00000000
00000000
00000000
00000000
00000000
00000000

2aaaaaa8
2aaaaaa8
ffffffff
ffffefff
ffffffff
00000000
ffffffff
ffffdfff
ffffffff
d5555557
d5555557

20222220
eaaaaaab
d5555557
d5555557
2aff0aff
00000000
d5ff55ff
2aaaaaa8
2aaaaaa8
d5555557
11111113

00000000
c0000003
d5555557
d555f557
00000000
00000000
00000000
2aaaaaa8
2aaaaaa8
00000000
00000000

08888888
00000000
00000000
00000000
d5005500
00000000
2a00aa00
00000000
00000000
00000000
c4444444

02000000
2aaaaaa8
2aaaaaa8
2aaaaaa8
2aaaaaa8
00000000
d5555557
d5555557
d5555557
d5555557
00000000

2aaaaaa8
2aaaaaa8
d5555557
d5555557
ffffffff
00000000
ffffffff
2aaaaaa8
2aaaaaa8
d5555557
d5555557

20222220
00000000
d5555557
d5555557
00550057
00000000
00aa00a8
2aaaaaa8
2aaaaaa8
00000000
11111113

00000000
00000000
00000000
00000000
00000000
00000000
00000000
00000000
00000000
00000000
00000000

08888888
eaaaaaab
2aaaaaa8
2aaaaaa8
ffaaffa8
00000000
ff55ff57
d5555557
d5555557
d5555557
c4444444

02000000
eaaaaaab
00000000
00000000
00000000
00000000
00002000
00000000
00000000
d5555557
00000000

2aaaaaa8
00000000
00000000
00000000
d5555557
00000000
2aaaaaa8
00000000
00000000
00000000
d5555557

20222220
00000000
00000000
00000000
2affaaff
00000000
d5ff55ff
00000000
00000000
00000000
11111113

00000000
2aaaaaa8
ffffffff
d5555557
00000000
00000000
00000000
2aaaaaa8
ffffffff
d5555557
00000000

08888888
2aaaaaa8
d5555557
2aaaaaa8
ffaaffa8
00000000
ff55df57
d5555557
2aaaaaa8
d5555557
c4444444

00000000
00000000
00000000
00000000
00000000
00000000
00000000
00000000
00000000
00000000
00000000

2aaaaaa8
c0000003
00000000
00000000
d5555557
00000000
2aaaaaa8
00000000
00000000
00000000
d5555557

22222020
eaaaaaab
ffffffff
d5554557
2affaaff
00000000
d5ff55ff
2aaaaaa8
ffffffff
d5555557
11111113

00000000
eaaaaaab
d5554557
00000000
00000000
00000000
00000000
00000000
2aaaaaa8
d5555557
00000000

08888a88
00000000
00000000
2aaaaaa8
ffaaffa8
00000000
ff55ff57
d5555557
00000000
00000000
c4444444

2a00aa00
00000000
d5555557
d5555557
00000000
00000000
00008000
2aaaaaa8
2aaaaaa8
00000000
d5005500

2aaaaaa8
eaaaaaab
ffffffff
d5555557
d5555557
00000000
2aaaaaa8
2aaaaaa8
ffffffff
d5555557
d5555557

00000000
2aaaaaa8
00000000
00000000
2affaaff
00000000
d5ff55ff
00000000
00000000
d5555557
00000000

00aa00a8
c0000003
00000000
00000000
2aaaaaa8
00000000
15555554
00000000
00000000
00000000
00550057

00000000
c0000003
d5555557
ffffffff
ffaaffa8
00000000
3f557f54
ffffffff
2aaaaaa8
00000000
00000000

00000000
eaaaaaab
ffffffff
ffffffff
2beaabe8
3ffffffc
17d557d4
ffffffff
ffffffff
d5555557
00000000

2a00aa00
eaaaaaab
00000000
00000000
02800280
00000000
c1400143
00000000
00000000
d5555557
d5005500

2aaaaaa8
c0000003
00000000
00000000
d7d557d7
ffffffff
2bea8be8
00000000
00000000
00000000
d5555557

00000000
00000000
00000000
2aaaaaa8
02000000
00000000
01000000
d5555557
00000000
00000000
00000000

00aa00a8
2aaaaaa8
2aaaaaa8
2aaaaaa8
00550057
00ff00ff
00aa00a8
d5555557
d5555557
d5554557
00550057

00000000
2aaaaaa8
00000000
00000000
00800280
00000000
00400140
00000000
00000000
d5554557
00000000

00000000
00000000
00000000
00000000
d5005500
ff00ff00
2a008a00
00000000
00000000
00000000
00000000

00000000
00000000
00000000
00000000
00000000
00000000
00000000
00000000
00000000
00000000
00000000

2aaaaaa8
2aaaaaa8
ffbfffff
ffffffff
ffffffff
00000000
ffffffff
ffffffff
ff7ffdff
d5555557
d5555557

20622360
fefffeff
d5555557
d5555557
2affaaff
00000000
d5ff51ff
2aaaaaa8
2aaaaaa8
fd7ffd7f
11111013

03400140
d5555557
d5555557
d5555557
00000000
00000000
00000000
2aaaaea8
2aaaaaa8
282aa828
00000100

09888888
00000000
00000000
00000000
d5005500
00000000
2a00aa00
00000000
00000000
00000000
c4444444

00000000
2baaaba8
2aaaaaa8
2aaaaaa8
2aaaaaa8
00000000
d5555557
d5555557
d5555557
d5555557
00000000

2aeaabe8
fefffeff
d5555557
d555d557
ffff7fff
00000000
ffffffff
2aaa2aa8
2aaa2aa8
fd7ffd7f
d5555557

22222220
00000000
d5555557
d5555557
00550057
00000000
00aa00a8
2aaaaaa8
2aaaaaa8
00000000
11111113

00000000
00000000
00000000
00000000
00000000
00000000
00000000
00000000
00000000
00000000
00000000

08888888
2aaaaba8
2aaaaaa8
2aaaaaa8
ffaaffa8
00000000
ff55ff57
d5555557
d5555557
d5555557
c4444444

00400140
fffffeff
00000000
00000000
00000000
00000000
00000000
00008000
00008000
fd7ffd7f
00000000

2aeaabe8
d5555457
00000000
00000000
d5555557
00000000
2aaaaaa8
40000000
00000000
282aa828
d5555557

20222020
00000000
00000000
00000000
2affaaff
00000000
95ff55ff
00000000
00000000
00000000
10111113

02000200
2aaaaaa8
ffffffff
d5555557
00080000
00000000
00000000
2aaaaaa8
ffffffff
d5555557
00000000

09c889c8
fffffeff
d5555557
2aaaaaa8
ffaaffa8
00000000
ff55ff57
d5555557
2aa2aaa8
fd7ffd7f
c5444444

00000000
00000000
00000000
00000000
00000000
00000400
00000000
00000000
00080000
00000000
00000000

2beaabe8
d5555547
00000000
00000000
d5555157
00000c00
2aaaaaa8
00000000
00000000
282aa828
d5555557

23622360
ffffffff
ffffffff
d5555557
2af7aaff
00000800
d5ff5dff
2aaaaaa8
ffffffff
fd7ffd7f
11111113

01400140
fefffeff
d5555557
00000000
00000000
00000000
08000000
00000000
2aaaaaa8
fd7ffd7f
00000000

09c889c8
d5555557
00000000
2aaaaaa8
ffaafba8
00000000
f755f757
d5555557
00000000
282aa828
c4444444

2a00aa00
01000100
d4555457
d4555457
00000000
00000000
00000000
28aaaaa8
28aaaaa8
00000000
d5005500

2aaaaaa8
2aaaaaa8
fefffeff
d4555457
d5555557
00000000
2aaaaaa8
68aaaaa8
fdffffff
d5555557
d5555557

01000000
2baaaba8
00000000
00000000
2affaaff
00000000
95ff55ff
00000000
00000000
d5555557
00000000

00aa00a8
00000000
00000000
00000000
00000000
00000000
00000010
00000000
00000000
00000000
00550057

01400140
d5555557
d4555457
feff7eff
d5005500
00000000
2a00aa10
fdffffff
28aaaaa8
282aa828
00000000

01400140
ffffffff
fefffeff
feff7eff
00000000
00000010
00000010
fdffffff
fdffffff
fd7ffd7f
00000000

2a40ab40
ffffffff
00000000
00000000
28aaaae8
00000000
d4555457
00000000
00000000
fd7ffd7f
d5005100

2aeaabe8
d5555557
00000000
00000000
d5555157
ffffffff
2aaaaaa8
00000000
00000000
282aa828
d5555157

00000000
00000000
00000000
2aaa2aa8
00000000
00000000
00008000
d5555157
00000000
00000000
00000000

00aa00a8
2aaaaaa8
2aaaaae8
2aaa2aa8
00550017
00ff00ff
00aa00a8
d5555557
d5555557
d5555557
00550057

01400140
fffffeff
00000000
00000000
00000000
00000000
00000000
00000400
00000000
fd7ffd7f
00000000

00000000
00000000
00000040
00000000
d5005100
ff00ff00
2a002a00
00000000
00000000
00000000
00000000

