net 3: (6 6)->(7 7) 0 3 0 0 #timing (200 200) ps polarity 0
net 3: (7 7)->(7 7) 1 0 0 0 #timing (276 281) ps polarity 1
net 3: (7 7)->(5 5) 1 3 0 1 #timing (548 498) ps  polarity 0
net 3: (5 5)->(5 5) 0 0 0 1 #timing (613 689) ps  polarity 1
net 4: (4 12)->(5 13) 0 3 0 0 #timing (201 202) ps polarity 0
net 4: (5 13)->(5 13) 1 0 0 0 #timing (291 293) ps polarity 1
net 4: (5 13)->(5 13) 5 0 0 0 #timing (396 410) ps polarity 0
net 4: (5 13)->(5 5) 5 1 0 1 #timing (738 754) ps  polarity 1
net 4: (5 5)->(5 5) 1 0 0 1 #timing (960 909) ps  polarity 0
net 4: (5 5)->(4 4) 0 3 0 1 #timing (1030 1072) ps  polarity 1
net 6: (7 15)->(6 14) 0 3 0 0 #timing (252 252) ps polarity 0
net 6: (6 14)->(4 14) 1 2 0 0 #timing (382 373) ps polarity 1
net 6: (4 14)->(4 14) 5 0 0 0 #timing (492 541) ps polarity 0
net 6: (4 14)->(4 6) 5 1 0 1 #timing (855 903) ps  polarity 1
net 6: (4 6)->(4 6) 1 0 0 1 #timing (1114 1029) ps  polarity 0
net 6: (4 6)->(4 6) 0 0 0 1 #timing (1159 1232) ps  polarity 1
net 7: (6 15)->(7 15) 0 2 0 0 #timing (207 207) ps polarity 0
net 7: (7 15)->(5 15) 1 2 0 0 #timing (337 322) ps polarity 1
net 7: (5 15)->(5 15) 5 0 0 0 #timing (436 483) ps polarity 0
net 7: (5 15)->(5 7) 5 1 0 1 #timing (762 818) ps  polarity 1
net 7: (5 7)->(5 7) 1 0 0 1 #timing (1021 931) ps  polarity 0
net 7: (5 7)->(4 6) 0 3 0 1 #timing (1073 1143) ps  polarity 1
net 10: (10 9)->(10 8) 0 1 0 0 #timing (198 198) ps polarity 0
net 10: (10 8)->(10 8) 1 0 0 0 #timing (285 283) ps polarity 1
net 10: (10 8)->(6 8) 4 5 0 0 #timing (616 558) ps polarity 1
net 10: (6 8)->(6 8) 1 0 0 1 #timing (765 795) ps  polarity 0
net 10: (6 8)->(7 9) 0 3 0 1 #timing (909 874) ps  polarity 1
net 20: (5 5)->(4 5) 0 2 0 0 #timing (172 172) ps polarity 1
net 20: (4 5)->(4 5) 1 0 0 0 #timing (254 255) ps polarity 0
net 20: (4 5)->(4 7) 1 1 0 1 #timing (503 456) ps  polarity 1
net 20: (4 7)->(4 6) 0 1 0 1 #timing (577 636) ps  polarity 0
net 42: (4 15)->(4 15) 0 0 0 0 #timing (726 726) ps polarity 1
net 42: (4 15)->(6 13) 1 3 0 0 #timing (908 870) ps polarity 0
net 42: (6 13)->(6 13) 1 0 0 1 #timing (1141 1084) ps  polarity 1
net 42: (6 13)->(6 12) 0 1 0 1 #timing (1271 1286) ps  polarity 0
net 42: (6 13)->(6 9) 3 1 0 0 #timing (1241 1249) ps polarity 0
net 42: (6 9)->(6 11) 1 1 0 1 #timing (1502 1461) ps  polarity 1
net 42: (6 11)->(7 11) 0 2 0 1 #timing (1590 1642) ps  polarity 0
net 43: (2 15)->(2 14) 0 1 0 0 #timing (736 736) ps polarity 1
net 43: (2 14)->(0 12) 1 3 0 0 #timing (919 880) ps polarity 0
net 43: (0 12)->(4 12) 4 2 0 1 #timing (1350 1247) ps  polarity 0
net 43: (4 12)->(6 12) 1 2 0 1 #timing (1588 1447) ps  polarity 1
net 43: (6 12)->(6 12) 0 0 0 1 #timing (1595 1747) ps  polarity 0
net 43: (4 12)->(4 8) 3 1 0 1 #timing (1676 1493) ps  polarity 0
net 43: (4 8)->(6 10) 1 3 0 1 #timing (1841 1644) ps  polarity 1
net 43: (6 10)->(6 11) 0 1 0 1 #timing (1797 2023) ps  polarity 0
net 44: (2 12)->(3 12) 0 2 0 0 #timing (704 704) ps polarity 1
net 44: (3 12)->(1 14) 1 3 0 0 #timing (863 835) ps polarity 0
net 44: (1 14)->(5 14) 4 2 0 1 #timing (1268 1195) ps  polarity 0
net 44: (5 14)->(7 12) 1 3 0 1 #timing (1544 1417) ps  polarity 1
net 44: (7 12)->(6 12) 0 2 0 1 #timing (1555 1694) ps  polarity 0
net 44: (5 14)->(5 10) 3 1 0 1 #timing (1584 1446) ps  polarity 0
net 44: (5 10)->(7 10) 1 2 0 1 #timing (1731 1583) ps  polarity 1
net 44: (7 10)->(6 10) 0 2 0 1 #timing (1720 1867) ps  polarity 0
net 45: (8 15)->(9 15) 0 2 0 0 #timing (800 800) ps polarity 1
net 45: (9 15)->(11 13) 1 3 0 0 #timing (951 931) ps polarity 0
net 45: (11 13)->(7 13) 4 5 0 1 #timing (1442 1352) ps  polarity 0
net 45: (7 13)->(7 13) 1 0 0 1 #timing (1633 1517) ps  polarity 1
net 45: (7 13)->(6 12) 0 3 0 1 #timing (1666 1758) ps  polarity 0
net 45: (7 13)->(7 9) 3 1 0 1 #timing (1835 1671) ps  polarity 0
net 45: (7 9)->(7 11) 1 1 0 1 #timing (1987 1817) ps  polarity 1
net 45: (7 11)->(7 10) 0 1 0 1 #timing (1934 2118) ps  polarity 0
net 78: (6 1)->(7 0) 0 3 0 0 #timing (763 763) ps polarity 1
net 78: (7 0)->(5 2) 1 3 0 0 #timing (935 904) ps polarity 0
net 78: (5 2)->(7 2) 1 2 0 1 #timing (1199 1140) ps  polarity 1
net 78: (7 2)->(6 2) 0 2 0 1 #timing (1268 1326) ps  polarity 0
net 79: (7 3)->(6 3) 0 2 0 0 #timing (771 771) ps polarity 1
net 79: (6 3)->(4 1) 1 3 0 0 #timing (939 910) ps polarity 0
net 79: (4 1)->(6 3) 1 3 0 1 #timing (1275 1187) ps  polarity 1
net 79: (6 3)->(7 3) 0 2 0 1 #timing (1318 1445) ps  polarity 0
net 81: (9 0)->(8 0) 0 2 0 0 #timing (1 1) ps polarity 1
net 81: (8 0)->(8 0) 1 0 0 0 #timing (87 89) ps polarity 0
net 81: (8 0)->(8 4) 3 1 0 0 #timing (447 363) ps polarity 0
net 81: (8 4)->(8 8) 3 4 0 1 #timing (834 663) ps  polarity 0
net 81: (8 8)->(8 8) 1 0 1 1 #timing (944 774) ps  polarity 1
net 81: (8 8)->(9 9) 0 3 0 1 #timing (889 1053) ps  polarity 0
net 82: (9 0)->(9 0) 0 0 0 0 #timing (1 1) ps polarity 1
net 82: (9 0)->(9 0) 1 0 0 0 #timing (87 88) ps polarity 0
net 82: (9 0)->(9 0) 5 0 0 0 #timing (190 206) ps polarity 1
net 82: (9 0)->(24 0) 13 2 1 0 #timing (857 716) ps polarity 0
net 82: (24 0)->(24 8) 5 1 0 1 #timing (1450 1289) ps  polarity 1
net 82: (24 8)->(24 8) 1 0 1 1 #timing (1511 1629) ps  polarity 0
net 82: (24 8)->(25 9) 0 3 0 1 #timing (1744 1620) ps  polarity 1
net 82: (24 0)->(16 0) 5 2 0 1 #timing (1561 1384) ps  polarity 1
net 82: (16 0)->(18 2) 1 3 0 1 #timing (1657 1781) ps  polarity 0
net 82: (18 2)->(19 3) 0 3 0 1 #timing (1925 1829) ps  polarity 1
net 82: (24 0)->(16 8) 5 3 0 1 #timing (1781 1609) ps  polarity 0
net 82: (16 8)->(18 10) 1 3 0 1 #timing (2052 1850) ps  polarity 0
net 82: (18 10)->(19 11) 0 3 0 1 #timing (1996 2228) ps  polarity 1
net 82: (16 8)->(12 8) 4 5 0 1 #timing (2001 2130) ps  polarity 1
net 82: (12 8)->(12 10) 1 1 0 1 #timing (2235 2325) ps  polarity 0
net 82: (12 10)->(12 11) 0 1 0 1 #timing (2455 2368) ps  polarity 1
net 82: (12 10)->(13 11) 0 3 0 1 #timing (2449 2364) ps  polarity 1
net 82: (9 0)->(9 2) 1 1 0 0 #timing (122 113) ps polarity 0
net 82: (9 2)->(5 2) 4 5 0 0 #timing (410 399) ps polarity 0
net 82: (5 2)->(5 6) 3 1 0 1 #timing (833 747) ps  polarity 0
net 82: (5 6)->(5 6) 1 0 1 1 #timing (934 851) ps  polarity 1
net 82: (5 6)->(5 7) 0 1 0 1 #timing (977 1049) ps  polarity 0
net 82: (9 0)->(9 1) 0 1 0 0 #timing (3 3) ps polarity 1
net 82: (9 1)->(9 1) 1 0 0 0 #timing (80 83) ps polarity 0
net 82: (9 1)->(5 1) 4 5 0 0 #timing (378 329) ps polarity 0
net 82: (5 1)->(5 1) 1 0 1 1 #timing (544 563) ps  polarity 1
net 82: (5 1)->(5 1) 0 0 0 1 #timing (679 655) ps  polarity 0
net 82: (5 1)->(5 1) 5 0 1 0 #timing (528 493) ps polarity 1
net 82: (5 1)->(5 17) 13 1 0 0 #timing (1157 1060) ps polarity 0
net 82: (5 17)->(5 17) 5 0 0 1 #timing (1378 1292) ps  polarity 0
net 82: (5 17)->(7 17) 1 2 0 1 #timing (1564 1462) ps  polarity 0
net 82: (7 17)->(7 17) 0 0 0 1 #timing (1595 1696) ps  polarity 1
net 82: (9 0)->(8 1) 0 3 0 0 #timing (3 3) ps polarity 1
net 82: (8 1)->(8 1) 1 0 0 0 #timing (95 95) ps polarity 0
net 82: (8 1)->(12 1) 4 2 0 0 #timing (333 324) ps polarity 0
net 82: (12 1)->(12 1) 5 0 0 0 #timing (452 461) ps polarity 1
net 82: (12 1)->(12 17) 13 1 0 0 #timing (1020 907) ps polarity 0
net 82: (12 17)->(12 17) 5 0 1 1 #timing (1252 1149) ps  polarity 0
net 82: (12 17)->(16 17) 4 5 0 1 #timing (1594 1442) ps  polarity 1
net 82: (16 17)->(18 17) 1 2 0 1 #timing (1827 1638) ps  polarity 0
net 82: (18 17)->(18 17) 0 0 0 1 #timing (1783 1987) ps  polarity 1
net 82: (18 17)->(19 17) 0 2 0 1 #timing (1795 1993) ps  polarity 1
net 82: (8 1)->(8 3) 1 1 0 0 #timing (130 119) ps polarity 0
net 82: (8 3)->(8 3) 5 0 0 0 #timing (233 280) ps polarity 1
net 82: (8 3)->(8 11) 5 1 0 1 #timing (615 651) ps  polarity 0
net 82: (8 11)->(12 11) 4 2 0 1 #timing (838 863) ps  polarity 0
net 82: (12 11)->(12 15) 3 1 0 1 #timing (1111 1087) ps  polarity 0
net 82: (12 15)->(12 15) 1 0 1 1 #timing (1209 1190) ps  polarity 1
net 82: (12 15)->(12 14) 0 1 0 1 #timing (1316 1324) ps  polarity 0
net 82: (8 3)->(8 19) 13 1 0 0 #timing (906 738) ps polarity 0
net 82: (8 19)->(8 19) 5 0 1 1 #timing (1148 990) ps  polarity 0
net 82: (8 19)->(10 17) 1 3 0 1 #timing (1360 1172) ps  polarity 0
net 82: (10 17)->(10 17) 0 0 0 1 #timing (1343 1522) ps  polarity 1
net 82: (10 17)->(11 17) 0 2 0 1 #timing (1301 1501) ps  polarity 1
net 82: (8 3)->(24 3) 13 2 0 0 #timing (946 773) ps polarity 0
net 82: (24 3)->(24 11) 5 1 0 1 #timing (1423 1222) ps  polarity 1
net 82: (24 11)->(24 9) 1 1 0 1 #timing (1487 1633) ps  polarity 0
net 82: (24 9)->(24 9) 0 0 0 1 #timing (1774 1631) ps  polarity 1
net 82: (8 1)->(10 3) 1 3 0 0 #timing (176 140) ps polarity 0
net 82: (10 3)->(14 3) 4 2 0 0 #timing (423 472) ps polarity 0
net 82: (14 3)->(18 3) 4 5 0 1 #timing (740 747) ps  polarity 0
net 82: (18 3)->(18 3) 1 0 1 1 #timing (931 912) ps  polarity 1
net 82: (18 3)->(18 3) 0 0 0 1 #timing (1026 1040) ps  polarity 0
net 82: (14 3)->(14 3) 5 0 0 0 #timing (546 610) ps polarity 1
net 82: (14 3)->(14 11) 5 1 0 1 #timing (891 953) ps  polarity 0
net 82: (14 11)->(18 11) 4 5 0 1 #timing (1182 1200) ps  polarity 0
net 82: (18 11)->(18 11) 1 0 1 1 #timing (1370 1362) ps  polarity 1
net 82: (18 11)->(18 11) 0 0 0 1 #timing (1488 1486) ps  polarity 0
net 83: (13 0)->(13 1) 0 1 0 0 #timing (1 1) ps polarity 1
net 83: (13 1)->(13 1) 1 0 0 0 #timing (88 85) ps polarity 0
net 83: (13 1)->(13 5) 3 1 0 0 #timing (422 349) ps polarity 0
net 83: (13 5)->(17 5) 4 5 0 0 #timing (766 642) ps polarity 0
net 83: (17 5)->(17 5) 1 0 0 1 #timing (836 936) ps  polarity 1
net 83: (17 5)->(16 5) 0 2 0 1 #timing (1067 954) ps  polarity 0
net 84: (13 0)->(13 0) 0 0 0 0 #timing (0 0) ps polarity 1
net 84: (13 0)->(13 2) 1 1 0 0 #timing (109 104) ps polarity 0
net 84: (13 2)->(13 6) 3 1 0 0 #timing (413 384) ps polarity 0
net 84: (13 6)->(13 6) 5 0 0 0 #timing (534 518) ps polarity 1
net 84: (13 6)->(13 23) 13 1 1 0 #timing (1158 1052) ps polarity 0
net 84: (13 23)->(13 23) 5 0 0 1 #timing (1382 1290) ps  polarity 0
net 84: (13 23)->(9 23) 4 2 0 1 #timing (1737 1596) ps  polarity 1
net 84: (9 23)->(11 23) 1 2 0 1 #timing (1990 1807) ps  polarity 0
net 84: (11 23)->(10 23) 0 2 0 1 #timing (1925 2138) ps  polarity 1
net 85: (11 0)->(10 1) 0 3 0 0 #timing (1 1) ps polarity 1
net 85: (10 1)->(8 3) 1 3 0 0 #timing (166 135) ps polarity 0
net 85: (8 3)->(8 7) 3 1 0 0 #timing (490 483) ps polarity 0
net 85: (8 7)->(12 7) 4 2 0 0 #timing (782 761) ps polarity 0
net 85: (12 7)->(12 5) 1 1 0 1 #timing (1013 991) ps  polarity 1
net 85: (12 5)->(12 5) 0 0 0 1 #timing (1138 1160) ps  polarity 0
net 86: (11 0)->(11 0) 0 0 0 0 #timing (0 0) ps polarity 1
net 86: (11 0)->(11 2) 1 1 0 0 #timing (110 104) ps polarity 0
net 86: (11 2)->(11 2) 5 0 0 0 #timing (214 253) ps polarity 1
net 86: (11 2)->(11 18) 13 1 0 0 #timing (833 682) ps polarity 0
net 86: (11 18)->(27 18) 13 2 0 0 #timing (1386 1428) ps polarity 1
net 86: (27 18)->(27 26) 5 1 0 1 #timing (1864 1884) ps  polarity 0
net 86: (27 26)->(23 26) 4 5 0 1 #timing (2250 2194) ps  polarity 0
net 86: (23 26)->(21 26) 1 2 0 1 #timing (2508 2400) ps  polarity 1
net 86: (21 26)->(20 27) 0 3 0 1 #timing (2499 2632) ps  polarity 0
net 89: (9 10)->(8 10) 0 2 0 0 #timing (677 677) ps polarity 1
net 89: (8 10)->(8 10) 1 0 0 0 #timing (761 764) ps polarity 0
net 89: (8 10)->(8 14) 3 1 0 0 #timing (1047 990) ps polarity 0
net 89: (8 14)->(12 14) 4 2 0 0 #timing (1306 1242) ps polarity 0
net 89: (12 14)->(14 14) 1 2 0 1 #timing (1463 1494) ps  polarity 1
net 89: (14 14)->(14 14) 0 0 0 1 #timing (1614 1605) ps  polarity 0
net 89: (8 10)->(10 10) 1 2 0 0 #timing (825 803) ps polarity 0
net 89: (10 10)->(14 10) 4 2 0 0 #timing (1062 1094) ps polarity 0
net 89: (14 10)->(18 10) 4 5 0 1 #timing (1394 1375) ps  polarity 0
net 89: (18 10)->(18 14) 3 1 0 1 #timing (1686 1613) ps  polarity 0
net 89: (18 14)->(18 14) 1 0 0 1 #timing (1779 1713) ps  polarity 1
net 89: (18 14)->(19 15) 0 3 0 1 #timing (1828 1887) ps  polarity 0
net 89: (9 10)->(8 11) 0 3 0 0 #timing (673 673) ps polarity 1
net 89: (8 11)->(8 11) 1 0 0 0 #timing (762 762) ps polarity 0
net 89: (8 11)->(8 11) 1 0 0 1 #timing (968 935) ps  polarity 1
net 89: (8 11)->(9 10) 0 3 0 1 #timing (1066 1085) ps  polarity 0
net 89: (8 11)->(10 11) 1 2 0 1 #timing (990 951) ps  polarity 1
net 89: (10 11)->(10 11) 0 0 0 1 #timing (1085 1116) ps  polarity 0
net 89: (8 11)->(8 15) 3 1 0 1 #timing (1175 1075) ps  polarity 0
net 89: (8 15)->(10 15) 1 2 0 1 #timing (1305 1201) ps  polarity 1
net 89: (10 15)->(10 14) 0 1 0 1 #timing (1323 1425) ps  polarity 0
net 89: (8 11)->(8 7) 3 4 0 0 #timing (1076 1010) ps polarity 0
net 89: (8 7)->(4 7) 4 5 0 0 #timing (1452 1324) ps polarity 0
net 89: (4 7)->(4 5) 1 1 0 1 #timing (1584 1665) ps  polarity 1
net 89: (4 5)->(4 5) 0 0 0 1 #timing (1813 1735) ps  polarity 0
net 89: (8 11)->(12 11) 4 2 0 0 #timing (1016 1004) ps polarity 0
net 89: (12 11)->(14 11) 1 2 0 1 #timing (1230 1208) ps  polarity 1
net 89: (14 11)->(14 11) 0 0 0 1 #timing (1346 1376) ps  polarity 0
net 89: (12 11)->(16 11) 4 5 0 1 #timing (1335 1269) ps  polarity 0
net 89: (16 11)->(16 9) 1 1 0 1 #timing (1569 1464) ps  polarity 1
net 89: (16 9)->(17 8) 0 3 0 1 #timing (1603 1713) ps  polarity 0
net 89: (16 11)->(18 9) 1 3 0 1 #timing (1607 1488) ps  polarity 1
net 89: (18 9)->(19 8) 0 3 0 1 #timing (1646 1789) ps  polarity 0
net 89: (16 11)->(16 15) 3 1 0 1 #timing (1601 1489) ps  polarity 0
net 89: (16 15)->(16 13) 1 1 0 1 #timing (1737 1619) ps  polarity 1
net 89: (16 13)->(17 13) 0 2 0 1 #timing (1737 1865) ps  polarity 0
net 89: (16 15)->(18 15) 1 2 0 1 #timing (1744 1621) ps  polarity 1
net 89: (18 15)->(18 15) 0 0 0 1 #timing (1752 1892) ps  polarity 0
net 90: (13 15)->(13 15) 0 0 0 0 #timing (686 686) ps polarity 1
net 90: (13 15)->(15 15) 1 2 0 0 #timing (814 802) ps polarity 0
net 90: (15 15)->(19 15) 4 5 0 0 #timing (1131 1121) ps polarity 0
net 90: (19 15)->(19 13) 1 1 0 1 #timing (1352 1327) ps  polarity 1
net 90: (19 13)->(19 13) 0 0 0 1 #timing (1437 1478) ps  polarity 0
net 90: (13 15)->(13 14) 0 1 0 0 #timing (700 700) ps polarity 1
net 90: (13 14)->(13 14) 1 0 0 0 #timing (782 781) ps polarity 0
net 90: (13 14)->(13 10) 3 1 0 0 #timing (1062 1010) ps polarity 0
net 90: (13 10)->(17 10) 4 5 0 0 #timing (1381 1291) ps polarity 0
net 90: (17 10)->(19 8) 1 3 0 1 #timing (1580 1613) ps  polarity 1
net 90: (19 8)->(19 8) 0 0 0 1 #timing (1784 1759) ps  polarity 0
net 90: (13 15)->(12 15) 0 2 0 0 #timing (692 692) ps polarity 1
net 90: (12 15)->(12 15) 1 0 0 0 #timing (771 774) ps polarity 0
net 90: (12 15)->(12 15) 1 0 0 1 #timing (974 944) ps  polarity 1
net 90: (12 15)->(13 15) 0 2 0 1 #timing (1055 1081) ps  polarity 0
net 90: (12 15)->(16 15) 4 5 0 0 #timing (1040 1011) ps polarity 0
net 90: (16 15)->(16 15) 1 0 1 1 #timing (1210 1211) ps  polarity 1
net 90: (16 15)->(16 15) 0 0 0 1 #timing (1327 1321) ps  polarity 0
net 90: (16 15)->(17 14) 0 3 0 1 #timing (1367 1341) ps  polarity 0
net 90: (13 15)->(12 14) 0 3 0 0 #timing (702 702) ps polarity 1
net 90: (12 14)->(12 12) 1 1 0 0 #timing (840 824) ps polarity 0
net 90: (12 12)->(12 12) 5 0 0 0 #timing (932 976) ps polarity 1
net 90: (12 12)->(4 4) 5 3 0 1 #timing (1535 1579) ps  polarity 1
net 90: (4 4)->(4 4) 1 0 0 1 #timing (1704 1739) ps  polarity 1
net 90: (4 4)->(4 4) 0 0 0 1 #timing (1864 1819) ps  polarity 0
net 91: (11 14)->(11 14) 0 0 0 0 #timing (162 162) ps polarity 1
net 91: (11 14)->(11 14) 1 0 0 0 #timing (238 240) ps polarity 0
net 91: (11 14)->(11 14) 5 0 0 0 #timing (342 357) ps polarity 1
net 91: (11 14)->(11 6) 5 1 0 1 #timing (670 692) ps  polarity 0
net 91: (11 6)->(11 6) 1 0 1 1 #timing (900 841) ps  polarity 1
net 91: (11 6)->(10 7) 0 3 0 1 #timing (987 1024) ps  polarity 0
net 91: (11 14)->(10 15) 0 3 0 0 #timing (188 188) ps polarity 1
net 91: (10 15)->(10 13) 1 1 0 0 #timing (325 308) ps polarity 0
net 91: (10 13)->(10 9) 3 1 0 0 #timing (595 579) ps polarity 0
net 91: (10 9)->(6 9) 4 5 0 0 #timing (936 869) ps polarity 0
net 91: (6 9)->(6 9) 1 0 1 1 #timing (1073 1115) ps  polarity 1
net 91: (6 9)->(6 9) 0 0 0 1 #timing (1223 1178) ps  polarity 0
net 91: (6 9)->(7 9) 0 2 0 1 #timing (1231 1184) ps  polarity 0
net 92: (15 14)->(15 14) 0 0 0 0 #timing (162 162) ps polarity 1
net 92: (15 14)->(15 14) 1 0 0 0 #timing (238 241) ps polarity 0
net 92: (15 14)->(15 10) 3 1 0 0 #timing (542 477) ps polarity 0
net 92: (15 10)->(15 10) 5 0 0 0 #timing (666 614) ps polarity 1
net 92: (15 10)->(7 10) 5 2 0 1 #timing (1138 1066) ps  polarity 0
net 92: (7 10)->(7 8) 1 1 0 1 #timing (1315 1341) ps  polarity 1
net 92: (7 8)->(7 9) 0 1 0 1 #timing (1447 1440) ps  polarity 0
net 92: (15 14)->(15 15) 0 1 0 0 #timing (174 174) ps polarity 1
net 92: (15 15)->(15 15) 1 0 0 0 #timing (257 258) ps polarity 0
net 92: (15 15)->(15 11) 3 1 0 0 #timing (535 483) ps polarity 0
net 92: (15 11)->(15 11) 5 0 0 0 #timing (657 618) ps polarity 1
net 92: (15 11)->(7 11) 5 2 0 1 #timing (1072 1021) ps  polarity 0
net 92: (7 11)->(7 9) 1 1 0 1 #timing (1270 1276) ps  polarity 1
net 92: (7 9)->(6 9) 0 2 0 1 #timing (1385 1402) ps  polarity 0
net 92: (15 15)->(11 15) 4 2 0 0 #timing (493 473) ps polarity 0
net 92: (11 15)->(11 15) 5 0 0 0 #timing (623 620) ps polarity 1
net 92: (11 15)->(11 7) 5 1 0 1 #timing (944 951) ps  polarity 0
net 92: (11 7)->(11 7) 1 0 0 1 #timing (1157 1116) ps  polarity 1
net 92: (11 7)->(11 7) 0 0 0 1 #timing (1230 1266) ps  polarity 0
net 93: (8 21)->(9 20) 0 3 0 0 #timing (695 695) ps polarity 1
net 93: (9 20)->(9 22) 1 1 0 0 #timing (823 813) ps polarity 0
net 93: (9 22)->(5 22) 4 5 0 0 #timing (1099 1097) ps polarity 0
net 93: (5 22)->(5 22) 5 0 0 0 #timing (1239 1254) ps polarity 1
net 93: (5 22)->(5 7) 13 1 1 0 #timing (1866 1737) ps polarity 0
net 93: (5 7)->(5 7) 5 0 0 1 #timing (2079 1963) ps  polarity 0
net 93: (5 7)->(7 7) 1 2 0 1 #timing (2261 2128) ps  polarity 0
net 93: (7 7)->(7 7) 0 0 0 1 #timing (2248 2386) ps  polarity 1
net 93: (9 20)->(11 20) 1 2 0 0 #timing (831 818) ps polarity 0
net 93: (11 20)->(11 24) 3 4 0 0 #timing (1198 1148) ps polarity 0
net 93: (11 24)->(11 24) 5 0 0 0 #timing (1325 1287) ps polarity 1
net 93: (11 24)->(11 8) 13 1 0 0 #timing (1961 1867) ps polarity 0
net 93: (11 8)->(11 8) 5 0 0 1 #timing (2192 2109) ps  polarity 0
net 93: (11 8)->(11 8) 1 0 0 1 #timing (2336 2249) ps  polarity 0
net 93: (11 8)->(10 9) 0 3 0 1 #timing (2394 2460) ps  polarity 1
net 128: (9 9)->(9 9) 0 0 0 0 #timing (147 147) ps polarity 0
net 128: (9 9)->(9 9) 1 0 0 0 #timing (217 222) ps polarity 1
net 128: (9 9)->(9 13) 3 1 0 0 #timing (605 508) ps polarity 1
net 128: (9 13)->(5 13) 4 5 0 0 #timing (913 781) ps polarity 1
net 128: (5 13)->(5 17) 3 4 0 1 #timing (1197 1238) ps  polarity 1
net 128: (5 17)->(7 19) 1 3 0 1 #timing (1363 1387) ps  polarity 0
net 128: (7 19)->(6 18) 0 3 0 1 #timing (1525 1516) ps  polarity 1
net 128: (9 9)->(5 9) 4 5 0 0 #timing (500 457) ps polarity 1
net 128: (5 9)->(5 5) 3 4 0 1 #timing (937 853) ps  polarity 1
net 128: (5 5)->(7 7) 1 3 0 1 #timing (1104 1001) ps  polarity 0
net 128: (7 7)->(6 7) 0 2 0 1 #timing (1154 1268) ps  polarity 1
net 128: (5 9)->(5 9) 5 0 1 0 #timing (646 618) ps polarity 0
net 128: (5 9)->(5 1) 5 1 0 1 #timing (1010 984) ps  polarity 1
net 128: (5 1)->(5 1) 1 0 0 1 #timing (1188 1180) ps  polarity 0
net 128: (5 1)->(4 1) 0 2 0 1 #timing (1311 1307) ps  polarity 1
net 128: (5 1)->(4 0) 0 3 0 1 #timing (1318 1307) ps  polarity 1
net 128: (9 9)->(9 8) 0 1 0 0 #timing (244 244) ps polarity 0
net 128: (9 8)->(9 8) 1 0 0 0 #timing (335 335) ps polarity 1
net 128: (9 8)->(9 4) 3 4 0 0 #timing (618 577) ps polarity 1
net 128: (9 4)->(9 6) 1 1 0 1 #timing (876 790) ps  polarity 0
net 128: (9 6)->(8 7) 0 3 0 1 #timing (911 1010) ps  polarity 1
net 128: (9 4)->(13 4) 4 2 0 0 #timing (982 895) ps polarity 1
net 128: (13 4)->(17 4) 4 5 0 1 #timing (1284 1172) ps  polarity 1
net 128: (17 4)->(19 6) 1 3 0 1 #timing (1553 1387) ps  polarity 0
net 128: (19 6)->(18 6) 0 2 0 1 #timing (1542 1732) ps  polarity 1
net 128: (9 4)->(5 4) 4 5 0 0 #timing (939 855) ps polarity 1
net 128: (5 4)->(5 6) 1 1 0 1 #timing (1098 1147) ps  polarity 0
net 128: (5 6)->(4 6) 0 2 0 1 #timing (1286 1242) ps  polarity 1
net 128: (5 6)->(4 7) 0 3 0 1 #timing (1325 1261) ps  polarity 1
net 128: (9 9)->(8 9) 0 2 0 0 #timing (151 151) ps polarity 0
net 128: (8 9)->(8 9) 1 0 0 0 #timing (232 235) ps polarity 1
net 128: (8 9)->(8 13) 3 1 0 0 #timing (525 467) ps polarity 1
net 128: (8 13)->(8 13) 1 0 1 1 #timing (742 646) ps  polarity 0
net 128: (8 13)->(8 13) 0 0 0 1 #timing (806 875) ps  polarity 1
net 128: (8 13)->(8 12) 0 1 0 1 #timing (840 886) ps  polarity 1
net 128: (8 13)->(12 13) 4 2 0 0 #timing (788 724) ps polarity 1
net 128: (12 13)->(12 13) 1 0 1 1 #timing (926 963) ps  polarity 0
net 128: (12 13)->(12 13) 0 0 0 1 #timing (1100 1047) ps  polarity 1
net 128: (12 13)->(12 12) 0 1 0 1 #timing (1113 1052) ps  polarity 1
net 128: (8 13)->(4 13) 4 5 0 0 #timing (891 772) ps polarity 1
net 128: (4 13)->(4 13) 1 0 1 1 #timing (980 1071) ps  polarity 0
net 128: (4 13)->(4 13) 0 0 0 1 #timing (1208 1102) ps  polarity 1
net 128: (8 13)->(8 13) 5 0 0 0 #timing (655 608) ps polarity 0
net 128: (8 13)->(24 13) 13 2 0 0 #timing (1262 1183) ps polarity 1
net 128: (24 13)->(24 13) 5 0 0 1 #timing (1502 1436) ps  polarity 1
net 128: (24 13)->(24 13) 1 0 1 1 #timing (1650 1577) ps  polarity 1
net 128: (24 13)->(24 13) 0 0 0 1 #timing (1738 1783) ps  polarity 0
net 128: (24 13)->(24 17) 3 4 0 1 #timing (1884 1736) ps  polarity 0
net 128: (24 17)->(24 19) 1 1 0 1 #timing (2028 1871) ps  polarity 1
net 128: (24 19)->(24 19) 0 0 0 1 #timing (2013 2177) ps  polarity 0
net 128: (24 17)->(26 19) 1 3 0 1 #timing (2031 1873) ps  polarity 1
net 128: (26 19)->(26 18) 0 1 0 1 #timing (1990 2172) ps  polarity 0
net 128: (24 13)->(20 13) 4 5 0 1 #timing (1884 1751) ps  polarity 0
net 128: (20 13)->(22 13) 1 2 0 1 #timing (2094 1929) ps  polarity 1
net 128: (22 13)->(22 13) 0 0 0 1 #timing (2087 2264) ps  polarity 0
net 128: (22 13)->(22 12) 0 1 0 1 #timing (2096 2270) ps  polarity 0
net 128: (20 13)->(20 17) 3 4 0 1 #timing (2172 1979) ps  polarity 0
net 128: (20 17)->(22 19) 1 3 0 1 #timing (2352 2134) ps  polarity 1
net 128: (22 19)->(22 19) 0 0 0 1 #timing (2290 2535) ps  polarity 0
net 128: (24 13)->(24 5) 5 1 0 1 #timing (1723 1625) ps  polarity 0
net 128: (24 5)->(24 7) 1 1 0 1 #timing (1879 1925) ps  polarity 1
net 128: (24 7)->(24 7) 0 0 0 1 #timing (2068 2028) ps  polarity 0
net 128: (24 5)->(20 5) 4 5 0 1 #timing (2089 1920) ps  polarity 0
net 128: (20 5)->(20 7) 1 1 0 1 #timing (2336 2124) ps  polarity 1
net 128: (20 7)->(20 6) 0 1 0 1 #timing (2248 2478) ps  polarity 0
net 128: (20 5)->(22 7) 1 3 0 1 #timing (2333 2123) ps  polarity 1
net 128: (22 7)->(22 6) 0 1 0 1 #timing (2268 2511) ps  polarity 0
net 128: (8 13)->(25 13) 13 2 1 0 #timing (1269 1189) ps polarity 1
net 128: (25 13)->(25 13) 5 0 1 1 #timing (1515 1448) ps  polarity 1
net 128: (25 13)->(27 13) 1 2 0 1 #timing (1724 1634) ps  polarity 1
net 128: (27 13)->(26 13) 0 2 0 1 #timing (1800 1904) ps  polarity 0
net 128: (27 13)->(26 12) 0 3 0 1 #timing (1804 1904) ps  polarity 0
net 128: (25 13)->(21 13) 4 5 0 1 #timing (1844 1734) ps  polarity 0
net 128: (21 13)->(21 13) 1 0 1 1 #timing (2038 1903) ps  polarity 1
net 128: (21 13)->(20 13) 0 2 0 1 #timing (2034 2157) ps  polarity 0
net 128: (21 13)->(21 17) 3 4 0 1 #timing (2129 1972) ps  polarity 0
net 128: (21 17)->(21 19) 1 1 0 1 #timing (2274 2109) ps  polarity 1
net 128: (21 19)->(20 19) 0 2 0 1 #timing (2252 2420) ps  polarity 0
net 128: (21 19)->(20 18) 0 3 0 1 #timing (2240 2413) ps  polarity 0
net 128: (8 9)->(12 9) 4 2 0 0 #timing (469 457) ps polarity 1
net 128: (12 9)->(12 5) 3 4 0 1 #timing (930 797) ps 
net 128: (12 9)->(16 9) 4 5 0 1 #timing (781 719) ps  polarity 1
net 128: (16 9)->(16 13) 3 1 0 1 #timing (1045 937) ps  polarity 1
net 128: (16 13)->(16 13) 1 0 0 1 #timing (1145 1041) ps  polarity 0
net 128: (16 13)->(16 12) 0 1 0 1 #timing (1189 1271) ps  polarity 1
net 128: (16 13)->(18 13) 1 2 0 1 #timing (1183 1067) ps  polarity 0
net 128: (18 13)->(18 12) 0 1 0 1 #timing (1233 1353) ps  polarity 1
net 128: (16 9)->(16 5) 3 4 0 1 #timing (1109 971) ps  polarity 1
net 128: (16 5)->(16 7) 1 1 0 1 #timing (1248 1104) ps  polarity 0
net 128: (16 7)->(16 6) 0 1 0 1 #timing (1224 1379) ps  polarity 1
net 128: (12 9)->(12 9) 5 0 0 0 #timing (586 592) ps polarity 0
net 128: (12 9)->(12 1) 5 1 0 1 #timing (944 951) ps  polarity 1
net 128: (12 1)->(12 1) 1 0 1 1 #timing (1125 1100) ps 
net 128: (12 1)->(16 1) 4 5 0 1 #timing (1234 1201) ps  polarity 1
net 128: (16 1)->(18 1) 1 2 0 1 #timing (1464 1394) ps  polarity 0
net 128: (18 1)->(18 1) 0 0 0 1 #timing (1542 1618) ps  polarity 1
net 128: (12 9)->(12 25) 13 1 0 0 #timing (1229 1104) ps polarity 1
net 128: (12 25)->(12 25) 5 0 1 1 #timing (1460 1346) ps  polarity 1
net 128: (12 25)->(12 25) 1 0 1 1 #timing (1600 1485) ps  polarity 1
net 128: (12 25)->(12 24) 0 1 0 1 #timing (1635 1727) ps  polarity 0
net 128: (12 25)->(14 25) 1 2 0 1 #timing (1642 1514) ps  polarity 1
net 128: (14 25)->(14 24) 0 1 0 1 #timing (1679 1808) ps  polarity 0
net 128: (12 25)->(16 25) 4 5 0 1 #timing (1819 1650) ps  polarity 0
net 128: (16 25)->(16 25) 1 0 1 1 #timing (2006 1811) ps  polarity 1
net 128: (16 25)->(16 24) 0 1 0 1 #timing (1956 2130) ps  polarity 0
net 128: (16 25)->(18 25) 1 2 0 1 #timing (2045 1839) ps  polarity 1
net 128: (18 25)->(18 24) 0 1 0 1 #timing (2003 2215) ps  polarity 0
net 128: (8 9)->(12 9) 4 2 0 1 #timing (576 531) ps  polarity 1
net 128: (12 9)->(12 5) 3 4 0 1 #timing (930 797) ps  polarity 1
net 128: (12 5)->(12 7) 1 1 0 1 #timing (1066 928) ps  polarity 0
net 128: (12 7)->(12 7) 0 0 0 1 #timing (1068 1212) ps  polarity 1
net 128: (12 7)->(12 6) 0 1 0 1 #timing (1050 1200) ps  polarity 1
net 128: (12 5)->(14 7) 1 3 0 1 #timing (1100 949) ps  polarity 0
net 128: (14 7)->(14 6) 0 1 0 1 #timing (1087 1268) ps  polarity 1
net 128: (8 9)->(4 9) 4 5 0 0 #timing (561 497) ps polarity 1
net 128: (4 9)->(0 9) 4 2 0 1 #timing (844 761) ps  polarity 1
net 128: (0 9)->(0 13) 3 1 0 1 #timing (1118 987) ps  polarity 1
net 128: (0 13)->(2 13) 1 2 0 1 #timing (1258 1117) ps  polarity 0
net 128: (2 13)->(2 13) 0 0 0 1 #timing (1234 1402) ps  polarity 1
net 128: (2 13)->(2 12) 0 1 0 1 #timing (1241 1406) ps  polarity 1
net 128: (4 9)->(4 9) 5 0 0 0 #timing (699 647) ps polarity 0
net 128: (4 9)->(4 1) 5 1 0 1 #timing (1047 1001) ps  polarity 1
net 128: (4 1)->(4 1) 1 0 1 1 #timing (1208 1218) ps  polarity 0
net 128: (4 1)->(5 0) 0 3 0 1 #timing (1350 1326) ps  polarity 1
net 128: (4 1)->(6 1) 1 2 0 1 #timing (1258 1252) ps  polarity 0
net 128: (6 1)->(6 1) 0 0 0 1 #timing (1403 1414) ps  polarity 1
net 128: (8 9)->(8 9) 5 0 0 0 #timing (338 352) ps polarity 0
net 128: (8 9)->(8 1) 5 1 0 1 #timing (717 726) ps  polarity 1
net 128: (8 1)->(10 1) 1 2 0 1 #timing (959 903) ps  polarity 0
net 128: (10 1)->(10 1) 0 0 0 1 #timing (1066 1100) ps  polarity 1
net 128: (8 1)->(12 1) 4 2 0 1 #timing (936 933) ps  polarity 1
net 128: (12 1)->(12 1) 1 0 1 1 #timing (1125 1100) ps  polarity 0
net 128: (12 1)->(12 0) 0 1 0 1 #timing (1205 1227) ps  polarity 1
net 128: (8 9)->(8 25) 13 1 0 0 #timing (1006 868) ps polarity 1
net 128: (8 25)->(8 25) 5 0 0 1 #timing (1239 1112) ps  polarity 1
net 128: (8 25)->(10 25) 1 2 0 1 #timing (1410 1267) ps  polarity 1
net 128: (10 25)->(10 24) 0 1 0 1 #timing (1459 1560) ps  polarity 0
net 128: (8 25)->(25 25) 13 2 1 0 #timing (1574 1604) ps polarity 0
net 128: (25 25)->(25 25) 5 0 1 1 #timing (1819 1862) ps  polarity 0
net 128: (25 25)->(25 25) 1 0 0 1 #timing (1961 2004) ps  polarity 0
net 128: (25 25)->(24 24) 0 3 0 1 #timing (2156 2090) ps  polarity 1
net 128: (25 25)->(21 25) 4 5 0 1 #timing (2140 2144) ps  polarity 1
net 128: (21 25)->(21 25) 1 0 0 1 #timing (2339 2315) ps  polarity 0
net 128: (21 25)->(20 25) 0 2 0 1 #timing (2447 2456) ps 
net 128: (21 25)->(20 24) 0 3 0 1 #timing (2462 2464) ps  polarity 1
net 128: (21 25)->(21 25) 1 0 1 1 #timing (2336 2314) ps  polarity 0
net 128: (21 25)->(20 25) 0 2 0 1 #timing (2447 2456) ps  polarity 1
net 128: (21 25)->(20 24) 0 3 0 1 #timing (2342 2344) ps 
net 128: (8 9)->(10 11) 1 3 0 0 #timing (314 284) ps polarity 1
net 128: (10 11)->(10 15) 3 1 0 0 #timing (601 609) ps polarity 1
net 128: (10 15)->(10 19) 3 4 0 1 #timing (1024 922) ps  polarity 1
net 128: (10 19)->(10 19) 1 0 0 1 #timing (1120 1024) ps  polarity 0
net 128: (10 19)->(10 19) 0 0 0 1 #timing (1161 1242) ps  polarity 1
net 128: (10 19)->(10 18) 0 1 0 1 #timing (1173 1246) ps  polarity 1
net 128: (10 19)->(8 19) 1 2 0 1 #timing (1136 1034) ps  polarity 0
net 128: (8 19)->(8 19) 0 0 0 1 #timing (1176 1271) ps  polarity 1
net 128: (8 19)->(8 18) 0 1 0 1 #timing (1189 1276) ps  polarity 1
net 128: (10 15)->(14 15) 4 2 0 0 #timing (880 873) ps polarity 1
net 128: (14 15)->(14 19) 3 4 0 1 #timing (1258 1146) ps 
net 128: (14 15)->(18 15) 4 5 0 1 #timing (1181 1136) ps  polarity 1
net 128: (18 15)->(18 19) 3 4 0 1 #timing (1457 1364) ps  polarity 1
net 128: (18 19)->(18 19) 1 0 0 1 #timing (1557 1469) ps  polarity 0
net 128: (18 19)->(18 19) 0 0 0 1 #timing (1603 1677) ps  polarity 1
net 128: (18 19)->(18 18) 0 1 0 1 #timing (1615 1681) ps  polarity 1
net 128: (10 15)->(14 15) 4 2 0 1 #timing (988 922) ps  polarity 1
net 128: (14 15)->(14 19) 3 4 0 1 #timing (1258 1146) ps  polarity 1
net 128: (14 19)->(14 19) 1 0 0 1 #timing (1353 1247) ps  polarity 0
net 128: (14 19)->(14 19) 0 0 0 1 #timing (1381 1474) ps  polarity 1
net 175: (8 9)->(8 8) 0 1 0 0 #timing (700 700) ps polarity 0
net 175: (8 8)->(10 10) 1 3 0 0 #timing (857 835) ps polarity 1
net 175: (10 10)->(8 8) 1 3 0 1 #timing (1146 1089) ps  polarity 0
net 175: (8 8)->(8 9) 0 1 0 1 #timing (1199 1275) ps  polarity 1
net 175: (10 10)->(10 14) 3 1 0 0 #timing (1165 1163) ps polarity 1
net 175: (10 14)->(6 14) 4 5 0 0 #timing (1549 1478) ps polarity 1
net 175: (6 14)->(6 14) 1 0 1 1 #timing (1677 1724) ps  polarity 0
net 175: (6 14)->(6 15) 0 1 0 1 #timing (1838 1785) ps  polarity 1
net 175: (6 14)->(6 14) 5 0 0 0 #timing (1675 1622) ps polarity 0
net 175: (6 14)->(6 6) 5 1 0 1 #timing (2032 1979) ps  polarity 1
net 175: (6 6)->(6 4) 1 1 0 1 #timing (2234 2238) ps  polarity 0
net 175: (6 4)->(6 5) 0 1 0 1 #timing (2438 2408) ps  polarity 1
net 176: (6 18)->(6 19) 0 1 0 0 #timing (697 697) ps polarity 0
net 176: (6 19)->(6 19) 1 0 0 0 #timing (790 792) ps polarity 1
net 176: (6 19)->(6 15) 3 4 0 0 #timing (1107 1040) ps polarity 1
net 176: (6 15)->(6 15) 1 0 1 1 #timing (1329 1225) ps  polarity 0
net 176: (6 15)->(6 15) 0 0 0 1 #timing (1333 1434) ps  polarity 1
net 176: (6 15)->(6 15) 5 0 0 0 #timing (1246 1188) ps polarity 0
net 176: (6 15)->(6 7) 5 1 0 1 #timing (1617 1557) ps  polarity 1
net 176: (6 7)->(6 5) 1 1 0 1 #timing (1814 1825) ps  polarity 0
net 176: (6 5)->(6 5) 0 0 0 1 #timing (2002 1987) ps  polarity 1
net 176: (6 18)->(7 18) 0 2 0 0 #timing (708 708) ps polarity 0
net 176: (7 18)->(5 18) 1 2 0 0 #timing (857 833) ps polarity 1
net 176: (5 18)->(7 16) 1 3 0 1 #timing (1143 1073) ps  polarity 0
net 176: (7 16)->(6 17) 0 3 0 1 #timing (1234 1310) ps  polarity 1
net 177: (6 16)->(6 17) 0 1 0 0 #timing (672 672) ps polarity 0
net 177: (6 17)->(6 17) 1 0 0 0 #timing (763 764) ps polarity 1
net 177: (6 17)->(6 17) 1 0 0 1 #timing (969 936) ps  polarity 0
net 177: (6 17)->(6 16) 0 1 0 1 #timing (1036 1070) ps  polarity 1
net 177: (6 16)->(7 16) 0 2 0 0 #timing (678 678) ps polarity 0
net 177: (7 16)->(5 18) 1 3 0 0 #timing (842 811) ps polarity 1
net 177: (5 18)->(5 14) 3 4 0 0 #timing (1110 1132) ps polarity 1
net 177: (5 14)->(7 14) 1 2 0 1 #timing (1369 1343) ps  polarity 0
net 177: (7 14)->(6 15) 0 3 0 1 #timing (1493 1512) ps  polarity 1
net 177: (5 14)->(5 14) 5 0 0 0 #timing (1235 1270) ps polarity 0
net 177: (5 14)->(5 6) 5 1 0 1 #timing (1600 1634) ps  polarity 1
net 177: (5 6)->(7 4) 1 3 0 1 #timing (1923 1823) ps  polarity 0
net 177: (7 4)->(6 5) 0 3 0 1 #timing (1990 2090) ps  polarity 1
net 178: (6 11)->(6 11) 0 0 0 0 #timing (197 197) ps polarity 1
net 178: (6 11)->(6 11) 1 0 0 0 #timing (281 282) ps polarity 0
net 178: (6 11)->(6 7) 3 4 0 0 #timing (567 513) ps polarity 0
net 178: (6 7)->(6 7) 1 0 1 1 #timing (781 691) ps  polarity 1
net 178: (6 7)->(7 6) 0 3 0 1 #timing (826 900) ps  polarity 0
net 178: (6 11)->(4 9) 1 3 0 0 #timing (391 349) ps polarity 0
net 178: (4 9)->(4 5) 3 4 0 0 #timing (694 717) ps polarity 0
net 178: (4 5)->(8 5) 4 5 0 0 #timing (1096 1052) ps polarity 0
net 178: (8 5)->(8 7) 1 1 0 1 #timing (1295 1299) ps  polarity 1
net 178: (8 7)->(8 7) 0 0 0 1 #timing (1442 1448) ps  polarity 0
net 178: (8 5)->(8 5) 5 0 1 0 #timing (1225 1195) ps polarity 1
net 178: (8 5)->(0 13) 5 3 0 1 #timing (1821 1795) ps  polarity 1
net 178: (0 13)->(2 15) 1 3 0 1 #timing (2096 2038) ps  polarity 1
net 178: (2 15)->(2 15) 0 0 0 1 #timing (2168 2263) ps  polarity 0
net 178: (6 11)->(7 10) 0 3 0 0 #timing (203 204) ps polarity 1
net 178: (7 10)->(7 8) 1 1 0 0 #timing (330 318) ps polarity 0
net 178: (7 8)->(7 12) 3 1 0 0 #timing (622 592) ps polarity 0
net 178: (7 12)->(7 12) 1 0 1 1 #timing (839 774) ps  polarity 1
net 178: (7 12)->(7 13) 0 1 0 1 #timing (890 948) ps  polarity 0
net 179: (5 3)->(5 3) 0 0 0 0 #timing (686 686) ps polarity 0
net 179: (5 3)->(5 3) 1 0 0 0 #timing (759 764) ps polarity 1
net 179: (5 3)->(5 3) 1 0 0 1 #timing (963 935) ps  polarity 0
net 179: (5 3)->(5 3) 0 0 0 1 #timing (1036 1065) ps  polarity 1
net 179: (5 3)->(5 3) 5 0 1 0 #timing (870 881) ps polarity 0
net 179: (5 3)->(5 11) 5 1 0 1 #timing (1214 1225) ps  polarity 1
net 179: (5 11)->(5 9) 1 1 0 1 #timing (1474 1416) ps  polarity 0
net 179: (5 9)->(5 8) 0 1 0 1 #timing (1546 1613) ps  polarity 1
net 179: (5 3)->(5 19) 13 1 0 0 #timing (1545 1405) ps polarity 1
net 179: (5 19)->(5 19) 5 0 0 1 #timing (1777 1648) ps  polarity 1
net 179: (5 19)->(7 17) 1 3 0 1 #timing (2001 1842) ps  polarity 1
net 179: (7 17)->(6 16) 0 3 0 1 #timing (2002 2166) ps  polarity 0
net 179: (5 3)->(7 1) 1 3 0 0 #timing (842 817) ps polarity 1
net 179: (7 1)->(7 1) 1 0 1 1 #timing (1067 1021) ps  polarity 0
net 179: (7 1)->(7 1) 0 0 0 1 #timing (1118 1166) ps  polarity 1
net 179: (5 3)->(5 2) 0 1 0 0 #timing (700 700) ps polarity 0
net 179: (5 2)->(5 0) 1 1 0 0 #timing (830 813) ps polarity 1
net 179: (5 0)->(5 0) 5 0 0 0 #timing (922 968) ps polarity 0
net 179: (5 0)->(5 8) 5 1 0 1 #timing (1267 1317) ps  polarity 1
net 179: (5 8)->(9 8) 4 5 0 1 #timing (1636 1627) ps  polarity 1
net 179: (9 8)->(9 8) 1 0 1 1 #timing (1831 1796) ps  polarity 0
net 179: (9 8)->(8 9) 0 3 0 1 #timing (1881 1920) ps  polarity 1
net 179: (5 3)->(4 3) 0 2 0 0 #timing (692 692) ps polarity 0
net 179: (4 3)->(4 1) 1 1 0 0 #timing (819 806) ps polarity 1
net 179: (4 1)->(4 1) 5 0 0 0 #timing (913 953) ps polarity 0
net 179: (4 1)->(4 16) 13 1 1 0 #timing (1537 1387) ps polarity 1
net 179: (4 16)->(4 16) 5 0 1 1 #timing (1763 1625) ps  polarity 1
net 179: (4 16)->(6 16) 1 2 0 1 #timing (1945 1791) ps  polarity 1
net 179: (6 16)->(6 17) 0 1 0 1 #timing (1904 2081) ps  polarity 0
net 179: (4 3)->(6 1) 1 3 0 0 #timing (860 833) ps polarity 1
net 179: (6 1)->(6 5) 3 1 0 0 #timing (1181 1178) ps polarity 1
net 179: (6 5)->(6 5) 5 0 0 0 #timing (1307 1317) ps polarity 0
net 179: (6 5)->(14 13) 5 3 0 1 #timing (1895 1912) ps  polarity 0
net 179: (14 13)->(12 15) 1 3 0 1 #timing (2160 2133) ps  polarity 0
net 179: (12 15)->(12 15) 0 0 0 1 #timing (2296 2344) ps  polarity 1
net 179: (5 3)->(4 2) 0 3 0 0 #timing (702 703) ps polarity 0
net 179: (4 2)->(6 2) 1 2 0 0 #timing (840 826) ps polarity 1
net 179: (6 2)->(4 2) 1 2 0 1 #timing (1124 1077) ps  polarity 0
net 179: (4 2)->(4 3) 0 1 0 1 #timing (1198 1255) ps  polarity 1
net 179: (6 2)->(10 2) 4 5 0 0 #timing (1168 1170) ps polarity 1
net 179: (10 2)->(10 2) 1 0 0 1 #timing (1374 1343) ps  polarity 0
net 179: (10 2)->(10 3) 0 1 0 1 #timing (1462 1485) ps  polarity 1
net 179: (10 2)->(10 2) 5 0 0 0 #timing (1297 1312) ps polarity 0
net 179: (10 2)->(10 10) 5 1 0 1 #timing (1619 1644) ps  polarity 1
net 179: (10 10)->(8 10) 1 2 0 1 #timing (1871 1806) ps  polarity 0
net 179: (8 10)->(8 11) 0 1 0 1 #timing (1906 1977) ps  polarity 1
net 182: (7 2)->(7 2) 0 0 0 0 #timing (210 210) ps polarity 1
net 182: (7 2)->(5 0) 1 3 0 0 #timing (376 347) ps polarity 0
net 182: (5 0)->(5 0) 1 0 1 1 #timing (603 554) ps  polarity 1
net 182: (5 0)->(5 0) 0 0 0 1 #timing (652 703) ps  polarity 0
net 182: (5 0)->(5 2) 1 1 0 1 #timing (643 581) ps  polarity 1
net 182: (5 2)->(5 3) 0 1 0 1 #timing (725 788) ps  polarity 0
net 183: (5 9)->(4 9) 0 2 0 0 #timing (692 693) ps polarity 1
net 183: (4 9)->(4 9) 1 0 0 0 #timing (771 774) ps polarity 0
net 183: (4 9)->(6 9) 1 2 0 1 #timing (1025 978) ps  polarity 1
net 183: (6 9)->(6 8) 0 1 0 1 #timing (1126 1188) ps  polarity 0
net 183: (4 9)->(8 9) 4 5 0 0 #timing (1159 1078) ps polarity 0
net 183: (8 9)->(10 9) 1 2 0 1 #timing (1317 1357) ps  polarity 1
net 183: (10 9)->(10 9) 0 0 0 1 #timing (1468 1430) ps  polarity 0
net 183: (5 9)->(4 8) 0 3 0 0 #timing (702 702) ps polarity 1
net 183: (4 8)->(6 8) 1 2 0 0 #timing (841 826) ps polarity 0
net 183: (6 8)->(4 8) 1 2 0 1 #timing (1117 1065) ps  polarity 1
net 183: (4 8)->(4 9) 0 1 0 1 #timing (1189 1256) ps  polarity 0
net 184: (14 14)->(14 15) 0 1 0 0 #timing (183 183) ps polarity 1
net 184: (14 15)->(12 15) 1 2 0 0 #timing (320 301) ps polarity 0
net 184: (12 15)->(12 15) 5 0 0 0 #timing (419 476) ps polarity 1
net 184: (12 15)->(4 7) 5 3 0 1 #timing (1018 1077) ps  polarity 1
net 184: (4 7)->(4 7) 1 0 0 1 #timing (1186 1234) ps  polarity 1
net 184: (4 7)->(5 7) 0 2 0 1 #timing (1331 1285) ps  polarity 0
net 184: (14 14)->(15 15) 0 3 0 0 #timing (191 191) ps polarity 1
net 184: (15 15)->(15 13) 1 1 0 0 #timing (313 304) ps polarity 0
net 184: (15 13)->(15 9) 3 1 0 0 #timing (595 568) ps polarity 0
net 184: (15 9)->(11 9) 4 2 0 0 #timing (871 822) ps polarity 0
net 184: (11 9)->(11 9) 1 0 1 1 #timing (1033 1053) ps  polarity 1
net 184: (11 9)->(10 9) 0 2 0 1 #timing (1176 1147) ps  polarity 0
net 184: (15 9)->(15 9) 5 0 0 0 #timing (718 704) ps polarity 1
net 184: (15 9)->(7 9) 5 2 0 1 #timing (1210 1170) ps  polarity 0
net 184: (7 9)->(7 9) 1 0 0 1 #timing (1376 1381) ps  polarity 1
net 184: (7 9)->(6 8) 0 3 0 1 #timing (1483 1479) ps  polarity 0
net 185: (10 14)->(10 14) 0 0 0 0 #timing (166 166) ps polarity 1
net 185: (10 14)->(10 12) 1 1 0 0 #timing (297 280) ps polarity 0
net 185: (10 12)->(10 8) 3 1 0 0 #timing (603 570) ps polarity 0
net 185: (10 8)->(10 8) 1 0 1 1 #timing (814 748) ps  polarity 1
net 185: (10 8)->(10 9) 0 1 0 1 #timing (869 926) ps  polarity 0
net 185: (10 8)->(6 8) 4 5 0 1 #timing (1065 927) ps  polarity 0
net 185: (6 8)->(6 8) 1 0 1 1 #timing (1257 1094) ps  polarity 1
net 185: (6 8)->(6 8) 0 0 0 1 #timing (1198 1360) ps  polarity 0
net 185: (10 14)->(10 15) 0 1 0 0 #timing (183 183) ps polarity 1
net 185: (10 15)->(10 15) 1 0 0 0 #timing (263 265) ps polarity 0
net 185: (10 15)->(10 15) 5 0 0 0 #timing (366 381) ps polarity 1
net 185: (10 15)->(10 7) 5 1 0 1 #timing (719 735) ps  polarity 0
net 185: (10 7)->(6 7) 4 5 0 1 #timing (1045 1008) ps  polarity 0
net 185: (6 7)->(4 7) 1 2 0 1 #timing (1257 1189) ps  polarity 1
net 185: (4 7)->(4 7) 0 0 0 1 #timing (1363 1420) ps  polarity 0
net 186: (12 0)->(12 1) 0 1 0 0 #timing (813 813) ps polarity 1
net 186: (12 1)->(12 1) 1 0 0 0 #timing (895 896) ps polarity 0
net 186: (12 1)->(8 1) 4 2 0 0 #timing (1138 1117) ps polarity 0
net 186: (8 1)->(8 1) 5 0 1 0 #timing (1266 1266) ps polarity 1
net 186: (8 1)->(8 17) 13 1 0 0 #timing (1894 1772) ps polarity 0
net 186: (8 17)->(8 17) 5 0 1 1 #timing (2141 2029) ps  polarity 0
net 186: (8 17)->(8 17) 1 0 0 1 #timing (2291 2171) ps  polarity 0
net 186: (8 17)->(8 17) 0 0 0 1 #timing (2302 2410) ps  polarity 1
net 186: (12 1)->(16 1) 4 5 0 0 #timing (1188 1146) ps polarity 0
net 186: (16 1)->(16 1) 5 0 0 0 #timing (1313 1284) ps polarity 1
net 186: (16 1)->(16 17) 13 1 0 0 #timing (1890 1804) ps polarity 0
net 186: (16 17)->(16 25) 5 1 0 1 #timing (2334 2232) ps  polarity 1
net 186: (16 25)->(20 25) 4 2 0 1 #timing (2586 2455) ps  polarity 1
net 186: (20 25)->(20 27) 1 1 0 1 #timing (2818 2651) ps  polarity 0
net 186: (20 27)->(20 27) 0 0 0 1 #timing (2800 2970) ps  polarity 1
net 186: (16 1)->(16 16) 13 1 1 0 #timing (1859 1780) ps polarity 0
net 186: (16 16)->(16 24) 5 1 0 1 #timing (2285 2188) ps  polarity 1
net 186: (16 24)->(20 24) 4 2 0 1 #timing (2529 2405) ps  polarity 1
net 186: (20 24)->(20 26) 1 1 0 1 #timing (2769 2605) ps  polarity 0
net 186: (20 26)->(21 27) 0 3 0 1 #timing (2736 2916) ps  polarity 1
net 188: (10 3)->(10 3) 0 0 0 0 #timing (726 726) ps polarity 0
net 188: (10 3)->(10 1) 1 1 0 0 #timing (838 831) ps polarity 1
net 188: (10 1)->(10 1) 5 0 1 0 #timing (942 978) ps polarity 0
net 188: (10 1)->(10 9) 5 1 0 1 #timing (1286 1325) ps  polarity 1
net 188: (10 9)->(6 9) 4 5 0 1 #timing (1617 1599) ps  polarity 1
net 188: (6 9)->(6 13) 3 1 0 1 #timing (1914 1847) ps  polarity 1
net 188: (6 13)->(6 15) 1 1 0 1 #timing (2057 1982) ps  polarity 0
net 188: (6 15)->(7 15) 0 2 0 1 #timing (2111 2199) ps  polarity 1
net 188: (10 3)->(11 2) 0 3 0 0 #timing (743 743) ps polarity 0
net 188: (11 2)->(11 2) 1 0 0 0 #timing (831 831) ps polarity 1
net 188: (11 2)->(11 2) 1 0 1 1 #timing (1034 1002) ps  polarity 0
net 188: (11 2)->(10 3) 0 3 0 1 #timing (1146 1157) ps  polarity 1
net 188: (11 2)->(7 2) 4 5 0 0 #timing (1171 1114) ps polarity 1
net 188: (7 2)->(7 2) 5 0 0 0 #timing (1306 1261) ps polarity 0
net 188: (7 2)->(7 10) 5 1 0 1 #timing (1690 1645) ps  polarity 1
net 188: (7 10)->(5 10) 1 2 0 1 #timing (1907 1900) ps  polarity 0
net 188: (5 10)->(4 11) 0 3 0 1 #timing (2023 2047) ps  polarity 1
net 189: (8 12)->(8 13) 0 1 0 0 #timing (696 696) ps polarity 0
net 189: (8 13)->(8 15) 1 1 0 0 #timing (822 814) ps polarity 1
net 189: (8 15)->(8 11) 3 1 0 0 #timing (1146 1100) ps polarity 1
net 189: (8 11)->(4 11) 4 5 0 0 #timing (1513 1401) ps polarity 1
net 189: (4 11)->(4 11) 1 0 1 1 #timing (1611 1693) ps  polarity 0
net 189: (4 11)->(4 11) 0 0 0 1 #timing (1817 1726) ps  polarity 1
net 189: (8 12)->(9 13) 0 3 0 0 #timing (695 695) ps polarity 0
net 189: (9 13)->(11 13) 1 2 0 0 #timing (811 806) ps polarity 1
net 189: (11 13)->(11 9) 3 1 0 1 #timing (1282 1164) ps  polarity 1
net 189: (11 9)->(9 11) 1 3 0 1 #timing (1477 1332) ps  polarity 0
net 189: (9 11)->(8 11) 0 2 0 1 #timing (1490 1669) ps  polarity 1
net 189: (11 13)->(7 13) 4 5 0 0 #timing (1160 1147) ps polarity 1
net 189: (7 13)->(7 15) 1 1 0 1 #timing (1394 1368) ps  polarity 0
net 189: (7 15)->(7 15) 0 0 0 1 #timing (1475 1518) ps  polarity 1
net 190: (12 15)->(12 14) 0 1 0 0 #timing (736 736) ps polarity 0
net 190: (12 14)->(12 14) 1 0 0 0 #timing (820 819) ps polarity 1
net 190: (12 14)->(12 14) 1 0 1 1 #timing (1023 989) ps  polarity 0
net 190: (12 14)->(12 15) 0 1 0 1 #timing (1107 1134) ps  polarity 1
net 190: (12 14)->(8 14) 4 2 0 0 #timing (1061 1040) ps polarity 1
net 190: (8 14)->(4 14) 4 5 0 1 #timing (1438 1376) ps  polarity 1
net 190: (4 14)->(6 14) 1 2 0 1 #timing (1648 1555) ps  polarity 0
net 190: (6 14)->(7 15) 0 3 0 1 #timing (1696 1812) ps  polarity 1
net 190: (4 14)->(4 10) 3 1 0 1 #timing (1798 1651) ps  polarity 1
net 190: (4 10)->(4 10) 1 0 0 1 #timing (1897 1756) ps  polarity 0
net 190: (4 10)->(4 11) 0 1 0 1 #timing (1851 1993) ps  polarity 1
net 191: (4 3)->(4 2) 0 1 0 0 #timing (736 736) ps polarity 0
net 191: (4 2)->(4 2) 1 0 0 0 #timing (822 820) ps polarity 1
net 191: (4 2)->(4 6) 3 1 0 1 #timing (1211 1119) ps  polarity 1
net 191: (4 6)->(4 4) 1 1 0 1 #timing (1347 1250) ps  polarity 0
net 191: (4 4)->(5 4) 0 2 0 1 #timing (1354 1466) ps  polarity 1
net 191: (4 3)->(5 2) 0 3 0 0 #timing (743 743) ps polarity 0
net 191: (5 2)->(7 2) 1 2 0 0 #timing (889 869) ps polarity 1
net 191: (7 2)->(5 2) 1 2 0 1 #timing (1146 1088) ps  polarity 0
net 191: (5 2)->(4 3) 0 3 0 1 #timing (1181 1260) ps  polarity 1
net 192: (6 3)->(6 2) 0 1 0 0 #timing (701 701) ps polarity 0
net 192: (6 2)->(6 2) 1 0 0 0 #timing (793 792) ps polarity 1
net 192: (6 2)->(6 2) 1 0 1 1 #timing (999 964) ps  polarity 0
net 192: (6 2)->(6 3) 0 1 0 1 #timing (1078 1107) ps  polarity 1
net 192: (6 3)->(7 3) 0 2 0 0 #timing (801 801) ps polarity 0
net 192: (7 3)->(5 3) 1 2 0 0 #timing (946 926) ps polarity 1
net 192: (5 3)->(5 7) 3 1 0 1 #timing (1356 1249) ps  polarity 1
net 192: (5 7)->(5 5) 1 1 0 1 #timing (1505 1388) ps  polarity 0
net 192: (5 5)->(5 4) 0 1 0 1 #timing (1529 1651) ps  polarity 1
net 193: (6 11)->(6 10) 0 1 0 0 #timing (219 220) ps polarity 1
net 193: (6 10)->(6 10) 1 0 0 0 #timing (303 303) ps polarity 0
net 193: (6 10)->(6 6) 3 4 0 0 #timing (640 572) ps polarity 0
net 193: (6 6)->(6 6) 1 0 1 1 #timing (859 757) ps  polarity 1
net 193: (6 6)->(6 6) 0 0 0 1 #timing (901 985) ps  polarity 0
net 193: (6 10)->(2 10) 4 2 0 0 #timing (597 555) ps polarity 0
net 193: (2 10)->(2 10) 1 0 1 1 #timing (770 783) ps  polarity 1
net 193: (2 10)->(2 11) 0 1 0 1 #timing (879 867) ps  polarity 0
net 193: (6 11)->(7 11) 0 2 0 0 #timing (198 198) ps polarity 1
net 193: (7 11)->(7 9) 1 1 0 0 #timing (324 312) ps polarity 0
net 193: (7 9)->(7 13) 3 1 0 0 #timing (637 598) ps polarity 0
net 193: (7 13)->(7 17) 3 4 0 1 #timing (1157 967) ps  polarity 0
net 193: (7 17)->(7 17) 1 0 1 1 #timing (1268 1080) ps  polarity 1
net 193: (7 17)->(6 17) 0 2 0 1 #timing (1176 1368) ps  polarity 0
net 194: (22 15)->(23 15) 0 2 0 0 #timing (207 207) ps polarity 0
net 194: (23 15)->(23 15) 1 0 0 0 #timing (281 286) ps polarity 1
net 194: (23 15)->(19 15) 4 2 0 0 #timing (511 489) ps polarity 1
net 194: (19 15)->(19 15) 5 0 0 0 #timing (639 637) ps polarity 0
net 194: (19 15)->(19 7) 5 1 0 1 #timing (978 982) ps  polarity 1
net 194: (19 7)->(19 7) 1 0 0 1 #timing (1187 1149) ps  polarity 0
net 194: (19 7)->(19 7) 0 0 0 1 #timing (1263 1297) ps  polarity 1
net 195: (23 15)->(23 14) 0 1 0 0 #timing (244 244) ps polarity 0
net 195: (23 14)->(23 14) 1 0 0 0 #timing (335 334) ps polarity 1
net 195: (23 14)->(23 10) 3 1 0 0 #timing (644 587) ps polarity 1
net 195: (23 10)->(19 10) 4 2 0 0 #timing (903 834) ps polarity 1
net 195: (19 10)->(19 8) 1 1 0 1 #timing (1094 1123) ps  polarity 0
net 195: (19 8)->(18 8) 0 2 0 1 #timing (1262 1238) ps  polarity 1
net 196: (16 17)->(17 16) 0 3 0 0 #timing (174 174) ps polarity 1
net 196: (17 16)->(19 18) 1 3 0 0 #timing (338 309) ps polarity 0
net 196: (19 18)->(19 18) 5 0 1 0 #timing (444 529) ps polarity 1
net 196: (19 18)->(2 18) 13 2 1 0 #timing (1278 1047) ps polarity 0
net 196: (2 18)->(2 3) 13 1 1 0 #timing (1739 1876) ps polarity 1
net 196: (2 3)->(10 3) 5 2 0 1 #timing (2209 2321) ps  polarity 0
net 196: (10 3)->(10 3) 1 0 0 1 #timing (2528 2381) ps  polarity 1
net 196: (10 3)->(11 2) 0 3 0 1 #timing (2536 2659) ps  polarity 0
net 197: (25 15)->(25 15) 0 0 0 0 #timing (147 147) ps polarity 0
net 197: (25 15)->(25 15) 1 0 0 0 #timing (217 222) ps polarity 1
net 197: (25 15)->(25 15) 5 0 0 0 #timing (324 336) ps polarity 0
net 197: (25 15)->(17 15) 5 2 0 1 #timing (658 675) ps  polarity 1
net 197: (17 15)->(17 15) 1 0 1 1 #timing (890 837) ps  polarity 0
net 197: (17 15)->(17 15) 0 0 0 1 #timing (938 992) ps  polarity 1
net 198: (7 18)->(7 18) 0 0 0 0 #timing (733 733) ps polarity 1
net 198: (7 18)->(7 18) 1 0 0 0 #timing (815 818) ps polarity 0
net 198: (7 18)->(7 14) 3 4 0 0 #timing (1117 1057) ps polarity 0
net 198: (7 14)->(11 14) 4 5 0 0 #timing (1491 1375) ps polarity 0
net 198: (11 14)->(11 10) 3 1 0 1 #timing (1818 1822) ps  polarity 0
net 198: (11 10)->(11 10) 1 0 1 1 #timing (1915 1924) ps  polarity 1
net 198: (11 10)->(10 11) 0 3 0 1 #timing (2088 2049) ps  polarity 0
net 198: (7 18)->(5 16) 1 3 0 0 #timing (899 870) ps polarity 0
net 198: (5 16)->(5 12) 3 4 0 0 #timing (1159 1169) ps polarity 0
net 198: (5 12)->(5 12) 5 0 0 0 #timing (1295 1316) ps polarity 1
net 198: (5 12)->(13 12) 5 2 0 1 #timing (1699 1713) ps  polarity 0
net 198: (13 12)->(17 12) 4 5 0 1 #timing (2011 1975) ps  polarity 0
net 198: (17 12)->(19 14) 1 3 0 1 #timing (2281 2195) ps  polarity 1
net 198: (19 14)->(18 15) 0 3 0 1 #timing (2368 2467) ps  polarity 0
net 198: (17 12)->(17 8) 3 1 0 1 #timing (2310 2214) ps  polarity 0
net 198: (17 8)->(17 8) 1 0 1 1 #timing (2403 2314) ps  polarity 1
net 198: (17 8)->(17 8) 0 0 0 1 #timing (2448 2522) ps  polarity 0
net 198: (7 18)->(7 19) 0 1 0 0 #timing (738 738) ps polarity 1
net 198: (7 19)->(5 19) 1 2 0 0 #timing (855 845) ps polarity 0
net 198: (5 19)->(5 19) 5 0 0 0 #timing (957 997) ps polarity 1
net 198: (5 19)->(13 19) 5 2 0 1 #timing (1305 1342) ps  polarity 0
net 198: (13 19)->(17 19) 4 5 0 1 #timing (1617 1603) ps  polarity 0
net 198: (17 19)->(17 15) 3 4 0 1 #timing (1945 1857) ps  polarity 0
net 198: (17 15)->(19 15) 1 2 0 1 #timing (2110 2003) ps  polarity 1
net 198: (19 15)->(19 15) 0 0 0 1 #timing (2116 2240) ps  polarity 0
net 198: (7 18)->(6 18) 0 2 0 0 #timing (739 739) ps polarity 1
net 198: (6 18)->(6 18) 1 0 0 0 #timing (817 819) ps polarity 0
net 198: (6 18)->(6 14) 3 4 0 0 #timing (1104 1048) ps polarity 0
net 198: (6 14)->(10 14) 4 5 0 0 #timing (1427 1341) ps polarity 0
net 198: (10 14)->(10 14) 1 0 1 1 #timing (1541 1599) ps  polarity 1
net 198: (10 14)->(10 14) 0 0 0 1 #timing (1703 1642) ps  polarity 0
net 198: (10 14)->(14 14) 4 2 0 1 #timing (1731 1603) ps  polarity 0
net 198: (14 14)->(14 10) 3 1 0 1 #timing (2036 1838) ps  polarity 0
net 198: (14 10)->(14 10) 1 0 0 1 #timing (2129 1938) ps  polarity 1
net 198: (14 10)->(14 11) 0 1 0 1 #timing (2034 2226) ps  polarity 0
net 198: (6 14)->(6 14) 5 0 1 0 #timing (1245 1200) ps polarity 1
net 198: (6 14)->(14 6) 5 3 0 1 #timing (1854 1809) ps  polarity 1
net 198: (14 6)->(18 6) 4 5 0 1 #timing (2145 2161) ps  polarity 0
net 198: (18 6)->(18 10) 3 4 0 1 #timing (2429 2395) ps  polarity 0
net 198: (18 10)->(18 8) 1 1 0 1 #timing (2569 2527) ps  polarity 1
net 198: (18 8)->(19 8) 0 2 0 1 #timing (2658 2708) ps  polarity 0
net 198: (7 18)->(6 19) 0 3 0 0 #timing (732 732) ps polarity 1
net 198: (6 19)->(6 17) 1 1 0 0 #timing (874 855) ps polarity 0
net 198: (6 17)->(6 17) 1 0 1 1 #timing (1093 1047) ps  polarity 1
net 198: (6 17)->(7 17) 0 2 0 1 #timing (1173 1209) ps  polarity 0
net 198: (6 17)->(6 13) 3 4 0 0 #timing (1182 1152) ps polarity 0
net 198: (6 13)->(10 13) 4 5 0 0 #timing (1513 1446) ps polarity 0
net 198: (10 13)->(10 13) 5 0 0 0 #timing (1638 1585) ps polarity 1
net 198: (10 13)->(10 5) 5 1 0 1 #timing (1997 1943) ps  polarity 0
net 198: (10 5)->(10 5) 1 0 1 1 #timing (2146 2166) ps  polarity 1
net 198: (10 5)->(10 5) 0 0 0 1 #timing (2297 2265) ps  polarity 0
net 198: (6 13)->(6 13) 5 0 0 0 #timing (1313 1294) ps polarity 1
net 198: (6 13)->(14 13) 5 2 0 1 #timing (1657 1641) ps  polarity 0
net 198: (14 13)->(14 15) 1 1 0 1 #timing (1877 1851) ps  polarity 1
net 198: (14 15)->(14 14) 0 1 0 1 #timing (1997 2023) ps  polarity 0
net 198: (14 13)->(18 13) 4 5 0 1 #timing (1951 1891) ps  polarity 0
net 198: (18 13)->(16 13) 1 2 0 1 #timing (2200 2094) ps  polarity 1
net 198: (16 13)->(16 13) 0 0 0 1 #timing (2236 2340) ps  polarity 0
net 199: (24 15)->(25 14) 0 3 0 0 #timing (227 227) ps polarity 0
net 199: (25 14)->(27 14) 1 2 0 0 #timing (366 353) ps polarity 1
net 199: (27 14)->(27 14) 5 0 0 0 #timing (480 542) ps polarity 0
net 199: (27 14)->(19 14) 5 2 0 1 #timing (857 912) ps  polarity 1
net 199: (19 14)->(17 14) 1 2 0 1 #timing (1174 1063) ps  polarity 0
net 199: (17 14)->(17 15) 0 1 0 1 #timing (1225 1341) ps  polarity 1
net 200: (16 13)->(16 13) 0 0 0 0 #timing (186 186) ps polarity 0
net 200: (16 13)->(16 15) 1 1 0 0 #timing (291 287) ps polarity 1
net 200: (16 15)->(16 15) 1 0 0 1 #timing (517 487) ps  polarity 0
net 200: (16 15)->(17 15) 0 2 0 1 #timing (596 623) ps  polarity 1
net 201: (20 13)->(21 12) 0 3 0 0 #timing (184 184) ps polarity 0
net 201: (21 12)->(21 14) 1 1 0 0 #timing (303 295) ps polarity 1
net 201: (21 14)->(17 14) 4 2 0 0 #timing (555 559) ps polarity 1
net 201: (17 14)->(17 14) 1 0 1 1 #timing (771 738) ps  polarity 0
net 201: (17 14)->(16 15) 0 3 0 1 #timing (880 893) ps  polarity 1
net 201: (17 14)->(13 14) 4 5 0 1 #timing (883 848) ps  polarity 1
net 201: (13 14)->(15 12) 1 3 0 1 #timing (1153 1068) ps  polarity 0
net 201: (15 12)->(15 13) 0 1 0 1 #timing (1235 1328) ps  polarity 1
net 202: (17 15)->(17 15) 0 0 0 0 #timing (178 178) ps polarity 0
net 202: (17 15)->(17 15) 1 0 0 0 #timing (252 257) ps polarity 1
net 202: (17 15)->(17 15) 1 0 0 1 #timing (457 429) ps  polarity 0
net 202: (17 15)->(16 15) 0 2 0 1 #timing (550 570) ps  polarity 1
net 202: (17 15)->(17 14) 0 1 0 0 #timing (190 190) ps polarity 0
net 202: (17 14)->(19 12) 1 3 0 0 #timing (352 321) ps polarity 1
net 202: (19 12)->(15 12) 4 5 0 0 #timing (622 658) ps polarity 1
net 202: (15 12)->(15 12) 1 0 1 1 #timing (859 797) ps  polarity 0
net 202: (15 12)->(14 13) 0 3 0 1 #timing (934 979) ps  polarity 1
net 203: (17 14)->(17 14) 0 0 0 0 #timing (185 185) ps polarity 1
net 203: (17 14)->(19 14) 1 2 0 0 #timing (313 298) ps polarity 0
net 203: (19 14)->(15 14) 4 5 0 0 #timing (582 585) ps polarity 0
net 203: (15 14)->(15 14) 1 0 1 1 #timing (786 757) ps  polarity 1
net 203: (15 14)->(14 14) 0 2 0 1 #timing (878 899) ps  polarity 0
net 203: (17 14)->(16 14) 0 2 0 0 #timing (193 193) ps polarity 1
net 203: (16 14)->(18 14) 1 2 0 0 #timing (330 313) ps polarity 0
net 203: (18 14)->(16 14) 1 2 0 1 #timing (597 548) ps  polarity 1
net 203: (16 14)->(16 15) 0 1 0 1 #timing (677 736) ps  polarity 0
net 204: (6 8)->(6 8) 0 0 0 0 #timing (178 178) ps polarity 1
net 204: (6 8)->(6 8) 1 0 0 0 #timing (261 262) ps polarity 0
net 204: (6 8)->(10 8) 4 5 0 0 #timing (587 538) ps polarity 0
net 204: (10 8)->(10 12) 3 1 0 1 #timing (943 900) ps  polarity 0
net 204: (10 12)->(8 12) 1 2 0 1 #timing (1061 1017) ps  polarity 1
net 204: (8 12)->(8 12) 0 0 0 1 #timing (1151 1190) ps  polarity 0
net 204: (6 8)->(7 8) 0 2 0 0 #timing (183 183) ps polarity 1
net 204: (7 8)->(7 8) 1 0 0 0 #timing (267 268) ps polarity 0
net 204: (7 8)->(7 12) 3 1 0 1 #timing (684 591) ps  polarity 0
net 204: (7 12)->(7 14) 1 1 0 1 #timing (846 742) ps  polarity 1
net 204: (7 14)->(7 15) 0 1 0 1 #timing (868 984) ps  polarity 0
net 204: (7 8)->(7 4) 3 4 0 0 #timing (550 504) ps polarity 0
net 204: (7 4)->(7 6) 1 1 0 1 #timing (818 720) ps  polarity 1
net 204: (7 6)->(7 7) 0 1 0 1 #timing (825 938) ps  polarity 0
net 204: (7 8)->(5 8) 1 2 0 0 #timing (325 304) ps polarity 0
net 204: (5 8)->(5 12) 3 1 0 1 #timing (726 625) ps  polarity 0
net 204: (5 12)->(5 12) 1 0 0 1 #timing (834 736) ps  polarity 1
net 204: (5 12)->(5 12) 0 0 0 1 #timing (843 939) ps  polarity 0
net 205: (7 8)->(7 9) 0 1 0 0 #timing (227 227) ps polarity 1
net 205: (7 9)->(7 11) 1 1 0 0 #timing (377 363) ps polarity 0
net 205: (7 11)->(5 11) 1 2 0 1 #timing (627 580) ps  polarity 1
net 205: (5 11)->(4 11) 0 2 0 1 #timing (684 752) ps  polarity 0
net 205: (7 9)->(5 11) 1 3 0 0 #timing (409 383) ps polarity 0
net 205: (5 11)->(5 11) 5 0 0 0 #timing (506 580) ps polarity 1
net 205: (5 11)->(13 3) 5 3 0 1 #timing (1206 1259) ps  polarity 1
net 205: (13 3)->(9 3) 4 2 0 1 #timing (1605 1531) ps  polarity 0
net 205: (9 3)->(11 1) 1 3 0 1 #timing (1905 1768) ps  polarity 1
net 205: (11 1)->(10 1) 0 2 0 1 #timing (1887 2067) ps  polarity 0
net 205: (5 11)->(5 26) 13 1 1 0 #timing (1150 972) ps polarity 0
net 205: (5 26)->(5 26) 5 0 0 1 #timing (1405 1239) ps  polarity 0
net 205: (5 26)->(9 26) 4 5 0 1 #timing (1810 1578) ps  polarity 1
net 205: (9 26)->(9 22) 3 4 0 1 #timing (2220 1897) ps  polarity 1
net 205: (9 22)->(9 20) 1 1 0 1 #timing (2372 2041) ps  polarity 0
net 205: (9 20)->(8 21) 0 3 0 1 #timing (2164 2511) ps  polarity 1
net 206: (4 9)->(5 8) 0 3 0 0 #timing (209 209) ps polarity 0
net 206: (5 8)->(5 8) 1 0 0 0 #timing (297 297) ps polarity 1
net 206: (5 8)->(5 8) 1 0 1 1 #timing (500 467) ps  polarity 0
net 206: (5 8)->(5 9) 0 1 0 1 #timing (617 627) ps  polarity 1
net 206: (5 8)->(7 8) 1 2 0 1 #timing (544 498) ps  polarity 0
net 206: (7 8)->(6 8) 0 2 0 1 #timing (628 679) ps  polarity 1
net 206: (5 8)->(5 4) 3 4 0 0 #timing (547 511) ps polarity 1
net 206: (5 4)->(5 4) 1 0 0 1 #timing (760 691) ps  polarity 0
net 206: (5 4)->(5 4) 0 0 0 1 #timing (840 888) ps  polarity 1
net 206: (5 8)->(5 8) 5 0 0 0 #timing (399 416) ps polarity 0
net 206: (5 8)->(5 0) 5 1 0 1 #timing (721 748) ps  polarity 1
net 206: (5 0)->(7 0) 1 2 0 1 #timing (995 921) ps  polarity 0
net 206: (7 0)->(6 1) 0 3 0 1 #timing (1074 1140) ps  polarity 1
net 208: (23 5)->(23 5) 0 0 0 0 #timing (216 216) ps polarity 1
net 208: (23 5)->(23 5) 1 0 0 0 #timing (302 303) ps polarity 0
net 208: (23 5)->(19 5) 4 2 0 0 #timing (550 524) ps polarity 0
net 208: (19 5)->(19 5) 1 0 1 1 #timing (737 737) ps  polarity 1
net 208: (19 5)->(19 5) 0 0 0 1 #timing (862 852) ps  polarity 0
net 208: (19 5)->(19 9) 3 4 0 1 #timing (953 879) ps  polarity 0
net 208: (19 9)->(17 11) 1 3 0 1 #timing (1129 1032) ps  polarity 1
net 208: (17 11)->(16 10) 0 3 0 1 #timing (1198 1316) ps  polarity 0
net 208: (23 5)->(22 4) 0 3 0 0 #timing (225 225) ps polarity 1
net 208: (22 4)->(22 4) 1 0 0 0 #timing (306 311) ps polarity 0
net 208: (22 4)->(18 4) 4 2 0 0 #timing (589 547) ps polarity 0
net 208: (18 4)->(18 8) 3 4 0 1 #timing (940 901) ps  polarity 0
net 208: (18 8)->(18 8) 1 0 0 1 #timing (1036 1002) ps  polarity 1
net 208: (18 8)->(19 9) 0 3 0 1 #timing (1117 1144) ps  polarity 0
net 209: (22 5)->(22 5) 0 0 0 0 #timing (197 197) ps polarity 1
net 209: (22 5)->(22 5) 1 0 0 0 #timing (280 282) ps polarity 0
net 209: (22 5)->(18 5) 4 2 0 1 #timing (682 608) ps  polarity 0
net 209: (18 5)->(18 9) 3 4 0 1 #timing (970 839) ps  polarity 0
net 209: (18 9)->(18 9) 1 0 0 1 #timing (1074 947) ps  polarity 1
net 209: (18 9)->(19 9) 0 2 0 1 #timing (1058 1181) ps  polarity 0
net 209: (22 5)->(22 4) 0 1 0 0 #timing (200 200) ps polarity 1
net 209: (22 4)->(22 6) 1 1 0 0 #timing (316 307) ps polarity 0
net 209: (22 6)->(26 6) 4 5 0 0 #timing (614 609) ps polarity 0
net 209: (26 6)->(26 10) 3 4 0 1 #timing (1051 936) ps  polarity 0
net 209: (26 10)->(26 10) 1 0 0 1 #timing (1148 1038) ps  polarity 1
net 209: (26 10)->(26 11) 0 1 0 1 #timing (1134 1245) ps  polarity 0
net 209: (26 6)->(26 6) 5 0 0 0 #timing (739 749) ps polarity 1
net 209: (26 6)->(26 14) 5 1 0 1 #timing (1092 1099) ps  polarity 0
net 209: (26 14)->(26 14) 1 0 1 1 #timing (1306 1264) ps  polarity 1
net 209: (26 14)->(26 14) 0 0 0 1 #timing (1369 1407) ps  polarity 0
net 210: (23 6)->(23 6) 0 0 0 0 #timing (733 733) ps polarity 1
net 210: (23 6)->(23 4) 1 1 0 0 #timing (858 848) ps polarity 0
net 210: (23 4)->(19 4) 4 2 0 0 #timing (1085 1094) ps polarity 0
net 210: (19 4)->(19 4) 1 0 1 1 #timing (1305 1270) ps  polarity 1
net 210: (19 4)->(19 5) 0 1 0 1 #timing (1435 1440) ps  polarity 0
net 210: (19 4)->(19 8) 3 4 0 1 #timing (1564 1436) ps  polarity 0
net 210: (19 8)->(19 8) 1 0 0 1 #timing (1664 1540) ps  polarity 1
net 210: (19 8)->(19 9) 0 1 0 1 #timing (1687 1789) ps  polarity 0
net 210: (19 8)->(17 10) 1 3 0 1 #timing (1740 1592) ps  polarity 1
net 210: (17 10)->(16 10) 0 2 0 1 #timing (1746 1925) ps  polarity 0
net 211: (18 7)->(19 6) 0 3 0 0 #timing (184 184) ps polarity 0
net 211: (19 6)->(19 6) 1 0 0 0 #timing (274 274) ps polarity 1
net 211: (19 6)->(19 6) 1 0 1 1 #timing (478 444) ps  polarity 0
net 211: (19 6)->(19 7) 0 1 0 1 #timing (583 599) ps  polarity 1
net 212: (18 8)->(19 9) 0 3 0 0 #timing (191 191) ps polarity 1
net 212: (19 9)->(19 9) 1 0 0 0 #timing (279 279) ps polarity 0
net 212: (19 9)->(19 9) 1 0 1 1 #timing (483 449) ps  polarity 1
net 212: (19 9)->(19 8) 0 1 0 1 #timing (564 592) ps  polarity 0
net 213: (22 21)->(23 20) 0 3 0 0 #timing (696 696) ps polarity 1
net 213: (23 20)->(23 22) 1 1 0 0 #timing (826 817) ps polarity 0
net 213: (23 22)->(23 18) 3 1 0 0 #timing (1126 1108) ps polarity 0
net 213: (23 18)->(23 14) 3 4 0 1 #timing (1617 1483) ps  polarity 0
net 213: (23 14)->(23 14) 1 0 1 1 #timing (1728 1604) ps  polarity 1
net 213: (23 14)->(23 15) 0 1 0 1 #timing (1715 1833) ps  polarity 0
net 214: (22 13)->(22 13) 0 0 0 0 #timing (652 652) ps polarity 1
net 214: (22 13)->(22 13) 1 0 0 0 #timing (732 736) ps polarity 0
net 214: (22 13)->(22 9) 3 1 0 0 #timing (1019 963) ps polarity 0
net 214: (22 9)->(22 11) 1 1 0 1 #timing (1281 1175) ps  polarity 1
net 214: (22 11)->(22 11) 0 0 0 1 #timing (1291 1407) ps  polarity 0
net 214: (22 13)->(22 17) 3 4 0 0 #timing (1107 1019) ps polarity 0
net 214: (22 17)->(26 17) 4 5 0 0 #timing (1410 1297) ps polarity 0
net 214: (26 17)->(26 21) 3 1 0 1 #timing (1707 1725) ps  polarity 0
net 214: (26 21)->(24 21) 1 2 0 1 #timing (1826 1842) ps  polarity 1
net 214: (24 21)->(24 21) 0 0 0 1 #timing (1959 1943) ps  polarity 0
net 214: (22 13)->(23 13) 0 2 0 0 #timing (662 662) ps polarity 1
net 214: (23 13)->(23 15) 1 1 0 0 #timing (783 776) ps polarity 0
net 214: (23 15)->(23 15) 1 0 0 1 #timing (1005 970) ps  polarity 1
net 214: (23 15)->(23 15) 0 0 0 1 #timing (1054 1096) ps  polarity 0
net 215: (22 14)->(22 14) 0 0 0 0 #timing (196 196) ps polarity 1
net 215: (22 14)->(20 14) 1 2 0 0 #timing (353 327) ps polarity 0
net 215: (20 14)->(20 10) 3 1 0 0 #timing (609 621) ps polarity 0
net 215: (20 10)->(22 10) 1 2 0 1 #timing (864 826) ps  polarity 1
net 215: (22 10)->(23 11) 0 3 0 1 #timing (987 1035) ps  polarity 0
net 215: (22 14)->(20 12) 1 3 0 0 #timing (362 332) ps polarity 0
net 215: (20 12)->(22 14) 1 3 0 1 #timing (683 600) ps  polarity 1
net 215: (22 14)->(23 15) 0 3 0 1 #timing (748 858) ps  polarity 0
net 215: (20 12)->(24 12) 4 5 0 1 #timing (863 748) ps  polarity 0
net 215: (24 12)->(24 14) 1 1 0 1 #timing (1117 954) ps  polarity 1
net 215: (24 14)->(24 14) 0 0 0 1 #timing (1113 1277) ps  polarity 0
net 216: (23 13)->(23 13) 0 0 0 0 #timing (637 637) ps polarity 1
net 216: (23 13)->(23 13) 1 0 0 0 #timing (721 724) ps polarity 0
net 216: (23 13)->(27 13) 4 5 0 0 #timing (1045 991) ps polarity 0
net 216: (27 13)->(25 15) 1 3 0 1 #timing (1272 1279) ps  polarity 1
net 216: (25 15)->(24 14) 0 3 0 1 #timing (1461 1477) ps  polarity 0
net 216: (23 13)->(22 13) 0 2 0 0 #timing (645 645) ps polarity 1
net 216: (22 13)->(22 15) 1 1 0 0 #timing (759 753) ps polarity 0
net 216: (22 15)->(22 15) 1 0 0 1 #timing (984 947) ps  polarity 1
net 216: (22 15)->(23 15) 0 2 0 1 #timing (1063 1095) ps  polarity 0
net 216: (22 15)->(22 11) 3 1 0 0 #timing (1069 1033) ps polarity 0
net 216: (22 11)->(22 11) 1 0 1 1 #timing (1289 1216) ps  polarity 1
net 216: (22 11)->(23 11) 0 2 0 1 #timing (1342 1405) ps  polarity 0
net 219: (14 20)->(14 20) 0 0 0 0 #timing (163 163) ps polarity 1
net 219: (14 20)->(14 22) 1 1 0 0 #timing (274 267) ps polarity 0
net 219: (14 22)->(14 22) 1 0 0 1 #timing (500 472) ps  polarity 1
net 219: (14 22)->(14 22) 0 0 0 1 #timing (598 615) ps  polarity 0
net 219: (14 20)->(15 20) 0 2 0 0 #timing (180 180) ps polarity 1
net 219: (15 20)->(13 20) 1 2 0 0 #timing (322 300) ps polarity 0
net 219: (13 20)->(13 16) 3 1 0 0 #timing (587 584) ps polarity 0
net 219: (13 16)->(9 16) 4 2 0 0 #timing (887 862) ps polarity 0
net 219: (9 16)->(9 16) 1 0 1 1 #timing (1076 1072) ps  polarity 1
net 219: (9 16)->(9 17) 0 1 0 1 #timing (1168 1172) ps  polarity 0
net 222: (21 5)->(21 4) 0 1 0 0 #timing (157 157) ps polarity 1
net 222: (21 4)->(21 4) 1 0 0 0 #timing (236 237) ps polarity 0
net 222: (21 4)->(21 8) 3 4 0 0 #timing (523 471) ps polarity 0
net 222: (21 8)->(17 8) 4 2 0 0 #timing (791 721) ps polarity 0
net 222: (17 8)->(17 8) 1 0 0 1 #timing (934 975) ps  polarity 1
net 222: (17 8)->(17 9) 0 1 0 1 #timing (1122 1059) ps  polarity 0
net 222: (21 5)->(20 5) 0 2 0 0 #timing (172 172) ps polarity 1
net 222: (20 5)->(22 7) 1 3 0 0 #timing (323 300) ps polarity 0
net 222: (22 7)->(18 7) 4 2 0 1 #timing (758 678) ps  polarity 0
net 222: (18 7)->(18 5) 1 1 0 1 #timing (997 877) ps  polarity 1
net 222: (18 5)->(19 5) 0 2 0 1 #timing (985 1124) ps  polarity 0
net 222: (18 7)->(18 11) 3 4 0 1 #timing (1060 905) ps  polarity 0
net 222: (18 11)->(16 11) 1 2 0 1 #timing (1217 1045) ps  polarity 1
net 222: (16 11)->(17 10) 0 3 0 1 #timing (1187 1367) ps  polarity 0
net 223: (18 4)->(18 4) 0 0 0 0 #timing (649 649) ps polarity 1
net 223: (18 4)->(18 4) 1 0 0 0 #timing (721 726) ps polarity 0
net 223: (18 4)->(22 4) 4 2 0 0 #timing (994 966) ps polarity 0
net 223: (22 4)->(22 4) 1 0 1 1 #timing (1172 1170) ps  polarity 1
net 223: (22 4)->(23 5) 0 3 0 1 #timing (1298 1288) ps  polarity 0
net 223: (22 4)->(20 4) 1 2 0 1 #timing (1235 1215) ps  polarity 1
net 223: (20 4)->(21 5) 0 3 0 1 #timing (1352 1378) ps  polarity 0
net 223: (18 4)->(18 5) 0 1 0 0 #timing (656 656) ps polarity 1
net 223: (18 5)->(18 5) 1 0 0 0 #timing (738 736) ps polarity 0
net 223: (18 5)->(18 5) 1 0 1 1 #timing (941 906) ps  polarity 1
net 223: (18 5)->(18 5) 0 0 0 1 #timing (1034 1058) ps  polarity 0
net 224: (13 9)->(13 9) 0 0 0 0 #timing (686 686) ps polarity 1
net 224: (13 9)->(13 9) 1 0 0 0 #timing (759 765) ps polarity 0
net 224: (13 9)->(13 5) 3 4 0 0 #timing (1070 1004) ps polarity 0
net 224: (13 5)->(13 5) 1 0 1 1 #timing (1281 1181) ps  polarity 1
net 224: (13 5)->(13 5) 0 0 0 1 #timing (1306 1397) ps  polarity 0
net 224: (13 9)->(13 8) 0 1 0 0 #timing (700 700) ps polarity 1
net 224: (13 8)->(13 8) 1 0 0 0 #timing (782 780) ps polarity 0
net 224: (13 8)->(13 10) 1 1 0 1 #timing (1032 983) ps  polarity 1
net 224: (13 10)->(12 10) 0 2 0 1 #timing (1115 1172) ps  polarity 0
net 224: (13 9)->(12 9) 0 2 0 0 #timing (692 692) ps polarity 1
net 224: (12 9)->(14 9) 1 2 0 0 #timing (825 810) ps polarity 0
net 224: (14 9)->(14 5) 3 4 0 0 #timing (1130 1110) ps polarity 0
net 224: (14 5)->(14 5) 1 0 1 1 #timing (1341 1288) ps  polarity 1
net 224: (14 5)->(15 5) 0 2 0 1 #timing (1424 1462) ps  polarity 0
net 226: (11 6)->(10 6) 0 2 0 0 #timing (432 432) ps polarity 0
net 226: (10 6)->(8 4) 1 3 0 0 #timing (601 562) ps polarity 1
net 226: (8 4)->(8 8) 3 4 0 0 #timing (931 922) ps polarity 1
net 226: (8 8)->(12 8) 4 2 0 0 #timing (1199 1184) ps polarity 1
net 226: (12 8)->(12 12) 3 1 0 1 #timing (1572 1501) ps  polarity 1
net 226: (12 12)->(12 12) 1 0 1 1 #timing (1670 1603) ps  polarity 0
net 226: (12 12)->(12 13) 0 1 0 1 #timing (1749 1795) ps  polarity 1
net 227: (10 4)->(11 5) 0 3 0 0 #timing (407 407) ps polarity 0
net 227: (11 5)->(9 5) 1 2 0 0 #timing (541 528) ps polarity 1
net 227: (9 5)->(13 5) 4 2 0 0 #timing (846 853) ps polarity 1
net 227: (13 5)->(13 9) 3 4 0 1 #timing (1275 1168) ps  polarity 1
net 227: (13 9)->(13 11) 1 1 0 1 #timing (1420 1304) ps  polarity 0
net 227: (13 11)->(13 11) 0 0 0 1 #timing (1416 1550) ps  polarity 1
net 227: (13 5)->(17 5) 4 5 0 1 #timing (1162 1138) ps  polarity 1
net 227: (17 5)->(17 1) 3 1 0 1 #timing (1501 1393) ps  polarity 1
net 227: (17 1)->(19 3) 1 3 0 1 #timing (1680 1546) ps  polarity 0
net 227: (19 3)->(19 3) 0 0 0 1 #timing (1681 1839) ps  polarity 1
net 227: (17 5)->(17 9) 3 4 0 1 #timing (1436 1363) ps  polarity 1
net 227: (17 9)->(19 11) 1 3 0 1 #timing (1614 1516) ps  polarity 0
net 227: (19 11)->(19 11) 0 0 0 1 #timing (1645 1778) ps  polarity 1
net 227: (13 5)->(13 5) 5 0 0 0 #timing (978 1004) ps polarity 0
net 227: (13 5)->(5 13) 5 3 0 1 #timing (1569 1598) ps  polarity 0
net 227: (5 13)->(9 13) 4 5 0 1 #timing (1968 1911) ps  polarity 1
net 227: (9 13)->(9 17) 3 4 0 1 #timing (2265 2159) ps  polarity 1
net 227: (9 17)->(11 17) 1 2 0 1 #timing (2477 2347) ps  polarity 0
net 227: (11 17)->(11 17) 0 0 0 1 #timing (2471 2625) ps  polarity 1
net 227: (13 5)->(29 5) 13 2 0 0 #timing (1710 1544) ps polarity 1
net 227: (29 5)->(29 5) 5 0 0 1 #timing (1961 1805) ps  polarity 1
net 227: (29 5)->(25 5) 4 2 0 1 #timing (2315 2111) ps  polarity 0
net 227: (25 5)->(25 9) 3 4 0 1 #timing (2648 2377) ps  polarity 0
net 227: (25 9)->(25 9) 1 0 1 1 #timing (2767 2499) ps  polarity 1
net 227: (25 9)->(25 9) 0 0 0 1 #timing (2582 2857) ps  polarity 0
net 227: (29 5)->(21 13) 5 3 0 1 #timing (2472 2282) ps  polarity 1
net 227: (21 13)->(17 13) 4 2 0 1 #timing (2603 2771) ps  polarity 0
net 227: (17 13)->(17 17) 3 4 0 1 #timing (2877 2995) ps  polarity 0
net 227: (17 17)->(19 17) 1 2 0 1 #timing (3034 3137) ps  polarity 1
net 227: (19 17)->(19 17) 0 0 0 1 #timing (3276 3182) ps  polarity 0
net 228: (4 6)->(4 6) 0 0 0 0 #timing (704 704) ps polarity 1
net 228: (4 6)->(6 4) 1 3 0 0 #timing (886 846) ps polarity 0
net 228: (6 4)->(6 0) 3 1 0 1 #timing (1410 1261) ps  polarity 0
net 228: (6 0)->(6 2) 1 1 0 1 #timing (1551 1396) ps  polarity 1
net 228: (6 2)->(7 3) 0 3 0 1 #timing (1546 1702) ps  polarity 0
net 229: (10 6)->(11 6) 0 2 0 0 #timing (400 400) ps polarity 0
net 229: (11 6)->(9 4) 1 3 0 0 #timing (569 542) ps polarity 1
net 229: (9 4)->(9 4) 5 0 1 0 #timing (668 745) ps polarity 0
net 229: (9 4)->(1 12) 5 3 0 1 #timing (1243 1331) ps  polarity 0
net 229: (1 12)->(5 12) 4 2 0 1 #timing (1649 1542) ps  polarity 1
net 229: (5 12)->(5 16) 3 4 0 1 #timing (1907 1758) ps  polarity 1
net 229: (5 16)->(7 18) 1 3 0 1 #timing (2080 1911) ps  polarity 0
net 229: (7 18)->(7 18) 0 0 0 1 #timing (2077 2249) ps  polarity 1
net 230: (4 4)->(4 5) 0 1 0 0 #timing (656 656) ps polarity 1
net 230: (4 5)->(6 7) 1 3 0 0 #timing (829 791) ps polarity 0
net 230: (6 7)->(6 3) 3 1 0 0 #timing (1204 1212) ps polarity 0
net 230: (6 3)->(6 3) 1 0 1 1 #timing (1430 1397) ps  polarity 1
net 230: (6 3)->(6 2) 0 1 0 1 #timing (1519 1543) ps  polarity 0
net 232: (17 17)->(17 17) 0 0 0 0 #timing (156 156) ps polarity 1
net 232: (17 17)->(19 19) 1 3 0 0 #timing (300 279) ps polarity 0
net 232: (19 19)->(19 19) 5 0 1 0 #timing (416 492) ps polarity 1
net 232: (19 19)->(2 19) 13 2 1 0 #timing (1261 1036) ps polarity 0
net 232: (2 19)->(2 2) 13 1 1 0 #timing (1805 1923) ps polarity 1
net 232: (2 2)->(10 2) 5 2 0 1 #timing (2296 2387) ps  polarity 0
net 232: (10 2)->(10 2) 1 0 1 1 #timing (2591 2466) ps  polarity 1
net 232: (10 2)->(10 2) 0 0 0 1 #timing (2569 2692) ps  polarity 0
net 233: (26 14)->(26 14) 0 0 0 0 #timing (166 166) ps polarity 1
net 233: (26 14)->(26 14) 1 0 0 0 #timing (242 245) ps polarity 0
net 233: (26 14)->(26 18) 3 4 0 0 #timing (523 469) ps polarity 0
net 233: (26 18)->(26 22) 3 1 0 1 #timing (937 787) ps  polarity 0
net 233: (26 22)->(24 20) 1 3 0 1 #timing (1126 947) ps  polarity 1
net 233: (24 20)->(24 20) 0 0 0 1 #timing (1088 1275) ps  polarity 0
net 233: (26 14)->(24 14) 1 2 0 0 #timing (292 278) ps polarity 0
net 233: (24 14)->(26 14) 1 2 0 1 #timing (525 482) ps  polarity 1
net 233: (26 14)->(26 15) 0 1 0 1 #timing (596 639) ps  polarity 0
net 233: (26 14)->(26 15) 0 1 0 0 #timing (183 183) ps polarity 1
net 233: (26 15)->(26 13) 1 1 0 0 #timing (309 294) ps polarity 0
net 233: (26 13)->(26 17) 3 4 0 1 #timing (704 606) ps  polarity 0
net 233: (26 17)->(26 17) 1 0 0 1 #timing (800 707) ps  polarity 1
net 233: (26 17)->(26 17) 0 0 0 1 #timing (836 918) ps  polarity 0
net 234: (25 20)->(25 20) 0 0 0 0 #timing (210 210) ps polarity 1
net 234: (25 20)->(25 22) 1 1 0 0 #timing (335 322) ps polarity 0
net 234: (25 22)->(25 22) 1 0 0 1 #timing (562 525) ps  polarity 1
net 234: (25 22)->(25 23) 0 1 0 1 #timing (620 658) ps  polarity 0
net 234: (25 22)->(21 22) 4 5 0 0 #timing (614 616) ps polarity 0
net 234: (21 22)->(21 22) 1 0 1 1 #timing (830 798) ps  polarity 1
net 234: (21 22)->(20 23) 0 3 0 1 #timing (964 965) ps  polarity 0
net 234: (25 22)->(25 22) 5 0 0 0 #timing (437 486) ps polarity 1
net 234: (25 22)->(17 22) 5 2 0 1 #timing (751 808) ps  polarity 0
net 234: (17 22)->(17 22) 1 0 1 1 #timing (1027 932) ps  polarity 1
net 234: (17 22)->(16 23) 0 3 0 1 #timing (1095 1161) ps  polarity 0
net 236: (24 24)->(24 24) 0 0 0 0 #timing (706 706) ps polarity 1
net 236: (24 24)->(26 24) 1 2 0 0 #timing (834 824) ps polarity 0
net 236: (26 24)->(26 20) 3 4 0 0 #timing (1131 1104) ps polarity 0
net 236: (26 20)->(26 20) 5 0 0 0 #timing (1263 1248) ps polarity 1
net 236: (26 20)->(18 20) 5 2 0 1 #timing (1641 1618) ps  polarity 0
net 236: (18 20)->(18 20) 1 0 1 1 #timing (1818 1808) ps  polarity 1
net 236: (18 20)->(18 21) 0 1 0 1 #timing (1927 1929) ps  polarity 0
net 236: (24 24)->(24 25) 0 1 0 0 #timing (697 697) ps polarity 1
net 236: (24 25)->(24 25) 1 0 0 0 #timing (790 791) ps polarity 0
net 236: (24 25)->(24 21) 3 4 0 0 #timing (1069 1020) ps polarity 0
net 236: (24 21)->(24 21) 1 0 1 1 #timing (1292 1203) ps  polarity 1
net 236: (24 21)->(25 21) 0 2 0 1 #timing (1318 1401) ps  polarity 0
net 236: (24 24)->(25 25) 0 3 0 0 #timing (695 695) ps polarity 1
net 236: (25 25)->(27 25) 1 2 0 0 #timing (822 814) ps polarity 0
net 236: (27 25)->(27 21) 3 4 0 0 #timing (1119 1103) ps polarity 0
net 236: (27 21)->(25 21) 1 2 0 1 #timing (1410 1336) ps  polarity 1
net 236: (25 21)->(24 20) 0 3 0 1 #timing (1490 1575) ps  polarity 0
net 237: (22 20)->(22 20) 0 0 0 0 #timing (178 178) ps polarity 1
net 237: (22 20)->(20 22) 1 3 0 0 #timing (352 319) ps polarity 0
net 237: (20 22)->(20 22) 1 0 1 1 #timing (599 547) ps  polarity 1
net 237: (20 22)->(21 23) 0 3 0 1 #timing (690 723) ps  polarity 0
net 237: (20 22)->(16 22) 4 2 0 0 #timing (652 686) ps polarity 0
net 237: (16 22)->(18 22) 1 2 0 1 #timing (946 868) ps  polarity 1
net 237: (18 22)->(18 23) 0 1 0 1 #timing (979 1078) ps  polarity 0
net 237: (20 22)->(24 22) 4 5 0 0 #timing (659 694) ps polarity 0
net 237: (24 22)->(24 22) 1 0 1 1 #timing (892 830) ps  polarity 1
net 237: (24 22)->(25 23) 0 3 0 1 #timing (959 1008) ps  polarity 0
net 238: (24 20)->(24 21) 0 1 0 0 #timing (209 209) ps polarity 1
net 238: (24 21)->(26 21) 1 2 0 0 #timing (339 323) ps polarity 0
net 238: (26 21)->(26 21) 5 0 0 0 #timing (434 478) ps polarity 1
net 238: (26 21)->(18 21) 5 2 0 1 #timing (793 831) ps  polarity 0
net 238: (18 21)->(18 23) 1 1 0 1 #timing (1071 989) ps  polarity 1
net 238: (18 23)->(18 23) 0 0 0 1 #timing (1113 1207) ps  polarity 0
net 238: (24 21)->(26 23) 1 3 0 0 #timing (359 334) ps polarity 0
net 238: (26 23)->(24 23) 1 2 0 1 #timing (607 560) ps  polarity 1
net 238: (24 23)->(25 23) 0 2 0 1 #timing (704 741) ps  polarity 0
net 238: (26 23)->(22 23) 4 5 0 0 #timing (705 706) ps polarity 0
net 238: (22 23)->(20 23) 1 2 0 1 #timing (935 903) ps  polarity 1
net 238: (20 23)->(21 23) 0 2 0 1 #timing (1043 1082) ps  polarity 0
net 240: (25 19)->(25 19) 0 0 0 0 #timing (637 637) ps polarity 1
net 240: (25 19)->(25 19) 1 0 0 0 #timing (720 723) ps polarity 0
net 240: (25 19)->(25 23) 3 1 0 0 #timing (1056 979) ps polarity 0
net 240: (25 23)->(25 23) 1 0 1 1 #timing (1280 1167) ps  polarity 1
net 240: (25 23)->(25 23) 0 0 0 1 #timing (1274 1385) ps  polarity 0
net 240: (25 23)->(21 23) 4 5 0 1 #timing (1463 1308) ps  polarity 0
net 240: (21 23)->(21 23) 1 0 0 1 #timing (1659 1478) ps  polarity 1
net 240: (21 23)->(21 23) 0 0 0 1 #timing (1605 1775) ps  polarity 0
net 240: (25 19)->(24 19) 0 2 0 0 #timing (644 644) ps polarity 1
net 240: (24 19)->(26 19) 1 2 0 0 #timing (789 769) ps polarity 0
net 240: (26 19)->(26 23) 3 1 0 0 #timing (1109 1072) ps polarity 0
net 240: (26 23)->(26 23) 5 0 0 0 #timing (1232 1208) ps polarity 1
net 240: (26 23)->(18 23) 5 2 0 1 #timing (1644 1599) ps  polarity 0
net 240: (18 23)->(16 23) 1 2 0 1 #timing (1818 1827) ps  polarity 1
net 240: (16 23)->(16 23) 0 0 0 1 #timing (1965 1963) ps  polarity 0
net 242: (26 13)->(26 13) 0 0 0 0 #timing (680 680) ps polarity 1
net 242: (26 13)->(26 15) 1 1 0 0 #timing (780 778) ps polarity 0
net 242: (26 15)->(26 15) 1 0 1 1 #timing (1003 978) ps  polarity 1
net 242: (26 15)->(26 15) 0 0 0 1 #timing (1094 1114) ps  polarity 0
net 242: (26 13)->(26 12) 0 1 0 0 #timing (700 700) ps polarity 1
net 242: (26 12)->(26 12) 1 0 0 0 #timing (791 793) ps polarity 0
net 242: (26 12)->(26 16) 3 4 0 0 #timing (1073 1023) ps polarity 0
net 242: (26 16)->(26 16) 1 0 1 1 #timing (1281 1199) ps  polarity 1
net 242: (26 16)->(27 17) 0 3 0 1 #timing (1341 1405) ps  polarity 0
net 242: (26 16)->(26 20) 3 1 0 1 #timing (1515 1358) ps  polarity 0
net 242: (26 20)->(24 20) 1 2 0 1 #timing (1625 1470) ps  polarity 1
net 242: (24 20)->(25 20) 0 2 0 1 #timing (1615 1758) ps  polarity 0
net 243: (15 23)->(15 23) 0 0 0 0 #timing (182 182) ps polarity 1
net 243: (15 23)->(13 21) 1 3 0 0 #timing (366 325) ps polarity 0
net 243: (13 21)->(13 23) 1 1 0 1 #timing (646 568) ps  polarity 1
net 243: (13 23)->(12 22) 0 3 0 1 #timing (715 795) ps  polarity 0
net 243: (13 21)->(13 17) 3 1 0 0 #timing (600 635) ps polarity 0
net 243: (13 17)->(15 17) 1 2 0 1 #timing (873 854) ps  polarity 1
net 243: (15 17)->(14 17) 0 2 0 1 #timing (997 1019) ps  polarity 0
net 243: (13 17)->(9 17) 4 2 0 0 #timing (903 919) ps polarity 0
net 243: (9 17)->(9 17) 1 0 1 1 #timing (1130 1085) ps  polarity 1
net 243: (9 17)->(9 16) 0 1 0 1 #timing (1163 1215) ps  polarity 0
net 245: (21 6)->(20 6) 0 2 0 0 #timing (664 664) ps polarity 1
net 245: (20 6)->(20 6) 1 0 0 0 #timing (741 742) ps polarity 0
net 245: (20 6)->(16 6) 4 2 0 0 #timing (1007 974) ps polarity 0
net 245: (16 6)->(16 10) 3 4 0 1 #timing (1388 1321) ps  polarity 0
net 245: (16 10)->(16 10) 1 0 0 1 #timing (1484 1422) ps  polarity 1
net 245: (16 10)->(16 10) 0 0 0 1 #timing (1548 1601) ps  polarity 0
net 245: (16 10)->(16 8) 1 1 0 1 #timing (1530 1456) ps  polarity 1
net 245: (16 8)->(17 9) 0 3 0 1 #timing (1609 1684) ps  polarity 0
net 245: (20 6)->(22 4) 1 3 0 0 #timing (831 801) ps polarity 0
net 245: (22 4)->(18 4) 4 2 0 1 #timing (1272 1177) ps  polarity 0
net 245: (18 4)->(18 4) 1 0 0 1 #timing (1467 1346) ps  polarity 1
net 245: (18 4)->(19 5) 0 3 0 1 #timing (1488 1591) ps  polarity 0
net 246: (19 5)->(19 4) 0 1 0 0 #timing (157 157) ps polarity 1
net 246: (19 4)->(19 6) 1 1 0 0 #timing (273 262) ps polarity 0
net 246: (19 6)->(23 6) 4 2 0 0 #timing (526 549) ps polarity 0
net 246: (23 6)->(23 4) 1 1 0 1 #timing (795 730) ps  polarity 1
net 246: (23 4)->(23 5) 0 1 0 1 #timing (861 935) ps  polarity 0
net 246: (23 6)->(21 4) 1 3 0 1 #timing (840 756) ps  polarity 1
net 246: (21 4)->(21 5) 0 1 0 1 #timing (893 995) ps  polarity 0
net 246: (19 5)->(18 4) 0 3 0 0 #timing (180 180) ps polarity 1
net 246: (18 4)->(18 6) 1 1 0 0 #timing (302 291) ps polarity 0
net 246: (18 6)->(18 4) 1 1 0 1 #timing (569 520) ps  polarity 1
net 246: (18 4)->(18 5) 0 1 0 1 #timing (684 726) ps  polarity 0
net 247: (9 17)->(9 17) 0 0 0 0 #timing (211 211) ps polarity 1
net 247: (9 17)->(9 17) 1 0 0 0 #timing (297 298) ps polarity 0
net 247: (9 17)->(9 21) 3 1 0 0 #timing (580 532) ps polarity 0
net 247: (9 21)->(13 21) 4 2 0 0 #timing (920 839) ps polarity 0
net 247: (13 21)->(15 23) 1 3 0 1 #timing (1156 1170) ps  polarity 1
net 247: (15 23)->(15 22) 0 1 0 1 #timing (1306 1314) ps  polarity 0
net 247: (9 17)->(8 17) 0 2 0 0 #timing (219 219) ps polarity 1
net 247: (8 17)->(8 17) 1 0 0 0 #timing (303 304) ps polarity 0
net 247: (8 17)->(8 17) 1 0 1 1 #timing (509 475) ps  polarity 1
net 247: (8 17)->(9 17) 0 2 0 1 #timing (600 625) ps  polarity 0
net 248: (14 23)->(14 23) 0 0 0 0 #timing (161 161) ps polarity 1
net 248: (14 23)->(14 23) 1 0 0 0 #timing (237 239) ps polarity 0
net 248: (14 23)->(12 23) 1 2 0 1 #timing (502 451) ps  polarity 1
net 248: (12 23)->(12 22) 0 1 0 1 #timing (573 638) ps  polarity 0
net 248: (14 23)->(14 19) 3 1 0 0 #timing (487 448) ps polarity 0
net 248: (14 19)->(14 17) 1 1 0 1 #timing (753 661) ps  polarity 1
net 248: (14 17)->(15 17) 0 2 0 1 #timing (767 877) ps  polarity 0
net 248: (14 19)->(10 19) 4 2 0 0 #timing (801 723) ps polarity 0
net 248: (10 19)->(8 17) 1 3 0 1 #timing (1018 1035) ps  polarity 1
net 248: (8 17)->(9 16) 0 3 0 1 #timing (1163 1158) ps  polarity 0
net 250: (20 5)->(20 5) 0 0 0 0 #timing (155 155) ps polarity 1
net 250: (20 5)->(20 5) 1 0 0 0 #timing (230 233) ps polarity 0
net 250: (20 5)->(16 5) 4 2 0 1 #timing (612 547) ps  polarity 0
net 250: (16 5)->(16 9) 3 4 0 1 #timing (889 774) ps  polarity 0
net 250: (16 9)->(16 9) 1 0 0 1 #timing (989 877) ps  polarity 1
net 250: (16 9)->(17 9) 0 2 0 1 #timing (988 1096) ps  polarity 0
net 250: (16 9)->(16 11) 1 1 0 1 #timing (1036 910) ps  polarity 1
net 250: (16 11)->(16 10) 0 1 0 1 #timing (1049 1180) ps  polarity 0
net 250: (20 5)->(24 5) 4 5 0 0 #timing (581 514) ps polarity 0
net 250: (24 5)->(24 5) 5 0 0 0 #timing (709 655) ps polarity 1
net 250: (24 5)->(24 13) 5 1 0 1 #timing (1063 1009) ps  polarity 0
net 250: (24 13)->(26 15) 1 3 0 1 #timing (1271 1272) ps  polarity 1
net 250: (26 15)->(26 14) 0 1 0 1 #timing (1478 1452) ps  polarity 0
net 251: (24 20)->(24 20) 0 0 0 0 #timing (177 177) ps polarity 1
net 251: (24 20)->(24 20) 1 0 0 0 #timing (260 262) ps polarity 0
net 251: (24 20)->(24 22) 1 1 0 1 #timing (516 470) ps  polarity 1
net 251: (24 22)->(24 23) 0 1 0 1 #timing (598 660) ps  polarity 0
net 251: (24 20)->(24 20) 5 0 0 0 #timing (366 381) ps polarity 1
net 251: (24 20)->(16 20) 5 2 0 1 #timing (791 787) ps  polarity 0
net 251: (16 20)->(12 20) 4 5 0 1 #timing (1118 1052) ps  polarity 0
net 251: (12 20)->(12 22) 1 1 0 1 #timing (1369 1258) ps  polarity 1
net 251: (12 22)->(12 22) 0 0 0 1 #timing (1374 1500) ps  polarity 0
net 251: (24 20)->(25 20) 0 2 0 0 #timing (183 183) ps polarity 1
net 251: (25 20)->(27 22) 1 3 0 0 #timing (333 312) ps polarity 0
net 251: (27 22)->(27 22) 5 0 1 0 #timing (450 527) ps polarity 1
net 251: (27 22)->(27 7) 13 1 1 0 #timing (1105 923) ps polarity 0
net 251: (27 7)->(19 7) 5 2 0 1 #timing (1600 1398) ps  polarity 1
net 251: (19 7)->(15 7) 4 5 0 1 #timing (1939 1670) ps  polarity 1
net 251: (15 7)->(15 11) 3 4 0 1 #timing (2220 1895) ps  polarity 1
net 251: (15 11)->(13 11) 1 2 0 1 #timing (2360 2027) ps  polarity 0
net 251: (13 11)->(13 10) 0 1 0 1 #timing (2162 2510) ps  polarity 1
net 252: (9 16)->(9 17) 0 1 0 0 #timing (674 674) ps polarity 1
net 252: (9 17)->(9 19) 1 1 0 0 #timing (797 788) ps polarity 0
net 252: (9 19)->(9 17) 1 1 0 1 #timing (1060 1014) ps  polarity 1
net 252: (9 17)->(9 17) 0 0 0 1 #timing (1120 1182) ps  polarity 0
net 252: (9 16)->(8 16) 0 2 0 0 #timing (677 677) ps polarity 1
net 252: (8 16)->(8 16) 1 0 0 0 #timing (761 764) ps polarity 0
net 252: (8 16)->(8 20) 3 1 0 0 #timing (1097 1020) ps polarity 0
net 252: (8 20)->(8 20) 5 0 0 0 #timing (1221 1158) ps polarity 1
net 252: (8 20)->(25 20) 13 2 1 0 #timing (1828 1765) ps polarity 0
net 252: (25 20)->(25 20) 5 0 1 1 #timing (2064 2013) ps  polarity 0
net 252: (25 20)->(25 20) 1 0 1 1 #timing (2209 2157) ps  polarity 0
net 252: (25 20)->(25 21) 0 1 0 1 #timing (2267 2314) ps  polarity 1
net 252: (25 20)->(24 21) 0 3 0 1 #timing (2241 2298) ps  polarity 1
net 253: (15 22)->(15 22) 0 0 0 0 #timing (637 637) ps polarity 1
net 253: (15 22)->(13 22) 1 2 0 0 #timing (765 751) ps polarity 0
net 253: (13 22)->(13 22) 1 0 1 1 #timing (991 955) ps  polarity 1
net 253: (13 22)->(12 22) 0 2 0 1 #timing (1082 1107) ps  polarity 0
net 253: (13 22)->(13 18) 3 1 0 0 #timing (1036 1035) ps polarity 0
net 253: (13 18)->(9 18) 4 2 0 0 #timing (1353 1324) ps polarity 0
net 253: (9 18)->(9 16) 1 1 0 1 #timing (1575 1564) ps  polarity 1
net 253: (9 16)->(9 16) 0 0 0 1 #timing (1663 1692) ps  polarity 0
net 253: (13 22)->(13 26) 3 4 0 0 #timing (1082 1065) ps polarity 0
net 253: (13 26)->(13 26) 5 0 0 0 #timing (1205 1202) ps polarity 1
net 253: (13 26)->(13 10) 13 1 0 0 #timing (1846 1724) ps polarity 0
net 253: (13 10)->(13 10) 5 0 0 1 #timing (2079 1968) ps  polarity 0
net 253: (13 10)->(13 10) 1 0 0 1 #timing (2222 2107) ps  polarity 0
net 253: (13 10)->(13 10) 0 0 0 1 #timing (2256 2350) ps  polarity 1
net 256: (20 17)->(21 16) 0 3 0 0 #timing (174 174) ps polarity 1
net 256: (21 16)->(21 16) 1 0 0 0 #timing (257 259) ps polarity 0
net 256: (21 16)->(21 12) 3 4 0 0 #timing (518 475) ps polarity 0
net 256: (21 12)->(25 12) 4 5 0 0 #timing (892 806) ps polarity 0
net 256: (25 12)->(25 14) 1 1 0 1 #timing (1049 1096) ps  polarity 1
net 256: (25 14)->(25 14) 0 0 0 1 #timing (1195 1166) ps  polarity 0
net 256: (25 12)->(25 8) 3 1 0 1 #timing (1260 1241) ps  polarity 0
net 256: (25 8)->(25 10) 1 1 0 1 #timing (1404 1380) ps  polarity 1
net 256: (25 10)->(25 11) 0 1 0 1 #timing (1501 1537) ps  polarity 0
net 256: (21 16)->(21 16) 5 0 0 0 #timing (361 375) ps polarity 1
net 256: (21 16)->(21 1) 13 1 1 0 #timing (1040 898) ps polarity 0
net 256: (21 1)->(21 9) 5 1 0 1 #timing (1475 1315) ps  polarity 1
net 256: (21 9)->(23 11) 1 3 0 1 #timing (1596 1697) ps  polarity 0
net 256: (23 11)->(23 11) 0 0 0 1 #timing (1823 1755) ps  polarity 1
net 257: (20 18)->(20 18) 0 0 0 0 #timing (704 704) ps polarity 1
net 257: (20 18)->(20 18) 1 0 0 0 #timing (776 780) ps polarity 0
net 257: (20 18)->(20 22) 3 1 0 0 #timing (1077 1015) ps polarity 0
net 257: (20 22)->(20 26) 3 4 0 1 #timing (1530 1352) ps  polarity 0
net 257: (20 26)->(20 26) 1 0 0 1 #timing (1628 1455) ps  polarity 1
net 257: (20 26)->(20 27) 0 1 0 1 #timing (1574 1740) ps  polarity 0
net 257: (20 18)->(22 16) 1 3 0 0 #timing (894 849) ps polarity 0
net 257: (22 16)->(20 18) 1 3 0 1 #timing (1236 1141) ps  polarity 1
net 257: (20 18)->(21 19) 0 3 0 1 #timing (1293 1411) ps  polarity 0
net 257: (20 18)->(21 19) 0 3 0 0 #timing (674 674) ps polarity 1
net 257: (21 19)->(21 19) 1 0 0 0 #timing (765 768) ps polarity 0
net 257: (21 19)->(17 19) 4 2 0 0 #timing (1015 987) ps polarity 0
net 257: (17 19)->(17 23) 3 1 0 1 #timing (1411 1340) ps  polarity 0
net 257: (17 23)->(17 23) 1 0 1 1 #timing (1505 1440) ps  polarity 1
net 257: (17 23)->(17 23) 0 0 0 1 #timing (1568 1622) ps  polarity 0
net 258: (20 21)->(21 20) 0 3 0 0 #timing (743 743) ps polarity 1
net 258: (21 20)->(21 20) 1 0 0 0 #timing (830 831) ps polarity 0
net 258: (21 20)->(21 16) 3 1 0 0 #timing (1099 1053) ps polarity 0
net 258: (21 16)->(21 16) 1 0 1 1 #timing (1311 1232) ps  polarity 1
net 258: (21 16)->(21 17) 0 1 0 1 #timing (1396 1445) ps  polarity 0
net 258: (21 16)->(20 17) 0 3 0 1 #timing (1396 1445) ps  polarity 0
net 258: (21 20)->(23 20) 1 2 0 0 #timing (887 868) ps polarity 0
net 258: (23 20)->(19 20) 4 2 0 0 #timing (1114 1135) ps polarity 0
net 258: (19 20)->(19 20) 1 0 0 1 #timing (1350 1301) ps  polarity 1
net 258: (19 20)->(19 21) 0 1 0 1 #timing (1448 1475) ps  polarity 0
net 259: (22 20)->(22 21) 0 1 0 0 #timing (209 209) ps polarity 1
net 259: (22 21)->(20 23) 1 3 0 0 #timing (382 345) ps polarity 0
net 259: (20 23)->(20 23) 1 0 0 1 #timing (618 563) ps  polarity 1
net 259: (20 23)->(20 23) 0 0 0 1 #timing (691 735) ps  polarity 0
net 259: (22 20)->(23 20) 0 2 0 0 #timing (201 201) ps polarity 1
net 259: (23 20)->(21 20) 1 2 0 0 #timing (346 322) ps polarity 0
net 259: (21 20)->(21 20) 1 0 1 1 #timing (562 514) ps  polarity 1
net 259: (21 20)->(20 21) 0 3 0 1 #timing (659 686) ps  polarity 0
net 259: (22 20)->(23 21) 0 3 0 0 #timing (229 229) ps polarity 1
net 259: (23 21)->(23 21) 1 0 0 0 #timing (337 335) ps polarity 0
net 259: (23 21)->(19 21) 4 2 0 0 #timing (560 548) ps polarity 0
net 259: (19 21)->(17 23) 1 3 0 1 #timing (820 785) ps  polarity 1
net 259: (17 23)->(16 23) 0 2 0 1 #timing (929 988) ps  polarity 0
net 261: (17 23)->(17 23) 0 0 0 0 #timing (182 182) ps polarity 1
net 261: (17 23)->(17 21) 1 1 0 0 #timing (303 291) ps polarity 0
net 261: (17 21)->(17 17) 3 1 0 0 #timing (574 556) ps polarity 0
net 261: (17 17)->(21 17) 4 2 0 1 #timing (975 877) ps  polarity 0
net 261: (21 17)->(21 13) 3 4 0 1 #timing (1276 1118) ps  polarity 0
net 261: (21 13)->(21 13) 1 0 0 1 #timing (1371 1219) ps  polarity 1
net 261: (21 13)->(21 13) 0 0 0 1 #timing (1334 1481) ps  polarity 0
net 261: (17 23)->(17 22) 0 1 0 0 #timing (201 201) ps polarity 1
net 261: (17 22)->(19 22) 1 2 0 0 #timing (336 319) ps polarity 0
net 261: (19 22)->(17 22) 1 2 0 1 #timing (614 557) ps  polarity 1
net 261: (17 22)->(17 23) 0 1 0 1 #timing (739 791) ps  polarity 0
net 261: (19 22)->(19 18) 3 1 0 0 #timing (600 600) ps polarity 0
net 261: (19 18)->(19 18) 1 0 1 1 #timing (808 775) ps  polarity 1
net 261: (19 18)->(19 19) 0 1 0 1 #timing (904 924) ps  polarity 0
net 262: (13 13)->(12 12) 0 3 0 0 #timing (202 202) ps polarity 0
net 262: (12 12)->(14 14) 1 3 0 0 #timing (366 343) ps polarity 1
net 262: (14 14)->(10 14) 4 2 0 1 #timing (776 705) ps  polarity 1
net 262: (10 14)->(10 10) 3 1 0 1 #timing (1083 953) ps  polarity 1
net 262: (10 10)->(10 10) 1 0 1 1 #timing (1178 1053) ps  polarity 0
net 262: (10 10)->(10 10) 0 0 0 1 #timing (1180 1294) ps  polarity 1
net 264: (20 20)->(20 20) 0 0 0 0 #timing (163 163) ps polarity 1
net 264: (20 20)->(20 20) 1 0 0 0 #timing (240 242) ps polarity 0
net 264: (20 20)->(16 20) 4 2 0 0 #timing (519 481) ps polarity 0
net 264: (16 20)->(18 20) 1 2 0 1 #timing (742 736) ps  polarity 1
net 264: (18 20)->(19 21) 0 3 0 1 #timing (868 890) ps  polarity 0
net 264: (20 20)->(21 21) 0 3 0 0 #timing (191 191) ps polarity 1
net 264: (21 21)->(23 23) 1 3 0 0 #timing (358 325) ps polarity 0
net 264: (23 23)->(19 23) 4 2 0 1 #timing (770 683) ps  polarity 0
net 264: (19 23)->(19 27) 3 4 0 1 #timing (1097 941) ps  polarity 0
net 264: (19 27)->(19 25) 1 1 0 1 #timing (1238 1072) ps  polarity 1
net 264: (19 25)->(19 24) 0 1 0 1 #timing (1197 1373) ps  polarity 0
net 264: (19 27)->(17 25) 1 3 0 1 #timing (1266 1090) ps  polarity 1
net 264: (17 25)->(17 24) 0 1 0 1 #timing (1227 1427) ps  polarity 0
net 265: (25 24)->(25 25) 0 1 0 0 #timing (739 739) ps polarity 1
net 265: (25 25)->(25 25) 1 0 0 0 #timing (814 818) ps polarity 0
net 265: (25 25)->(25 21) 3 4 0 0 #timing (1107 1056) ps polarity 0
net 265: (25 21)->(21 21) 4 5 0 0 #timing (1434 1341) ps polarity 0
net 265: (21 21)->(23 21) 1 2 0 1 #timing (1617 1660) ps  polarity 1
net 265: (23 21)->(22 20) 0 3 0 1 #timing (1810 1765) ps  polarity 0
net 265: (25 21)->(25 21) 5 0 0 0 #timing (1242 1200) ps polarity 1
net 265: (25 21)->(17 21) 5 2 0 1 #timing (1581 1540) ps  polarity 0
net 265: (17 21)->(19 21) 1 2 0 1 #timing (1819 1802) ps  polarity 1
net 265: (19 21)->(18 21) 0 2 0 1 #timing (1936 1962) ps  polarity 0
net 265: (25 24)->(24 24) 0 2 0 0 #timing (739 739) ps polarity 1
net 265: (24 24)->(26 26) 1 3 0 0 #timing (898 872) ps polarity 0
net 265: (26 26)->(26 22) 3 4 0 0 #timing (1173 1187) ps polarity 0
net 265: (26 22)->(22 22) 4 5 0 0 #timing (1555 1509) ps polarity 0
net 265: (22 22)->(22 20) 1 1 0 1 #timing (1770 1771) ps  polarity 1
net 265: (22 20)->(23 21) 0 3 0 1 #timing (1918 1933) ps  polarity 0
net 268: (23 20)->(22 21) 0 3 0 0 #timing (236 236) ps polarity 1
net 268: (22 21)->(22 23) 1 1 0 0 #timing (359 349) ps polarity 0
net 268: (22 23)->(22 19) 3 1 0 0 #timing (646 630) ps polarity 0
net 268: (22 19)->(26 19) 4 5 0 0 #timing (962 908) ps polarity 0
net 268: (26 19)->(26 15) 3 4 0 1 #timing (1356 1281) ps  polarity 0
net 268: (26 15)->(26 15) 1 0 0 1 #timing (1451 1383) ps  polarity 1
net 268: (26 15)->(27 15) 0 2 0 1 #timing (1493 1558) ps  polarity 0
net 268: (22 23)->(26 23) 4 5 0 0 #timing (657 653) ps polarity 0
net 268: (26 23)->(26 23) 5 0 1 0 #timing (792 800) ps polarity 1
net 268: (26 23)->(26 7) 13 1 0 0 #timing (1429 1305) ps polarity 0
net 268: (26 7)->(26 7) 5 0 0 1 #timing (1659 1545) ps  polarity 0
net 268: (26 7)->(26 11) 3 4 0 1 #timing (2058 1855) ps  polarity 1
net 268: (26 11)->(26 11) 1 0 1 1 #timing (2160 1959) ps  polarity 0
net 268: (26 11)->(26 11) 0 0 0 1 #timing (2088 2278) ps  polarity 1
net 268: (26 11)->(24 11) 1 2 0 1 #timing (2175 1970) ps  polarity 0
net 268: (24 11)->(24 11) 0 0 0 1 #timing (2103 2303) ps  polarity 1
net 269: (27 14)->(27 14) 0 0 0 0 #timing (162 162) ps polarity 1
net 269: (27 14)->(27 12) 1 1 0 0 #timing (292 276) ps polarity 0
net 269: (27 12)->(27 16) 3 4 0 0 #timing (587 555) ps polarity 0
net 269: (27 16)->(23 16) 4 5 0 0 #timing (983 892) ps polarity 0
net 269: (23 16)->(23 20) 3 1 0 1 #timing (1317 1318) ps  polarity 0
net 269: (23 20)->(23 20) 1 0 0 1 #timing (1433 1439) ps  polarity 1
net 269: (23 20)->(23 21) 0 1 0 1 #timing (1548 1539) ps  polarity 0
net 269: (27 14)->(27 15) 0 1 0 0 #timing (174 174) ps polarity 1
net 269: (27 15)->(27 13) 1 1 0 0 #timing (311 293) ps polarity 0
net 269: (27 13)->(27 17) 3 4 0 1 #timing (719 614) ps  polarity 0
net 269: (27 17)->(27 17) 1 0 1 1 #timing (815 715) ps  polarity 1
net 269: (27 17)->(26 17) 0 2 0 1 #timing (847 934) ps  polarity 0
net 269: (27 15)->(25 15) 1 2 0 0 #timing (338 308) ps polarity 0
net 269: (25 15)->(27 15) 1 2 0 1 #timing (638 560) ps  polarity 1
net 269: (27 15)->(26 15) 0 2 0 1 #timing (662 776) ps  polarity 0
net 270: (25 20)->(25 21) 0 1 0 0 #timing (230 230) ps polarity 1
net 270: (25 21)->(27 21) 1 2 0 0 #timing (405 381) ps polarity 0
net 270: (27 21)->(27 17) 3 1 0 0 #timing (674 681) ps polarity 0
net 270: (27 17)->(27 13) 3 4 0 1 #timing (1083 995) ps  polarity 0
net 270: (27 13)->(27 15) 1 1 0 1 #timing (1219 1126) ps  polarity 1
net 270: (27 15)->(27 15) 0 0 0 1 #timing (1249 1354) ps  polarity 0
net 270: (25 20)->(24 20) 0 2 0 0 #timing (214 214) ps polarity 1
net 270: (24 20)->(26 22) 1 3 0 0 #timing (381 349) ps polarity 0
net 270: (26 22)->(26 26) 3 4 0 0 #timing (732 710) ps polarity 0
net 270: (26 26)->(26 26) 5 0 0 0 #timing (852 845) ps polarity 1
net 270: (26 26)->(26 10) 13 1 0 0 #timing (1486 1373) ps polarity 0
net 270: (26 10)->(26 10) 5 0 0 1 #timing (1712 1609) ps  polarity 0
net 270: (26 10)->(26 10) 1 0 1 1 #timing (1853 1747) ps  polarity 0
net 270: (26 10)->(27 11) 0 3 0 1 #timing (1889 1977) ps  polarity 1
net 270: (26 10)->(24 10) 1 2 0 1 #timing (1874 1762) ps  polarity 0
net 270: (24 10)->(24 11) 0 1 0 1 #timing (1863 1985) ps  polarity 1
net 271: (23 20)->(23 21) 0 1 0 0 #timing (230 231) ps polarity 1
net 271: (23 21)->(23 23) 1 1 0 0 #timing (379 365) ps polarity 0
net 271: (23 23)->(19 23) 4 2 0 0 #timing (607 627) ps polarity 0
net 271: (19 23)->(19 23) 1 0 1 1 #timing (846 799) ps  polarity 1
net 271: (19 23)->(18 23) 0 2 0 1 #timing (932 965) ps  polarity 0
net 271: (23 21)->(21 23) 1 3 0 0 #timing (410 384) ps polarity 0
net 271: (21 23)->(21 21) 1 1 0 1 #timing (700 641) ps  polarity 1
net 271: (21 21)->(20 21) 0 2 0 1 #timing (786 850) ps  polarity 0
net 271: (21 23)->(21 27) 3 4 0 0 #timing (744 735) ps polarity 0
net 271: (21 27)->(21 27) 1 0 0 1 #timing (960 916) ps  polarity 1
net 271: (21 27)->(20 27) 0 2 0 1 #timing (1039 1075) ps  polarity 0
net 273: (23 19)->(23 19) 0 0 0 0 #timing (637 637) ps polarity 1
net 273: (23 19)->(21 19) 1 2 0 0 #timing (759 751) ps polarity 0
net 273: (21 19)->(21 15) 3 4 0 0 #timing (1036 1007) ps polarity 0
net 273: (21 15)->(21 11) 3 1 0 1 #timing (1459 1328) ps  polarity 0
net 273: (21 11)->(23 11) 1 2 0 1 #timing (1593 1456) ps  polarity 1
net 273: (23 11)->(22 11) 0 2 0 1 #timing (1598 1732) ps  polarity 0
net 273: (21 15)->(25 15) 4 5 0 0 #timing (1395 1325) ps polarity 0
net 273: (25 15)->(25 15) 1 0 0 1 #timing (1524 1568) ps  polarity 1
net 273: (25 15)->(25 14) 0 1 0 1 #timing (1676 1629) ps  polarity 0
net 273: (25 15)->(25 11) 3 1 0 1 #timing (1788 1756) ps  polarity 0
net 273: (25 11)->(25 11) 1 0 1 1 #timing (1900 1872) ps  polarity 1
net 273: (25 11)->(24 11) 0 2 0 1 #timing (1968 1998) ps  polarity 0
net 274: (27 15)->(27 14) 0 1 0 0 #timing (700 700) ps polarity 1
net 274: (27 14)->(27 14) 1 0 0 0 #timing (782 781) ps polarity 0
net 274: (27 14)->(27 14) 1 0 1 1 #timing (985 952) ps  polarity 1
net 274: (27 14)->(26 15) 0 3 0 1 #timing (1094 1107) ps  polarity 0
net 274: (27 15)->(26 15) 0 2 0 0 #timing (692 692) ps polarity 1
net 274: (26 15)->(26 15) 1 0 0 0 #timing (771 774) ps polarity 0
net 274: (26 15)->(26 19) 3 4 0 0 #timing (1053 999) ps polarity 0
net 274: (26 19)->(22 19) 4 5 0 0 #timing (1384 1283) ps polarity 0
net 274: (22 19)->(22 23) 3 1 0 1 #timing (1722 1722) ps  polarity 0
net 274: (22 23)->(22 21) 1 1 0 1 #timing (1870 1862) ps  polarity 1
net 274: (22 21)->(23 20) 0 3 0 1 #timing (2004 2016) ps  polarity 0
net 274: (26 15)->(24 13) 1 3 0 0 #timing (872 831) ps polarity 0
net 274: (24 13)->(20 13) 4 5 0 0 #timing (1172 1185) ps polarity 0
net 274: (20 13)->(22 15) 1 3 0 1 #timing (1446 1389) ps  polarity 1
net 274: (22 15)->(23 14) 0 3 0 1 #timing (1541 1628) ps  polarity 0
net 275: (24 23)->(24 23) 0 0 0 0 #timing (197 197) ps polarity 1
net 275: (24 23)->(24 21) 1 1 0 0 #timing (349 326) ps polarity 0
net 275: (24 21)->(24 21) 5 0 0 0 #timing (435 490) ps polarity 1
net 275: (24 21)->(16 21) 5 2 0 1 #timing (854 888) ps  polarity 0
net 275: (16 21)->(18 21) 1 2 0 1 #timing (1117 1039) ps  polarity 1
net 275: (18 21)->(18 21) 0 0 0 1 #timing (1169 1265) ps  polarity 0
net 275: (24 23)->(24 22) 0 1 0 0 #timing (200 200) ps polarity 1
net 275: (24 22)->(24 22) 1 0 0 0 #timing (283 285) ps polarity 0
net 275: (24 22)->(20 22) 4 5 0 0 #timing (623 556) ps polarity 0
net 275: (20 22)->(22 20) 1 3 0 1 #timing (842 853) ps  polarity 1
net 275: (22 20)->(22 20) 0 0 0 1 #timing (1005 1014) ps  polarity 0
net 275: (24 23)->(25 22) 0 3 0 0 #timing (203 203) ps polarity 1
net 275: (25 22)->(25 20) 1 1 0 0 #timing (353 329) ps polarity 0
net 275: (25 20)->(21 20) 4 5 0 0 #timing (613 626) ps polarity 0
net 275: (21 20)->(23 20) 1 2 0 1 #timing (911 839) ps  polarity 1
net 275: (23 20)->(23 20) 0 0 0 1 #timing (977 1044) ps  polarity 0
net 276: (22 19)->(22 19) 0 0 0 0 #timing (652 652) ps polarity 1
net 276: (22 19)->(22 17) 1 1 0 0 #timing (772 763) ps polarity 0
net 276: (22 17)->(22 21) 3 1 0 0 #timing (1082 1038) ps polarity 0
net 276: (22 21)->(26 21) 4 5 0 0 #timing (1391 1318) ps polarity 0
net 276: (26 21)->(24 23) 1 3 0 1 #timing (1609 1614) ps  polarity 1
net 276: (24 23)->(24 23) 0 0 0 1 #timing (1746 1762) ps  polarity 0
net 276: (22 19)->(22 18) 0 1 0 0 #timing (770 770) ps polarity 1
net 276: (22 18)->(20 18) 1 2 0 0 #timing (940 914) ps polarity 0
net 276: (20 18)->(20 22) 3 1 0 1 #timing (1387 1262) ps  polarity 0
net 276: (20 22)->(20 22) 1 0 0 1 #timing (1487 1366) ps  polarity 1
net 276: (20 22)->(20 23) 0 1 0 1 #timing (1461 1583) ps  polarity 0
net 276: (22 19)->(23 18) 0 3 0 0 #timing (762 762) ps polarity 1
net 276: (23 18)->(23 18) 1 0 0 0 #timing (862 862) ps polarity 0
net 276: (23 18)->(19 18) 4 2 0 0 #timing (1095 1076) ps polarity 0
net 276: (19 18)->(19 22) 3 1 0 1 #timing (1495 1418) ps  polarity 0
net 276: (19 22)->(19 22) 1 0 1 1 #timing (1595 1521) ps  polarity 1
net 276: (19 22)->(18 23) 0 3 0 1 #timing (1687 1730) ps  polarity 0
net 278: (12 13)->(12 13) 0 0 0 0 #timing (680 680) ps polarity 1
net 278: (12 13)->(14 13) 1 2 0 0 #timing (800 790) ps polarity 0
net 278: (14 13)->(14 17) 3 4 0 0 #timing (1089 1079) ps polarity 0
net 278: (14 17)->(14 17) 1 0 1 1 #timing (1297 1255) ps  polarity 1
net 278: (14 17)->(14 17) 0 0 0 1 #timing (1384 1415) ps  polarity 0
net 278: (14 17)->(14 21) 3 1 0 1 #timing (1518 1396) ps  polarity 0
net 278: (14 21)->(12 21) 1 2 0 1 #timing (1680 1539) ps  polarity 1
net 278: (12 21)->(12 21) 0 0 0 1 #timing (1663 1812) ps  polarity 0
net 278: (14 17)->(18 17) 4 5 0 1 #timing (1498 1406) ps  polarity 0
net 278: (18 17)->(18 21) 3 1 0 1 #timing (1769 1629) ps  polarity 0
net 278: (18 21)->(18 21) 1 0 0 1 #timing (1865 1730) ps  polarity 1
net 278: (18 21)->(18 20) 0 1 0 1 #timing (1855 1980) ps  polarity 0
net 278: (14 13)->(10 13) 4 2 0 1 #timing (1185 1132) ps  polarity 0
net 278: (10 13)->(10 17) 3 4 0 1 #timing (1473 1359) ps  polarity 0
net 278: (10 17)->(8 17) 1 2 0 1 #timing (1590 1474) ps  polarity 1
net 278: (8 17)->(8 16) 0 1 0 1 #timing (1589 1706) ps  polarity 0
net 278: (14 13)->(18 13) 4 5 0 0 #timing (1093 1099) ps polarity 0
net 278: (18 13)->(18 15) 1 1 0 1 #timing (1339 1294) ps  polarity 1
net 278: (18 15)->(18 14) 0 1 0 1 #timing (1448 1490) ps  polarity 0
net 278: (18 13)->(16 15) 1 3 0 1 #timing (1380 1317) ps  polarity 1
net 278: (16 15)->(16 14) 0 1 0 1 #timing (1488 1563) ps  polarity 0
net 278: (18 13)->(18 13) 5 0 0 0 #timing (1218 1237) ps polarity 1
net 278: (18 13)->(18 5) 5 1 0 1 #timing (1573 1593) ps  polarity 0
net 278: (18 5)->(16 7) 1 3 0 1 #timing (1880 1796) ps  polarity 1
net 278: (16 7)->(16 7) 0 0 0 1 #timing (1946 2049) ps  polarity 0
net 278: (12 13)->(12 12) 0 1 0 0 #timing (700 700) ps polarity 1
net 278: (12 12)->(12 14) 1 1 0 0 #timing (825 818) ps polarity 0
net 278: (12 14)->(12 14) 1 0 0 1 #timing (1044 1012) ps  polarity 1
net 278: (12 14)->(13 14) 0 2 0 1 #timing (1151 1168) ps  polarity 0
net 278: (12 14)->(12 10) 3 1 0 0 #timing (1105 1077) ps polarity 0
net 278: (12 10)->(12 10) 1 0 0 1 #timing (1318 1256) ps  polarity 1
net 278: (12 10)->(13 10) 0 2 0 1 #timing (1377 1430) ps  polarity 0
net 278: (12 10)->(16 10) 4 5 0 0 #timing (1392 1345) ps polarity 0
net 278: (16 10)->(18 8) 1 3 0 1 #timing (1623 1617) ps  polarity 1
net 278: (18 8)->(18 8) 0 0 0 1 #timing (1769 1798) ps  polarity 0
net 278: (12 14)->(12 18) 3 4 0 0 #timing (1142 1109) ps polarity 0
net 278: (12 18)->(16 18) 4 5 0 1 #timing (1547 1434) ps  polarity 0
net 278: (16 18)->(16 22) 3 1 0 1 #timing (1821 1659) ps  polarity 0
net 278: (16 22)->(16 22) 1 0 1 1 #timing (1921 1763) ps  polarity 1
net 278: (16 22)->(16 22) 0 0 0 1 #timing (1889 2037) ps  polarity 0
net 278: (12 14)->(16 14) 4 5 0 0 #timing (1084 1087) ps polarity 0
net 278: (16 14)->(16 14) 1 0 1 1 #timing (1285 1254) ps  polarity 1
net 278: (16 14)->(17 14) 0 2 0 1 #timing (1394 1409) ps  polarity 0
net 278: (16 14)->(17 15) 0 3 0 1 #timing (1372 1395) ps  polarity 0
net 278: (16 14)->(20 14) 4 2 0 1 #timing (1319 1311) ps  polarity 0
net 278: (20 14)->(20 14) 1 0 1 1 #timing (1508 1476) ps  polarity 1
net 278: (20 14)->(20 14) 0 0 0 1 #timing (1581 1609) ps  polarity 0
net 278: (12 14)->(12 14) 5 0 0 0 #timing (927 964) ps polarity 1
net 278: (12 14)->(12 6) 5 1 0 1 #timing (1270 1312) ps  polarity 0
net 278: (12 6)->(8 6) 4 2 0 1 #timing (1499 1527) ps  polarity 0
net 278: (8 6)->(10 4) 1 3 0 1 #timing (1768 1743) ps  polarity 1
net 278: (10 4)->(11 5) 0 3 0 1 #timing (1877 1909) ps  polarity 0
net 278: (12 13)->(13 13) 0 2 0 0 #timing (688 688) ps polarity 1
net 278: (13 13)->(15 15) 1 3 0 0 #timing (841 810) ps polarity 0
net 278: (15 15)->(15 19) 3 4 0 0 #timing (1144 1155) ps polarity 0
net 278: (15 19)->(19 19) 4 5 0 0 #timing (1467 1438) ps polarity 0
net 278: (19 19)->(19 23) 3 1 0 1 #timing (1836 1773) ps  polarity 0
net 278: (19 23)->(19 23) 1 0 0 1 #timing (1937 1878) ps  polarity 1
net 278: (19 23)->(18 22) 0 3 0 1 #timing (1999 2049) ps  polarity 0
net 278: (12 13)->(13 12) 0 3 0 0 #timing (706 706) ps polarity 1
net 278: (13 12)->(15 14) 1 3 0 0 #timing (871 844) ps polarity 0
net 278: (15 14)->(13 14) 1 2 0 1 #timing (1172 1109) ps  polarity 1
net 278: (13 14)->(12 14) 0 2 0 1 #timing (1243 1316) ps  polarity 0
net 279: (21 15)->(21 15) 0 0 0 0 #timing (178 178) ps polarity 0
net 279: (21 15)->(21 15) 1 0 0 0 #timing (251 256) ps polarity 1
net 279: (21 15)->(21 15) 1 0 1 1 #timing (454 426) ps  polarity 0
net 279: (21 15)->(20 14) 0 3 0 1 #timing (564 575) ps  polarity 1
net 280: (20 15)->(21 14) 0 3 0 0 #timing (209 209) ps polarity 0
net 280: (21 14)->(23 14) 1 2 0 0 #timing (354 334) ps polarity 1
net 280: (23 14)->(21 14) 1 2 0 1 #timing (613 557) ps  polarity 0
net 280: (21 14)->(20 14) 0 2 0 1 #timing (652 729) ps  polarity 1
net 281: (12 5)->(12 5) 0 0 0 0 #timing (155 155) ps polarity 1
net 281: (12 5)->(12 5) 1 0 0 0 #timing (230 233) ps polarity 0
net 281: (12 5)->(16 5) 4 5 0 0 #timing (501 472) ps polarity 0
net 281: (16 5)->(16 5) 1 0 1 1 #timing (671 673) ps  polarity 1
net 281: (16 5)->(16 5) 0 0 0 1 #timing (801 789) ps  polarity 0
net 281: (16 5)->(18 5) 1 2 0 1 #timing (715 703) ps  polarity 1
net 281: (18 5)->(18 4) 0 1 0 1 #timing (830 861) ps  polarity 0
net 281: (12 5)->(13 5) 0 2 0 0 #timing (174 174) ps polarity 1
net 281: (13 5)->(13 7) 1 1 0 0 #timing (300 291) ps polarity 0
net 281: (13 7)->(17 7) 4 5 0 0 #timing (609 596) ps polarity 0
net 281: (17 7)->(17 11) 3 4 0 1 #timing (1036 945) ps  polarity 0
net 281: (17 11)->(17 9) 1 1 0 1 #timing (1182 1082) ps  polarity 1
net 281: (17 9)->(16 9) 0 2 0 1 #timing (1225 1327) ps  polarity 0
net 282: (14 5)->(14 4) 0 1 0 0 #timing (161 161) ps polarity 1
net 282: (14 4)->(14 4) 1 0 0 0 #timing (238 240) ps polarity 0
net 282: (14 4)->(14 8) 3 4 0 0 #timing (521 470) ps polarity 0
net 282: (14 8)->(18 8) 4 5 0 0 #timing (814 742) ps polarity 0
net 282: (18 8)->(18 8) 1 0 1 1 #timing (943 987) ps  polarity 1
net 282: (18 8)->(18 9) 0 1 0 1 #timing (1109 1056) ps  polarity 0
net 282: (18 8)->(16 10) 1 3 0 1 #timing (1031 1044) ps  polarity 1
net 282: (16 10)->(17 10) 0 2 0 1 #timing (1208 1212) ps  polarity 0
net 282: (14 4)->(18 4) 4 5 0 0 #timing (510 481) ps polarity 0
net 282: (18 4)->(18 4) 1 0 1 1 #timing (678 679) ps  polarity 1
net 282: (18 4)->(18 4) 0 0 0 1 #timing (805 794) ps  polarity 0
net 283: (10 23)->(10 23) 0 0 0 0 #timing (155 155) ps polarity 1
net 283: (10 23)->(8 23) 1 2 0 0 #timing (265 257) ps polarity 0
net 283: (8 23)->(12 23) 4 2 0 0 #timing (509 526) ps polarity 0
net 283: (12 23)->(12 23) 1 0 0 1 #timing (730 686) ps  polarity 1
net 283: (12 23)->(12 23) 0 0 0 1 #timing (814 848) ps  polarity 0
net 283: (10 23)->(10 22) 0 1 0 0 #timing (161 161) ps polarity 1
net 283: (10 22)->(10 22) 1 0 0 0 #timing (239 241) ps polarity 0
net 283: (10 22)->(14 22) 4 2 0 0 #timing (502 480) ps polarity 0
net 283: (14 22)->(14 22) 1 0 1 1 #timing (688 679) ps  polarity 1
net 283: (14 22)->(14 23) 0 1 0 1 #timing (775 783) ps  polarity 0
net 283: (14 22)->(15 23) 0 3 0 1 #timing (820 812) ps  polarity 0
net 285: (15 23)->(15 22) 0 1 0 0 #timing (157 157) ps polarity 1
net 285: (15 22)->(15 20) 1 1 0 0 #timing (273 263) ps polarity 0
net 285: (15 20)->(15 20) 1 0 1 1 #timing (494 461) ps  polarity 1
net 285: (15 20)->(14 21) 0 3 0 1 #timing (607 618) ps  polarity 0
net 285: (15 20)->(13 22) 1 3 0 1 #timing (573 511) ps  polarity 1
net 285: (13 22)->(13 22) 0 0 0 1 #timing (670 752) ps  polarity 0
net 285: (15 20)->(15 16) 3 1 0 0 #timing (577 555) ps polarity 0
net 285: (15 16)->(15 16) 1 0 1 1 #timing (788 731) ps  polarity 1
net 285: (15 16)->(15 17) 0 1 0 1 #timing (897 923) ps  polarity 0
net 286: (15 24)->(14 25) 0 3 0 0 #timing (674 675) ps polarity 1
net 286: (14 25)->(12 27) 1 3 0 0 #timing (842 809) ps polarity 0
net 286: (12 27)->(12 23) 3 4 0 0 #timing (1125 1153) ps polarity 0
net 286: (12 23)->(12 23) 1 0 1 1 #timing (1335 1329) ps  polarity 1
net 286: (12 23)->(13 22) 0 3 0 1 #timing (1459 1451) ps  polarity 0
net 286: (12 23)->(12 19) 3 1 0 1 #timing (1545 1479) ps  polarity 0
net 286: (12 19)->(14 19) 1 2 0 1 #timing (1685 1610) ps  polarity 1
net 286: (14 19)->(15 19) 0 2 0 1 #timing (1722 1821) ps  polarity 0
net 286: (12 27)->(16 27) 4 5 0 0 #timing (1122 1175) ps polarity 0
net 286: (16 27)->(16 27) 5 0 1 0 #timing (1250 1317) ps polarity 1
net 286: (16 27)->(1 27) 13 2 1 0 #timing (1918 1737) ps polarity 0
net 286: (1 27)->(1 10) 13 1 1 0 #timing (2414 2495) ps polarity 1
net 286: (1 10)->(9 10) 5 2 0 1 #timing (2954 3003) ps  polarity 0
net 286: (9 10)->(11 10) 1 2 0 1 #timing (3256 3158) ps  polarity 1
net 286: (11 10)->(11 11) 0 1 0 1 #timing (3273 3398) ps  polarity 0
net 287: (14 23)->(14 22) 0 1 0 0 #timing (161 161) ps polarity 1
net 287: (14 22)->(14 20) 1 1 0 0 #timing (279 268) ps polarity 0
net 287: (14 20)->(14 20) 1 0 1 1 #timing (498 462) ps  polarity 1
net 287: (14 20)->(14 21) 0 1 0 1 #timing (582 610) ps  polarity 0
net 287: (14 23)->(15 23) 0 2 0 0 #timing (174 174) ps polarity 1
net 287: (15 23)->(15 23) 1 0 0 0 #timing (263 265) ps polarity 0
net 287: (15 23)->(13 23) 1 2 0 1 #timing (503 461) ps  polarity 1
net 287: (13 23)->(13 22) 0 1 0 1 #timing (593 649) ps  polarity 0
net 287: (14 23)->(15 22) 0 3 0 0 #timing (174 174) ps polarity 1
net 287: (15 22)->(15 22) 1 0 0 0 #timing (258 259) ps polarity 0
net 287: (15 22)->(13 20) 1 3 0 1 #timing (542 482) ps  polarity 1
net 287: (13 20)->(12 21) 0 3 0 1 #timing (665 728) ps  polarity 0
net 288: (4 7)->(4 7) 0 0 0 0 #timing (186 186) ps polarity 0
net 288: (4 7)->(6 7) 1 2 0 0 #timing (319 303) ps polarity 1
net 288: (6 7)->(6 7) 5 0 0 0 #timing (422 475) ps polarity 0
net 288: (6 7)->(6 15) 5 1 0 1 #timing (782 836) ps  polarity 1
net 288: (6 15)->(10 15) 4 5 0 1 #timing (1113 1109) ps  polarity 1
net 288: (10 15)->(8 15) 1 2 0 1 #timing (1368 1313) ps  polarity 0
net 288: (8 15)->(8 15) 0 0 0 1 #timing (1432 1490) ps  polarity 1
net 288: (4 7)->(4 6) 0 1 0 0 #timing (189 189) ps polarity 0
net 288: (4 6)->(4 4) 1 1 0 0 #timing (317 309) ps polarity 1
net 288: (4 4)->(4 8) 3 4 0 0 #timing (613 579) ps polarity 1
net 288: (4 8)->(4 8) 1 0 1 1 #timing (821 755) ps  polarity 0
net 288: (4 8)->(5 9) 0 3 0 1 #timing (874 931) ps  polarity 1
net 288: (4 8)->(6 8) 1 2 0 1 #timing (866 786) ps  polarity 0
net 288: (6 8)->(7 8) 0 2 0 1 #timing (941 1023) ps  polarity 1
net 288: (4 4)->(8 4) 4 5 0 0 #timing (673 641) ps polarity 1
net 288: (8 4)->(8 4) 5 0 1 0 #timing (801 782) ps polarity 0
net 288: (8 4)->(8 21) 13 1 1 0 #timing (1394 1297) ps polarity 1
net 288: (8 21)->(8 21) 5 0 1 1 #timing (1618 1534) ps  polarity 1
net 288: (8 21)->(8 21) 1 0 0 1 #timing (1769 1677) ps  polarity 1
net 288: (8 21)->(8 21) 0 0 0 1 #timing (1785 1874) ps  polarity 0
net 288: (4 7)->(5 6) 0 3 0 0 #timing (185 185) ps polarity 0
net 288: (5 6)->(5 4) 1 1 0 0 #timing (315 303) ps polarity 1
net 288: (5 4)->(5 4) 5 0 1 0 #timing (415 456) ps polarity 0
net 288: (5 4)->(5 12) 5 1 0 1 #timing (722 778) ps  polarity 1
net 288: (5 12)->(5 14) 1 1 0 1 #timing (1028 926) ps  polarity 0
net 288: (5 14)->(4 15) 0 3 0 1 #timing (1083 1189) ps  polarity 1
net 288: (5 12)->(1 12) 4 2 0 1 #timing (1011 1029) ps  polarity 1
net 288: (1 12)->(3 14) 1 3 0 1 #timing (1275 1246) ps  polarity 0
net 288: (3 14)->(2 15) 0 3 0 1 #timing (1395 1443) ps  polarity 1
net 288: (5 6)->(7 6) 1 2 0 0 #timing (335 314) ps polarity 1
net 288: (7 6)->(7 10) 3 4 0 0 #timing (627 609) ps polarity 1
net 288: (7 10)->(3 10) 4 2 0 0 #timing (898 864) ps polarity 1
net 288: (3 10)->(3 10) 1 0 1 1 #timing (1078 1085) ps  polarity 0
net 288: (3 10)->(2 11) 0 3 0 1 #timing (1248 1211) ps  polarity 1
net 289: (7 7)->(6 7) 0 2 0 0 #timing (207 207) ps polarity 0
net 289: (6 7)->(6 7) 1 0 0 0 #timing (290 293) ps polarity 1
net 289: (6 7)->(6 7) 1 0 0 1 #timing (497 464) ps  polarity 0
net 289: (6 7)->(6 7) 0 0 0 1 #timing (625 631) ps  polarity 1
net 289: (6 7)->(4 5) 1 3 0 0 #timing (383 351) ps polarity 1
net 289: (4 5)->(4 5) 1 0 0 1 #timing (620 567) ps  polarity 0
net 289: (4 5)->(5 4) 0 3 0 1 #timing (697 737) ps  polarity 1
net 289: (4 5)->(4 1) 3 1 0 0 #timing (711 695) ps polarity 1
net 289: (4 1)->(4 1) 1 0 0 1 #timing (931 876) ps  polarity 0
net 289: (4 1)->(4 1) 0 0 0 1 #timing (1012 1052) ps  polarity 1
net 289: (4 5)->(4 9) 3 4 0 0 #timing (719 719) ps polarity 1
net 289: (4 9)->(4 9) 1 0 1 1 #timing (933 898) ps  polarity 0
net 289: (4 9)->(5 9) 0 2 0 1 #timing (1009 1040) ps  polarity 1
net 290: (11 14)->(11 15) 0 1 0 0 #timing (192 192) ps polarity 1
net 290: (11 15)->(11 15) 1 0 0 0 #timing (274 276) ps polarity 0
net 290: (11 15)->(11 11) 3 1 0 0 #timing (586 520) ps polarity 0
net 290: (11 11)->(7 11) 4 5 0 0 #timing (1008 866) ps polarity 0
net 290: (7 11)->(5 9) 1 3 0 1 #timing (1176 1246) ps  polarity 1
net 290: (5 9)->(4 9) 0 2 0 1 #timing (1360 1322) ps  polarity 0
net 290: (11 15)->(11 13) 1 1 0 0 #timing (326 310) ps polarity 0
net 290: (11 13)->(11 9) 3 1 0 0 #timing (614 582) ps polarity 0
net 290: (11 9)->(7 9) 4 5 0 0 #timing (1005 909) ps polarity 0
net 290: (7 9)->(7 9) 1 0 1 1 #timing (1113 1181) ps  polarity 1
net 290: (7 9)->(7 8) 0 1 0 1 #timing (1289 1218) ps  polarity 0
net 291: (5 8)->(5 8) 0 0 0 0 #timing (162 162) ps polarity 1
net 291: (5 8)->(7 8) 1 2 0 0 #timing (275 266) ps polarity 0
net 291: (7 8)->(7 8) 1 0 0 1 #timing (493 459) ps  polarity 1
net 291: (7 8)->(7 8) 0 0 0 1 #timing (554 590) ps  polarity 0
net 291: (7 8)->(5 8) 1 2 0 1 #timing (537 490) ps  polarity 1
net 291: (5 8)->(4 9) 0 3 0 1 #timing (583 651) ps  polarity 0
net 292: (15 14)->(14 15) 0 3 0 0 #timing (204 204) ps polarity 1
net 292: (14 15)->(14 13) 1 1 0 0 #timing (337 321) ps polarity 0
net 292: (14 13)->(14 9) 3 1 0 0 #timing (613 590) ps polarity 0
net 292: (14 9)->(14 9) 5 0 0 0 #timing (736 726) ps polarity 1
net 292: (14 9)->(6 9) 5 2 0 1 #timing (1130 1110) ps  polarity 0
net 292: (6 9)->(6 9) 1 0 0 1 #timing (1306 1296) ps  polarity 1
net 292: (6 9)->(7 8) 0 3 0 1 #timing (1431 1425) ps  polarity 0
net 292: (6 9)->(4 9) 1 2 0 1 #timing (1375 1340) ps  polarity 1
net 292: (4 9)->(4 9) 0 0 0 1 #timing (1460 1510) ps  polarity 0
net 293: (11 23)->(11 23) 0 0 0 0 #timing (156 156) ps polarity 1
net 293: (11 23)->(9 23) 1 2 0 0 #timing (299 277) ps polarity 0
net 293: (9 23)->(13 23) 4 2 0 0 #timing (576 597) ps polarity 0
net 293: (13 23)->(13 23) 1 0 0 1 #timing (813 762) ps  polarity 1
net 293: (13 23)->(12 23) 0 2 0 1 #timing (895 932) ps  polarity 0
net 293: (11 23)->(11 22) 0 1 0 0 #timing (157 157) ps polarity 1
net 293: (11 22)->(11 22) 1 0 0 0 #timing (236 237) ps polarity 0
net 293: (11 22)->(11 26) 3 4 0 0 #timing (525 472) ps polarity 0
net 293: (11 26)->(11 26) 5 0 0 0 #timing (648 609) ps polarity 1
net 293: (11 26)->(26 26) 13 2 1 0 #timing (1231 1150) ps polarity 0
net 293: (26 26)->(26 26) 5 0 1 1 #timing (1471 1404) ps  polarity 0
net 293: (26 26)->(22 26) 4 5 0 1 #timing (1832 1708) ps  polarity 1
net 293: (22 26)->(20 26) 1 2 0 1 #timing (2043 1891) ps  polarity 0
net 293: (20 26)->(20 26) 0 0 0 1 #timing (2004 2175) ps  polarity 1
net 294: (10 24)->(10 24) 0 0 0 0 #timing (704 704) ps polarity 1
net 294: (10 24)->(10 24) 1 0 0 0 #timing (776 780) ps polarity 0
net 294: (10 24)->(10 20) 3 4 0 0 #timing (1124 1042) ps polarity 0
net 294: (10 20)->(14 20) 4 2 0 0 #timing (1432 1330) ps polarity 0
net 294: (14 20)->(12 22) 1 3 0 1 #timing (1590 1649) ps  polarity 1
net 294: (12 22)->(12 23) 0 1 0 1 #timing (1792 1755) ps  polarity 0
net 294: (10 24)->(6 24) 4 5 0 0 #timing (1108 1043) ps polarity 0
net 294: (6 24)->(6 24) 5 0 0 0 #timing (1236 1189) ps polarity 1
net 294: (6 24)->(23 24) 13 2 1 0 #timing (1872 1780) ps polarity 0
net 294: (23 24)->(23 24) 5 0 0 1 #timing (2145 2064) ps  polarity 0
net 294: (23 24)->(21 26) 1 3 0 1 #timing (2357 2250) ps  polarity 0
net 294: (21 26)->(21 27) 0 1 0 1 #timing (2398 2527) ps  polarity 1
net 295: (11 24)->(11 24) 0 0 0 0 #timing (661 661) ps polarity 1
net 295: (11 24)->(11 26) 1 1 0 0 #timing (769 764) ps polarity 0
net 295: (11 26)->(11 22) 3 4 0 0 #timing (1077 1049) ps polarity 0
net 295: (11 22)->(15 22) 4 2 0 0 #timing (1406 1345) ps polarity 0
net 295: (15 22)->(13 22) 1 2 0 1 #timing (1612 1620) ps  polarity 1
net 295: (13 22)->(12 23) 0 3 0 1 #timing (1799 1788) ps  polarity 0
net 295: (11 24)->(9 26) 1 3 0 0 #timing (818 792) ps polarity 0
net 295: (9 26)->(9 22) 3 4 0 0 #timing (1154 1158) ps polarity 0
net 295: (9 22)->(13 22) 4 2 0 0 #timing (1482 1455) ps polarity 0
net 295: (13 22)->(13 22) 5 0 0 0 #timing (1614 1606) ps polarity 1
net 295: (13 22)->(28 22) 13 2 1 0 #timing (2332 2195) ps polarity 0
net 295: (28 22)->(20 30) 5 3 0 1 #timing (3058 2902) ps  polarity 0
net 295: (20 30)->(20 26) 3 1 0 1 #timing (3472 3226) ps  polarity 1
net 295: (20 26)->(20 26) 1 0 1 1 #timing (3568 3327) ps  polarity 0
net 295: (20 26)->(21 26) 0 2 0 1 #timing (3467 3692) ps  polarity 1
net 297: (20 23)->(21 23) 0 2 0 0 #timing (174 174) ps polarity 1
net 297: (21 23)->(21 23) 1 0 0 0 #timing (261 263) ps polarity 0
net 297: (21 23)->(21 19) 3 1 0 0 #timing (517 477) ps polarity 0
net 297: (21 19)->(21 15) 3 4 0 1 #timing (953 805) ps  polarity 0
net 297: (21 15)->(21 15) 1 0 0 1 #timing (1046 905) ps  polarity 1
net 297: (21 15)->(20 15) 0 2 0 1 #timing (1028 1161) ps  polarity 0
net 297: (21 23)->(23 21) 1 3 0 0 #timing (353 321) ps polarity 0
net 297: (23 21)->(23 21) 1 0 0 1 #timing (582 529) ps  polarity 1
net 297: (23 21)->(23 20) 0 1 0 1 #timing (634 685) ps  polarity 0
net 297: (23 21)->(23 17) 3 1 0 0 #timing (634 650) ps polarity 0
net 297: (23 17)->(21 17) 1 2 0 1 #timing (886 855) ps  polarity 1
net 297: (21 17)->(20 17) 0 2 0 1 #timing (962 1013) ps  polarity 0
net 298: (21 24)->(21 24) 0 0 0 0 #timing (661 661) ps polarity 1
net 298: (21 24)->(21 26) 1 1 0 0 #timing (768 763) ps polarity 0
net 298: (21 26)->(21 22) 3 4 0 0 #timing (1053 1030) ps polarity 0
net 298: (21 22)->(23 20) 1 3 0 1 #timing (1370 1280) ps  polarity 1
net 298: (23 20)->(22 20) 0 2 0 1 #timing (1426 1530) ps  polarity 0
net 298: (21 26)->(21 26) 5 0 0 0 #timing (873 910) ps polarity 1
net 298: (21 26)->(21 18) 5 1 0 1 #timing (1191 1236) ps  polarity 0
net 298: (21 18)->(21 14) 3 4 0 1 #timing (1670 1515) ps  polarity 0
net 298: (21 14)->(21 14) 1 0 0 1 #timing (1764 1615) ps  polarity 1
net 298: (21 14)->(20 15) 0 3 0 1 #timing (1756 1886) ps  polarity 0
net 299: (21 23)->(21 22) 0 1 0 0 #timing (157 157) ps polarity 1
net 299: (21 22)->(23 20) 1 3 0 0 #timing (336 299) ps polarity 0
net 299: (23 20)->(23 20) 1 0 1 1 #timing (567 508) ps  polarity 1
net 299: (23 20)->(22 21) 0 3 0 1 #timing (592 656) ps  polarity 0
net 299: (21 23)->(20 23) 0 2 0 0 #timing (172 172) ps polarity 1
net 299: (20 23)->(20 21) 1 1 0 0 #timing (306 290) ps polarity 0
net 299: (20 21)->(22 21) 1 2 0 1 #timing (571 514) ps  polarity 1
net 299: (22 21)->(23 21) 0 2 0 1 #timing (645 722) ps  polarity 0
net 299: (21 23)->(20 22) 0 3 0 0 #timing (180 180) ps polarity 1
net 299: (20 22)->(20 22) 1 0 0 0 #timing (264 265) ps polarity 0
net 299: (20 22)->(20 18) 3 1 0 0 #timing (527 482) ps polarity 0
net 299: (20 18)->(20 14) 3 4 0 1 #timing (976 814) ps  polarity 0
net 299: (20 14)->(20 14) 1 0 0 1 #timing (1069 914) ps  polarity 1
net 299: (20 14)->(20 15) 0 1 0 1 #timing (1032 1180) ps  polarity 0
net 300: (20 24)->(20 25) 0 1 0 0 #timing (679 679) ps polarity 1
net 300: (20 25)->(20 27) 1 1 0 0 #timing (790 782) ps polarity 0
net 300: (20 27)->(20 27) 5 0 0 0 #timing (893 933) ps polarity 1
net 300: (20 27)->(20 19) 5 1 0 1 #timing (1229 1275) ps  polarity 0
net 300: (20 19)->(20 15) 3 4 0 1 #timing (1686 1534) ps  polarity 0
net 300: (20 15)->(20 15) 1 0 0 1 #timing (1780 1634) ps  polarity 1
net 300: (20 15)->(20 15) 0 0 0 1 #timing (1748 1890) ps  polarity 0
net 300: (20 24)->(21 24) 0 2 0 0 #timing (704 704) ps polarity 1
net 300: (21 24)->(21 24) 1 0 0 0 #timing (783 786) ps polarity 0
net 300: (21 24)->(21 20) 3 4 0 0 #timing (1033 995) ps polarity 0
net 300: (21 20)->(25 20) 4 5 0 0 #timing (1420 1326) ps polarity 0
net 300: (25 20)->(25 20) 1 0 0 1 #timing (1522 1591) ps  polarity 1
net 300: (25 20)->(25 20) 0 0 0 1 #timing (1686 1619) ps  polarity 0
net 300: (25 20)->(24 20) 0 2 0 1 #timing (1679 1615) ps  polarity 0
net 301: (4 1)->(4 1) 0 0 0 0 #timing (680 680) ps polarity 1
net 301: (4 1)->(6 1) 1 2 0 0 #timing (821 802) ps polarity 0
net 301: (6 1)->(10 1) 4 5 0 0 #timing (1198 1179) ps polarity 0
net 301: (10 1)->(10 1) 5 0 0 0 #timing (1326 1320) ps polarity 1
net 301: (10 1)->(10 16) 13 1 1 0 #timing (1852 1762) ps polarity 0
net 301: (10 16)->(10 16) 5 0 1 1 #timing (2076 1999) ps  polarity 0
net 301: (10 16)->(10 16) 1 0 0 1 #timing (2217 2137) ps  polarity 0
net 301: (10 16)->(10 17) 0 1 0 1 #timing (2232 2313) ps  polarity 1
net 301: (10 16)->(11 17) 0 3 0 1 #timing (2279 2341) ps  polarity 1
net 301: (4 1)->(4 0) 0 1 0 0 #timing (700 700) ps polarity 1
net 301: (4 0)->(4 2) 1 1 0 0 #timing (815 809) ps polarity 0
net 301: (4 2)->(4 2) 1 0 1 1 #timing (1039 1009) ps  polarity 1
net 301: (4 2)->(5 2) 0 2 0 1 #timing (1148 1162) ps  polarity 0
net 301: (4 1)->(5 1) 0 2 0 0 #timing (688 688) ps polarity 1
net 301: (5 1)->(5 1) 1 0 0 0 #timing (766 763) ps polarity 0
net 301: (5 1)->(5 3) 1 1 0 1 #timing (1013 965) ps  polarity 1
net 301: (5 3)->(4 3) 0 2 0 1 #timing (1108 1161) ps  polarity 0
net 301: (5 1)->(9 1) 4 5 0 0 #timing (1172 1095) ps polarity 0
net 301: (9 1)->(11 1) 1 2 0 1 #timing (1336 1376) ps  polarity 1
net 301: (11 1)->(11 1) 0 0 0 1 #timing (1496 1486) ps  polarity 0
net 301: (5 1)->(5 1) 5 0 0 0 #timing (865 884) ps polarity 1
net 301: (5 1)->(5 9) 5 1 0 1 #timing (1186 1215) ps  polarity 0
net 301: (5 9)->(5 9) 1 0 1 1 #timing (1421 1357) ps  polarity 1
net 301: (5 9)->(4 8) 0 3 0 1 #timing (1499 1544) ps  polarity 0
net 301: (5 1)->(5 16) 13 1 1 0 #timing (1510 1366) ps polarity 0
net 301: (5 16)->(5 16) 5 0 0 1 #timing (1738 1607) ps  polarity 0
net 301: (5 16)->(7 16) 1 2 0 1 #timing (1922 1774) ps  polarity 0
net 301: (7 16)->(6 16) 0 2 0 1 #timing (1911 2060) ps  polarity 1
net 301: (5 16)->(20 16) 13 2 1 0 #timing (2041 2086) ps polarity 1
net 301: (20 16)->(20 16) 5 0 1 1 #timing (2288 2346) ps  polarity 1
net 301: (20 16)->(16 16) 4 2 0 1 #timing (2607 2622) ps  polarity 0
net 301: (16 16)->(18 16) 1 2 0 1 #timing (2837 2816) ps  polarity 1
net 301: (18 16)->(18 17) 0 1 0 1 #timing (2933 2981) ps  polarity 0
net 301: (18 16)->(19 17) 0 3 0 1 #timing (2979 3012) ps  polarity 0
net 301: (4 1)->(5 0) 0 3 0 0 #timing (706 706) ps polarity 1
net 301: (5 0)->(5 0) 1 0 0 0 #timing (794 796) ps polarity 0
net 301: (5 0)->(5 4) 3 1 0 0 #timing (1113 1048) ps polarity 0
net 301: (5 4)->(5 4) 1 0 1 1 #timing (1324 1224) ps  polarity 1
net 301: (5 4)->(5 5) 0 1 0 1 #timing (1388 1459) ps  polarity 0
net 301: (5 4)->(5 4) 5 0 0 0 #timing (1236 1183) ps polarity 1
net 301: (5 4)->(13 12) 5 3 0 1 #timing (1784 1743) ps  polarity 1
net 301: (13 12)->(13 12) 1 0 1 1 #timing (1955 1902) ps  polarity 1
net 301: (13 12)->(13 13) 0 1 0 1 #timing (2040 2076) ps  polarity 0
net 301: (5 0)->(5 2) 1 1 0 0 #timing (821 816) ps polarity 0
net 301: (5 2)->(5 2) 1 0 0 1 #timing (1045 1017) ps  polarity 1
net 301: (5 2)->(4 2) 0 2 0 1 #timing (1139 1158) ps  polarity 0
net 301: (5 2)->(5 6) 3 1 0 0 #timing (1151 1113) ps polarity 0
net 301: (5 6)->(9 6) 4 5 0 0 #timing (1504 1421) ps polarity 0
net 301: (9 6)->(9 6) 1 0 1 1 #timing (1614 1673) ps  polarity 1
net 301: (9 6)->(9 7) 0 1 0 1 #timing (1794 1727) ps  polarity 0
net 301: (5 2)->(5 2) 5 0 0 0 #timing (929 970) ps polarity 1
net 301: (5 2)->(5 10) 5 1 0 1 #timing (1259 1307) ps  polarity 0
net 301: (5 10)->(9 10) 4 5 0 1 #timing (1652 1638) ps  polarity 0
net 301: (9 10)->(9 10) 1 0 1 1 #timing (1841 1803) ps  polarity 1
net 301: (9 10)->(9 10) 0 0 0 1 #timing (1877 1924) ps  polarity 0
net 301: (9 10)->(8 11) 0 3 0 1 #timing (1912 1946) ps  polarity 0
net 301: (5 2)->(13 2) 5 2 0 1 #timing (1316 1345) ps  polarity 0
net 301: (13 2)->(17 2) 4 5 0 1 #timing (1640 1624) ps  polarity 0
net 301: (17 2)->(19 2) 1 2 0 1 #timing (1886 1824) ps  polarity 1
net 301: (19 2)->(19 3) 0 1 0 1 #timing (1985 2046) ps  polarity 0
net 301: (19 2)->(18 3) 0 3 0 1 #timing (1981 2044) ps  polarity 0
net 301: (5 2)->(13 10) 5 3 0 1 #timing (1491 1535) ps  polarity 1
net 301: (13 10)->(13 10) 1 0 1 1 #timing (1661 1695) ps  polarity 1
net 301: (13 10)->(13 11) 0 1 0 1 #timing (1859 1796) ps  polarity 0
net 301: (13 10)->(12 11) 0 3 0 1 #timing (1857 1794) ps  polarity 0
net 301: (13 10)->(17 10) 4 5 0 1 #timing (1872 1792) ps  polarity 0
net 301: (17 10)->(19 10) 1 2 0 1 #timing (2132 2003) ps  polarity 1
net 301: (19 10)->(19 11) 0 1 0 1 #timing (2175 2293) ps  polarity 0
net 301: (19 10)->(18 11) 0 3 0 1 #timing (2177 2293) ps  polarity 0
net 301: (5 2)->(5 18) 13 1 0 0 #timing (1577 1421) ps polarity 0
net 301: (5 18)->(5 18) 5 0 0 1 #timing (1819 1673) ps  polarity 0
net 301: (5 18)->(7 18) 1 2 0 1 #timing (2017 1851) ps  polarity 0
net 301: (7 18)->(6 18) 0 2 0 1 #timing (1989 2151) ps  polarity 1
net 301: (5 2)->(21 2) 13 2 0 0 #timing (1620 1454) ps polarity 0
net 301: (21 2)->(21 10) 5 1 0 1 #timing (2069 1885) ps  polarity 1
net 301: (21 10)->(25 10) 4 5 0 1 #timing (2405 2168) ps  polarity 1
net 301: (25 10)->(25 8) 1 1 0 1 #timing (2641 2367) ps  polarity 0
net 301: (25 8)->(25 9) 0 1 0 1 #timing (2471 2762) ps  polarity 1
net 301: (25 8)->(24 9) 0 3 0 1 #timing (2487 2772) ps  polarity 1
net 301: (5 0)->(7 2) 1 3 0 0 #timing (874 846) ps polarity 0
net 301: (7 2)->(7 2) 1 0 0 1 #timing (1111 1063) ps  polarity 1
net 301: (7 2)->(6 3) 0 3 0 1 #timing (1146 1200) ps  polarity 0
net 302: (10 5)->(10 5) 0 0 0 0 #timing (155 155) ps polarity 1
net 302: (10 5)->(10 7) 1 1 0 0 #timing (265 258) ps polarity 0
net 302: (10 7)->(10 3) 3 1 0 0 #timing (596 553) ps polarity 0
net 302: (10 3)->(10 3) 1 0 1 1 #timing (817 736) ps  polarity 1
net 302: (10 3)->(10 3) 0 0 0 1 #timing (850 927) ps  polarity 0
net 302: (10 3)->(6 3) 4 5 0 0 #timing (977 869) ps polarity 0
net 302: (6 3)->(6 3) 1 0 0 1 #timing (1073 1154) ps  polarity 1
net 302: (6 3)->(6 3) 0 0 0 1 #timing (1262 1178) ps  polarity 0
net 302: (10 7)->(10 7) 5 0 0 0 #timing (370 411) ps polarity 1
net 302: (10 7)->(10 15) 5 1 0 1 #timing (734 774) ps  polarity 0
net 302: (10 15)->(6 15) 4 5 0 1 #timing (1066 1052) ps  polarity 0
net 302: (6 15)->(6 19) 3 4 0 1 #timing (1348 1286) ps  polarity 0
net 302: (6 19)->(6 17) 1 1 0 1 #timing (1504 1430) ps  polarity 1
net 302: (6 17)->(6 17) 0 0 0 1 #timing (1604 1668) ps  polarity 0
net 302: (10 5)->(8 5) 1 2 0 0 #timing (266 258) ps polarity 0
net 302: (8 5)->(8 9) 3 4 0 1 #timing (703 599) ps  polarity 0
net 302: (8 9)->(8 9) 1 0 0 1 #timing (809 707) ps  polarity 1
net 302: (8 9)->(8 9) 0 0 0 1 #timing (814 914) ps  polarity 0
net 302: (8 5)->(4 5) 4 5 0 0 #timing (616 578) ps polarity 0
net 302: (4 5)->(4 5) 1 0 1 1 #timing (788 798) ps  polarity 1
net 302: (4 5)->(5 5) 0 2 0 1 #timing (936 910) ps  polarity 0
net 302: (4 5)->(4 1) 3 1 0 1 #timing (1036 959) ps  polarity 0
net 302: (4 1)->(4 3) 1 1 0 1 #timing (1176 1093) ps  polarity 1
net 302: (4 3)->(4 3) 0 0 0 1 #timing (1240 1324) ps  polarity 0
net 302: (4 3)->(4 2) 0 1 0 1 #timing (1209 1306) ps  polarity 0
net 302: (4 3)->(5 2) 0 3 0 1 #timing (1235 1321) ps  polarity 0
net 302: (4 5)->(4 9) 3 4 0 1 #timing (1035 962) ps  polarity 0
net 302: (4 9)->(4 9) 1 0 0 1 #timing (1132 1064) ps  polarity 1
net 302: (4 9)->(4 8) 0 1 0 1 #timing (1192 1249) ps  polarity 0
net 302: (8 5)->(8 5) 5 0 0 0 #timing (370 408) ps polarity 1
net 302: (8 5)->(8 13) 5 1 0 1 #timing (718 757) ps  polarity 0
net 302: (8 13)->(8 13) 1 0 0 1 #timing (976 896) ps  polarity 1
net 302: (8 13)->(9 12) 0 3 0 1 #timing (1034 1097) ps  polarity 0
net 302: (10 5)->(10 4) 0 1 0 0 #timing (161 162) ps polarity 1
net 302: (10 4)->(10 6) 1 1 0 0 #timing (279 266) ps polarity 0
net 302: (10 6)->(10 6) 5 0 0 0 #timing (379 426) ps polarity 1
net 302: (10 6)->(10 14) 5 1 0 1 #timing (736 780) ps  polarity 0
net 302: (10 14)->(6 14) 4 5 0 1 #timing (1067 1052) ps  polarity 0
net 302: (6 14)->(6 18) 3 4 0 1 #timing (1363 1297) ps  polarity 0
net 302: (6 18)->(6 16) 1 1 0 1 #timing (1512 1435) ps  polarity 1
net 302: (6 16)->(6 16) 0 0 0 1 #timing (1590 1663) ps  polarity 0
net 302: (10 5)->(11 4) 0 3 0 0 #timing (174 174) ps polarity 1
net 302: (11 4)->(11 4) 1 0 0 0 #timing (257 258) ps polarity 0
net 302: (11 4)->(11 4) 5 0 0 0 #timing (360 375) ps polarity 1
net 302: (11 4)->(11 12) 5 1 0 1 #timing (691 713) ps  polarity 0
net 302: (11 12)->(15 12) 4 2 0 1 #timing (963 949) ps  polarity 0
net 302: (15 12)->(13 12) 1 2 0 1 #timing (1218 1155) ps  polarity 1
net 302: (13 12)->(12 13) 0 3 0 1 #timing (1306 1378) ps  polarity 0
net 303: (21 26)->(21 26) 0 0 0 0 #timing (185 185) ps polarity 1
net 303: (21 26)->(21 26) 1 0 0 0 #timing (261 263) ps polarity 0
net 303: (21 26)->(17 26) 4 2 0 0 #timing (526 493) ps polarity 0
net 303: (17 26)->(17 26) 5 0 0 0 #timing (655 640) ps polarity 1
net 303: (17 26)->(17 18) 5 1 0 1 #timing (1001 988) ps  polarity 0
net 303: (17 18)->(13 18) 4 5 0 1 #timing (1295 1234) ps  polarity 0
net 303: (13 18)->(13 14) 3 4 0 1 #timing (1587 1467) ps  polarity 0
net 303: (13 14)->(13 14) 1 0 1 1 #timing (1679 1565) ps  polarity 1
net 303: (13 14)->(13 14) 0 0 0 1 #timing (1697 1798) ps  polarity 0
net 303: (21 26)->(21 27) 0 1 0 0 #timing (192 192) ps polarity 1
net 303: (21 27)->(23 25) 1 3 0 0 #timing (367 335) ps polarity 0
net 303: (23 25)->(19 25) 4 2 0 0 #timing (601 637) ps polarity 0
net 303: (19 25)->(15 25) 4 5 0 1 #timing (924 923) ps  polarity 0
net 303: (15 25)->(15 21) 3 4 0 1 #timing (1233 1163) ps  polarity 0
net 303: (15 21)->(15 21) 1 0 1 1 #timing (1324 1260) ps  polarity 1
net 303: (15 21)->(14 21) 0 2 0 1 #timing (1383 1438) ps  polarity 0
net 303: (23 25)->(27 25) 4 5 0 0 #timing (682 688) ps polarity 0
net 303: (27 25)->(27 25) 5 0 0 0 #timing (821 845) ps polarity 1
net 303: (27 25)->(10 25) 13 2 1 0 #timing (1504 1349) ps polarity 0
net 303: (10 25)->(10 25) 5 0 1 1 #timing (1767 1622) ps  polarity 0
net 303: (10 25)->(10 21) 3 4 0 1 #timing (2129 1910) ps  polarity 1
net 303: (10 21)->(10 23) 1 1 0 1 #timing (2266 2040) ps  polarity 0
net 303: (10 23)->(10 23) 0 0 0 1 #timing (2167 2406) ps  polarity 1
net 305: (7 3)->(6 2) 0 3 0 0 #timing (252 252) ps polarity 0
net 305: (6 2)->(4 0) 1 3 0 0 #timing (430 399) ps polarity 1
net 305: (4 0)->(4 0) 1 0 0 1 #timing (664 613) ps  polarity 0
net 305: (4 0)->(4 0) 0 0 0 1 #timing (712 765) ps  polarity 1
net 306: (6 1)->(6 1) 0 0 0 0 #timing (210 209) ps polarity 0
net 306: (6 1)->(4 3) 1 3 0 0 #timing (372 346) ps polarity 1
net 306: (4 3)->(4 1) 1 1 0 1 #timing (660 604) ps  polarity 0
net 306: (4 1)->(4 0) 0 1 0 1 #timing (739 801) ps  polarity 1
net 307: (13 23)->(13 23) 0 0 0 0 #timing (182 182) ps polarity 1
net 307: (13 23)->(15 23) 1 2 0 0 #timing (317 300) ps polarity 0
net 307: (15 23)->(15 23) 1 0 1 1 #timing (535 497) ps  polarity 1
net 307: (15 23)->(15 23) 0 0 0 1 #timing (623 651) ps  polarity 0
net 307: (15 23)->(14 22) 0 3 0 1 #timing (618 647) ps  polarity 0
net 307: (13 23)->(13 22) 0 1 0 0 #timing (201 201) ps polarity 1
net 307: (13 22)->(13 22) 1 0 0 0 #timing (279 281) ps polarity 0
net 307: (13 22)->(13 22) 1 0 0 1 #timing (484 452) ps  polarity 1
net 307: (13 22)->(13 23) 0 1 0 1 #timing (615 619) ps  polarity 0
net 308: (14 21)->(14 20) 0 1 0 0 #timing (736 736) ps polarity 1
net 308: (14 20)->(12 20) 1 2 0 0 #timing (880 859) ps polarity 0
net 308: (12 20)->(12 16) 3 1 0 0 #timing (1148 1150) ps polarity 0
net 308: (12 16)->(8 16) 4 2 0 0 #timing (1405 1397) ps polarity 0
net 308: (8 16)->(8 16) 1 0 1 1 #timing (1603 1586) ps  polarity 1
net 308: (8 16)->(9 17) 0 3 0 1 #timing (1712 1718) ps  polarity 0
net 308: (14 21)->(15 20) 0 3 0 0 #timing (743 743) ps polarity 1
net 308: (15 20)->(13 22) 1 3 0 0 #timing (912 885) ps polarity 0
net 308: (13 22)->(15 22) 1 2 0 1 #timing (1190 1134) ps  polarity 1
net 308: (15 22)->(15 23) 0 1 0 1 #timing (1308 1351) ps  polarity 0
net 309: (17 11)->(17 11) 0 0 0 0 #timing (182 182) ps polarity 1
net 309: (17 11)->(19 11) 1 2 0 0 #timing (322 303) ps polarity 0
net 309: (19 11)->(19 7) 3 4 0 0 #timing (575 577) ps polarity 0
net 309: (19 7)->(23 7) 4 2 0 0 #timing (865 858) ps polarity 0
net 309: (23 7)->(21 5) 1 3 0 1 #timing (1147 1095) ps  polarity 1
net 309: (21 5)->(21 5) 0 0 0 1 #timing (1220 1306) ps  polarity 0
net 309: (17 11)->(16 10) 0 3 0 0 #timing (202 203) ps polarity 1
net 309: (16 10)->(16 10) 1 0 0 0 #timing (287 286) ps polarity 0
net 309: (16 10)->(16 10) 1 0 1 1 #timing (490 456) ps  polarity 1
net 309: (16 10)->(17 11) 0 3 0 1 #timing (598 614) ps  polarity 0
net 309: (16 10)->(16 6) 3 4 0 0 #timing (539 503) ps polarity 0
net 309: (16 6)->(20 6) 4 2 0 0 #timing (817 768) ps polarity 0
net 309: (20 6)->(22 4) 1 3 0 1 #timing (1063 1050) ps  polarity 1
net 309: (22 4)->(22 5) 0 1 0 1 #timing (1236 1259) ps  polarity 0
net 310: (18 5)->(19 5) 0 2 0 0 #timing (176 176) ps polarity 1
net 310: (19 5)->(19 5) 1 0 0 0 #timing (264 265) ps polarity 0
net 310: (19 5)->(23 5) 4 2 0 0 #timing (518 504) ps polarity 0
net 310: (23 5)->(23 5) 1 0 1 1 #timing (707 693) ps  polarity 1
net 310: (23 5)->(22 5) 0 2 0 1 #timing (789 805) ps  polarity 0
net 310: (23 5)->(21 5) 1 2 0 1 #timing (745 718) ps  polarity 1
net 310: (21 5)->(20 5) 0 2 0 1 #timing (826 873) ps  polarity 0
net 310: (18 5)->(19 4) 0 3 0 0 #timing (182 182) ps polarity 1
net 310: (19 4)->(19 4) 1 0 0 0 #timing (265 265) ps polarity 0
net 310: (19 4)->(19 4) 1 0 0 1 #timing (469 436) ps  polarity 1
net 310: (19 4)->(18 5) 0 3 0 1 #timing (600 604) ps  polarity 0
net 311: (8 10)->(8 10) 0 0 0 0 #timing (671 671) ps polarity 1
net 311: (8 10)->(10 8) 1 3 0 0 #timing (835 809) ps polarity 0
net 311: (10 8)->(8 10) 1 3 0 1 #timing (1121 1055) ps  polarity 1
net 311: (8 10)->(8 10) 0 0 0 1 #timing (1176 1261) ps  polarity 0
net 311: (10 8)->(10 12) 3 1 0 0 #timing (1107 1112) ps polarity 0
net 311: (10 12)->(10 12) 5 0 1 0 #timing (1238 1254) ps polarity 1
net 311: (10 12)->(10 28) 13 1 0 0 #timing (1956 1802) ps polarity 0
net 311: (10 28)->(26 28) 13 2 0 0 #timing (2475 2529) ps polarity 1
net 311: (26 28)->(18 20) 5 3 0 1 #timing (3193 3230) ps  polarity 1
net 311: (18 20)->(16 20) 1 2 0 1 #timing (3383 3404) ps  polarity 1
net 311: (16 20)->(16 20) 0 0 0 1 #timing (3519 3509) ps  polarity 0
net 311: (10 8)->(10 4) 3 4 0 0 #timing (1140 1131) ps polarity 0
net 311: (10 4)->(6 4) 4 5 0 0 #timing (1477 1419) ps polarity 0
net 311: (6 4)->(6 4) 5 0 1 0 #timing (1614 1573) ps polarity 1
net 311: (6 4)->(6 21) 13 1 1 0 #timing (2228 2142) ps polarity 0
net 311: (6 21)->(22 21) 13 2 0 0 #timing (2839 2825) ps polarity 1
net 311: (22 21)->(22 4) 13 1 1 0 #timing (3617 3510) ps polarity 0
net 311: (22 4)->(7 4) 13 2 1 0 #timing (4191 4203) ps polarity 1
net 311: (7 4)->(15 12) 5 3 0 1 #timing (4939 4932) ps  polarity 1
net 311: (15 12)->(11 12) 4 2 0 1 #timing (5235 5237) ps  polarity 0
net 311: (11 12)->(11 8) 3 1 0 1 #timing (5533 5474) ps  polarity 0
net 311: (11 8)->(9 8) 1 2 0 1 #timing (5699 5621) ps  polarity 1
net 311: (9 8)->(8 8) 0 2 0 1 #timing (5767 5865) ps  polarity 0
net 312: (9 12)->(9 13) 0 1 0 0 #timing (739 739) ps polarity 1
net 312: (9 13)->(9 13) 1 0 0 0 #timing (814 819) ps polarity 0
net 312: (9 13)->(9 9) 3 1 0 0 #timing (1143 1073) ps polarity 0
net 312: (9 9)->(9 9) 1 0 0 1 #timing (1371 1262) ps  polarity 1
net 312: (9 9)->(8 8) 0 3 0 1 #timing (1362 1472) ps  polarity 0
net 312: (9 13)->(9 17) 3 4 0 0 #timing (1209 1112) ps polarity 0
net 312: (9 17)->(13 17) 4 2 0 0 #timing (1548 1412) ps polarity 0
net 312: (13 17)->(17 17) 4 5 0 1 #timing (1860 1698) ps  polarity 0
net 312: (17 17)->(17 21) 3 1 0 1 #timing (2142 1928) ps  polarity 0
net 312: (17 21)->(17 21) 1 0 0 1 #timing (2240 2032) ps  polarity 1
net 312: (17 21)->(17 20) 0 1 0 1 #timing (2144 2347) ps  polarity 0
net 312: (9 12)->(8 12) 0 2 0 0 #timing (739 739) ps polarity 1
net 312: (8 12)->(8 14) 1 1 0 0 #timing (842 837) ps polarity 0
net 312: (8 14)->(8 10) 3 1 0 0 #timing (1131 1096) ps polarity 0
net 312: (8 10)->(8 10) 1 0 1 1 #timing (1343 1272) ps  polarity 1
net 312: (8 10)->(9 11) 0 3 0 1 #timing (1400 1459) ps  polarity 0
net 313: (11 1)->(10 0) 0 3 0 0 #timing (723 723) ps polarity 1
net 313: (10 0)->(8 2) 1 3 0 0 #timing (897 862) ps polarity 0
net 313: (8 2)->(10 2) 1 2 0 1 #timing (1147 1086) ps  polarity 1
net 313: (10 2)->(11 2) 0 2 0 1 #timing (1200 1264) ps  polarity 0
net 313: (8 2)->(8 2) 5 0 0 0 #timing (984 1064) ps polarity 1
net 313: (8 2)->(8 10) 5 1 0 1 #timing (1356 1424) ps  polarity 0
net 313: (8 10)->(8 8) 1 1 0 1 #timing (1686 1565) ps  polarity 1
net 313: (8 8)->(8 8) 0 0 0 1 #timing (1683 1816) ps  polarity 0
net 313: (8 2)->(25 2) 13 2 1 0 #timing (1692 1494) ps polarity 0
net 313: (25 2)->(25 19) 13 1 1 0 #timing (2213 2303) ps polarity 1
net 313: (25 19)->(17 19) 5 2 0 1 #timing (2820 2887) ps  polarity 0
net 313: (17 19)->(17 17) 1 1 0 1 #timing (3143 3028) ps  polarity 1
net 313: (17 17)->(16 17) 0 2 0 1 #timing (3168 3287) ps  polarity 0
net 314: (10 1)->(10 1) 0 0 0 0 #timing (680 680) ps polarity 1
net 314: (10 1)->(10 1) 1 0 0 0 #timing (752 758) ps polarity 0
net 314: (10 1)->(10 3) 1 1 0 1 #timing (996 957) ps  polarity 1
net 314: (10 3)->(10 2) 0 1 0 1 #timing (1072 1125) ps  polarity 0
net 314: (10 1)->(10 5) 3 1 0 0 #timing (1085 1009) ps polarity 0
net 314: (10 5)->(10 9) 3 4 0 1 #timing (1444 1295) ps  polarity 0
net 314: (10 9)->(8 9) 1 2 0 1 #timing (1567 1414) ps  polarity 1
net 314: (8 9)->(8 8) 0 1 0 1 #timing (1547 1695) ps  polarity 0
net 314: (10 5)->(10 5) 5 0 0 0 #timing (1214 1150) ps polarity 1
net 314: (10 5)->(27 5) 13 2 1 0 #timing (1830 1762) ps polarity 0
net 314: (27 5)->(19 13) 5 3 0 1 #timing (2572 2485) ps  polarity 0
net 314: (19 13)->(19 17) 3 4 0 1 #timing (2968 2801) ps  polarity 1
net 314: (19 17)->(17 17) 1 2 0 1 #timing (3104 2931) ps  polarity 0
net 314: (17 17)->(17 17) 0 0 0 1 #timing (3076 3266) ps  polarity 1
net 315: (11 3)->(10 3) 0 2 0 0 #timing (692 692) ps polarity 1
net 315: (10 3)->(8 1) 1 3 0 0 #timing (869 831) ps polarity 0
net 315: (8 1)->(10 3) 1 3 0 1 #timing (1145 1066) ps  polarity 1
net 315: (10 3)->(11 3) 0 2 0 1 #timing (1197 1293) ps  polarity 0
net 315: (8 1)->(8 1) 5 0 0 0 #timing (945 1019) ps polarity 1
net 315: (8 1)->(25 1) 13 2 1 0 #timing (1657 1462) ps polarity 0
net 315: (25 1)->(25 16) 13 1 1 0 #timing (2139 2232) ps polarity 1
net 315: (25 16)->(17 16) 5 2 0 1 #timing (2699 2774) ps  polarity 0
net 315: (17 16)->(17 16) 1 0 1 1 #timing (2988 2878) ps  polarity 1
net 315: (17 16)->(16 16) 0 2 0 1 #timing (3006 3104) ps  polarity 0
net 315: (25 16)->(9 16) 13 2 0 0 #timing (2962 2769) ps polarity 0
net 315: (9 16)->(9 1) 13 1 1 0 #timing (3455 3554) ps polarity 1
net 315: (9 1)->(9 1) 5 0 0 1 #timing (3717 3832) ps  polarity 1
net 315: (9 1)->(9 5) 3 1 0 1 #timing (4087 4137) ps  polarity 0
net 315: (9 5)->(9 7) 1 1 0 1 #timing (4252 4291) ps  polarity 1
net 315: (9 7)->(9 7) 0 0 0 1 #timing (4406 4377) ps  polarity 0
net 316: (7 1)->(6 0) 0 3 0 0 #timing (915 915) ps polarity 1
net 316: (6 0)->(4 2) 1 3 0 0 #timing (1078 1058) ps polarity 0
net 316: (4 2)->(6 2) 1 2 0 1 #timing (1409 1334) ps  polarity 1
net 316: (6 2)->(7 2) 0 2 0 1 #timing (1499 1588) ps  polarity 0
net 316: (4 2)->(4 6) 3 1 0 0 #timing (1464 1438) ps polarity 0
net 316: (4 6)->(8 6) 4 5 0 0 #timing (1840 1755) ps polarity 0
net 316: (8 6)->(8 6) 1 0 1 1 #timing (1953 2010) ps  polarity 1
net 316: (8 6)->(8 7) 0 1 0 1 #timing (2197 2093) ps  polarity 0
net 316: (4 6)->(4 6) 5 0 1 0 #timing (1589 1577) ps polarity 1
net 316: (4 6)->(12 14) 5 3 0 1 #timing (2141 2133) ps  polarity 1
net 316: (12 14)->(16 14) 4 5 0 1 #timing (2485 2460) ps  polarity 0
net 316: (16 14)->(16 18) 3 4 0 1 #timing (2747 2679) ps  polarity 0
net 316: (16 18)->(16 16) 1 1 0 1 #timing (2903 2821) ps  polarity 1
net 316: (16 16)->(17 16) 0 2 0 1 #timing (2929 3032) ps  polarity 0
net 317: (5 2)->(5 2) 0 0 0 0 #timing (162 162) ps polarity 1
net 317: (5 2)->(5 2) 1 0 0 0 #timing (237 240) ps polarity 0
net 317: (5 2)->(1 2) 4 2 0 0 #timing (500 471) ps polarity 0
net 317: (1 2)->(1 2) 5 0 0 0 #timing (634 621) ps polarity 1
net 317: (1 2)->(1 10) 5 1 0 1 #timing (996 981) ps  polarity 0
net 317: (1 10)->(5 10) 4 2 0 1 #timing (1298 1243) ps  polarity 0
net 317: (5 10)->(5 8) 1 1 0 1 #timing (1533 1441) ps  polarity 1
net 317: (5 8)->(4 8) 0 2 0 1 #timing (1580 1676) ps  polarity 0
net 317: (1 2)->(16 2) 13 2 1 0 #timing (1233 1129) ps polarity 0
net 317: (16 2)->(16 10) 5 1 0 1 #timing (1695 1574) ps  polarity 1
net 317: (16 10)->(18 10) 1 2 0 1 #timing (1823 1896) ps  polarity 0
net 317: (18 10)->(18 11) 0 1 0 1 #timing (2009 1959) ps  polarity 1
net 317: (16 2)->(24 10) 5 3 0 1 #timing (1993 1857) ps  polarity 0
net 317: (24 10)->(24 8) 1 1 0 1 #timing (2217 2059) ps  polarity 0
net 317: (24 8)->(24 9) 0 1 0 1 #timing (2197 2360) ps  polarity 1
net 317: (5 2)->(9 2) 4 5 0 0 #timing (572 523) ps polarity 0
net 317: (9 2)->(11 2) 1 2 0 1 #timing (766 778) ps  polarity 1
net 317: (11 2)->(11 2) 0 0 0 1 #timing (892 907) ps  polarity 0
net 317: (11 2)->(11 3) 0 1 0 1 #timing (907 918) ps  polarity 0
net 317: (11 2)->(10 2) 0 2 0 1 #timing (882 903) ps  polarity 0
net 317: (9 2)->(9 2) 5 0 0 0 #timing (693 659) ps polarity 1
net 317: (9 2)->(9 10) 5 1 0 1 #timing (1082 1053) ps  polarity 0
net 317: (9 10)->(9 10) 1 0 0 1 #timing (1273 1264) ps  polarity 1
net 317: (9 10)->(8 10) 0 2 0 1 #timing (1337 1355) ps  polarity 0
net 317: (5 2)->(7 0) 1 3 0 0 #timing (315 289) ps polarity 0
net 317: (7 0)->(7 2) 1 1 0 1 #timing (580 520) ps  polarity 1
net 317: (7 2)->(7 2) 0 0 0 1 #timing (613 694) ps  polarity 0
net 317: (7 0)->(7 0) 5 0 0 0 #timing (405 470) ps polarity 1
net 317: (7 0)->(7 16) 13 1 0 0 #timing (1094 912) ps polarity 0
net 317: (7 16)->(15 16) 5 2 0 1 #timing (1702 1494) ps  polarity 1
net 317: (15 16)->(19 16) 4 5 0 1 #timing (2042 1785) ps  polarity 1
net 317: (19 16)->(19 16) 1 0 1 1 #timing (2232 1950) ps  polarity 0
net 317: (19 16)->(19 17) 0 1 0 1 #timing (2112 2365) ps  polarity 1
net 317: (7 0)->(7 17) 13 1 1 0 #timing (1098 914) ps polarity 0
net 317: (7 17)->(15 17) 5 2 0 1 #timing (1689 1474) ps  polarity 1
net 317: (15 17)->(19 17) 4 5 0 1 #timing (2033 1772) ps  polarity 1
net 317: (19 17)->(19 17) 1 0 1 1 #timing (2222 1936) ps  polarity 0
net 317: (19 17)->(18 17) 0 2 0 1 #timing (2067 2340) ps  polarity 1
net 317: (5 2)->(5 3) 0 1 0 0 #timing (174 174) ps polarity 1
net 317: (5 3)->(7 3) 1 2 0 0 #timing (296 284) ps polarity 0
net 317: (7 3)->(3 3) 4 2 0 0 #timing (565 569) ps polarity 0
net 317: (3 3)->(3 3) 5 0 0 0 #timing (697 721) ps polarity 1
net 317: (3 3)->(18 3) 13 2 1 0 #timing (1310 1172) ps polarity 0
net 317: (18 3)->(18 11) 5 1 0 1 #timing (1779 1625) ps  polarity 1
net 317: (18 11)->(18 11) 1 0 0 1 #timing (1832 1953) ps  polarity 0
net 317: (18 11)->(19 11) 0 2 0 1 #timing (2088 1953) ps  polarity 1
net 317: (18 3)->(26 11) 5 3 0 1 #timing (2063 1904) ps  polarity 0
net 317: (26 11)->(24 9) 1 3 0 1 #timing (2328 2125) ps  polarity 0
net 317: (24 9)->(25 9) 0 2 0 1 #timing (2275 2481) ps  polarity 1
net 317: (7 3)->(7 3) 5 0 0 0 #timing (400 447) ps polarity 1
net 317: (7 3)->(7 11) 5 1 0 1 #timing (771 822) ps  polarity 0
net 317: (7 11)->(11 11) 4 5 0 1 #timing (1119 1116) ps  polarity 0
net 317: (11 11)->(9 11) 1 2 0 1 #timing (1369 1324) ps  polarity 1
net 317: (9 11)->(9 11) 0 0 0 1 #timing (1475 1542) ps  polarity 0
net 317: (7 3)->(15 3) 5 2 0 1 #timing (809 842) ps  polarity 0
net 317: (15 3)->(19 3) 4 5 0 1 #timing (1135 1126) ps  polarity 0
net 317: (19 3)->(19 3) 1 0 1 1 #timing (1328 1292) ps  polarity 1
net 317: (19 3)->(18 3) 0 2 0 1 #timing (1414 1442) ps  polarity 0
net 317: (7 3)->(7 18) 13 1 1 0 #timing (1108 931) ps polarity 0
net 317: (7 18)->(7 18) 5 0 1 1 #timing (1408 1245) ps  polarity 0
net 317: (7 18)->(7 16) 1 1 0 1 #timing (1605 1422) ps  polarity 0
net 317: (7 16)->(7 17) 0 1 0 1 #timing (1544 1738) ps  polarity 1
net 317: (7 18)->(11 18) 4 5 0 1 #timing (1782 1557) ps  polarity 1
net 317: (11 18)->(11 16) 1 1 0 1 #timing (2035 1766) ps  polarity 0
net 317: (11 16)->(11 17) 0 1 0 1 #timing (1912 2184) ps  polarity 1
net 317: (11 16)->(10 17) 0 3 0 1 #timing (1920 2189) ps  polarity 1
net 317: (5 2)->(4 2) 0 2 0 0 #timing (173 173) ps polarity 1
net 317: (4 2)->(6 0) 1 3 0 0 #timing (347 318) ps polarity 0
net 317: (6 0)->(6 0) 5 0 0 0 #timing (442 519) ps polarity 1
net 317: (6 0)->(14 8) 5 3 0 1 #timing (1061 1129) ps  polarity 1
net 317: (14 8)->(14 12) 3 1 0 1 #timing (1405 1409) ps  polarity 0
net 317: (14 12)->(12 14) 1 3 0 1 #timing (1596 1572) ps  polarity 1
net 317: (12 14)->(12 14) 0 0 0 1 #timing (1727 1772) ps  polarity 0
net 317: (5 2)->(4 3) 0 3 0 0 #timing (188 188) ps polarity 1
net 317: (4 3)->(4 3) 1 0 0 0 #timing (272 273) ps polarity 0
net 317: (4 3)->(4 3) 1 0 1 1 #timing (476 443) ps  polarity 1
net 317: (4 3)->(5 3) 0 2 0 1 #timing (554 583) ps  polarity 0
net 317: (4 3)->(0 3) 4 2 0 0 #timing (551 515) ps polarity 0
net 317: (0 3)->(0 3) 5 0 0 0 #timing (678 662) ps polarity 1
net 317: (0 3)->(17 3) 13 2 1 0 #timing (1337 1222) ps polarity 0
net 317: (17 3)->(17 11) 5 1 0 1 #timing (1820 1686) ps  polarity 1
net 317: (17 11)->(13 11) 4 5 0 1 #timing (2134 1946) ps  polarity 1
net 317: (13 11)->(13 11) 1 0 0 1 #timing (2324 2111) ps  polarity 0
net 317: (13 11)->(12 11) 0 2 0 1 #timing (2245 2444) ps  polarity 1
net 317: (4 3)->(4 3) 5 0 0 0 #timing (375 390) ps polarity 1
net 317: (4 3)->(4 11) 5 1 0 1 #timing (724 739) ps  polarity 0
net 317: (4 11)->(4 9) 1 1 0 1 #timing (990 929) ps  polarity 1
net 317: (4 9)->(5 8) 0 3 0 1 #timing (1068 1132) ps  polarity 0
net 317: (4 3)->(12 3) 5 2 0 1 #timing (761 768) ps  polarity 0
net 317: (12 3)->(16 3) 4 5 0 1 #timing (1110 1057) ps  polarity 0
net 317: (16 3)->(18 3) 1 2 0 1 #timing (1342 1250) ps  polarity 1
net 317: (18 3)->(19 3) 0 2 0 1 #timing (1378 1490) ps  polarity 0
net 317: (4 3)->(12 11) 5 3 0 1 #timing (985 994) ps  polarity 1
net 317: (12 11)->(12 11) 1 0 0 1 #timing (1168 1165) ps  polarity 1
net 317: (12 11)->(13 11) 0 2 0 1 #timing (1302 1289) ps  polarity 0
net 318: (8 7)->(8 6) 0 1 0 0 #timing (193 193) ps polarity 0
net 318: (8 6)->(8 6) 1 0 0 0 #timing (291 289) ps polarity 1
net 318: (8 6)->(12 6) 4 2 0 0 #timing (533 524) ps polarity 1
net 318: (12 6)->(16 6) 4 5 0 1 #timing (849 790) ps  polarity 1
net 318: (16 6)->(16 2) 3 1 0 1 #timing (1153 1032) ps  polarity 1
net 318: (16 2)->(18 0) 1 3 0 1 #timing (1340 1193) ps  polarity 0
net 318: (18 0)->(18 1) 0 1 0 1 #timing (1339 1511) ps  polarity 1
net 318: (8 6)->(8 6) 5 0 0 0 #timing (392 411) ps polarity 0
net 318: (8 6)->(8 14) 5 1 0 1 #timing (722 745) ps  polarity 1
net 318: (8 14)->(12 14) 4 2 0 1 #timing (943 954) ps  polarity 1
net 318: (12 14)->(12 12) 1 1 0 1 #timing (1182 1155) ps  polarity 0
net 318: (12 12)->(12 12) 0 0 0 1 #timing (1272 1318) ps  polarity 1
net 318: (8 6)->(25 6) 13 2 1 0 #timing (1084 938) ps polarity 1
net 318: (25 6)->(25 6) 5 0 1 1 #timing (1329 1195) ps  polarity 1
net 318: (25 6)->(25 6) 1 0 1 1 #timing (1473 1338) ps  polarity 1
net 318: (25 6)->(24 7) 0 3 0 1 #timing (1500 1604) ps  polarity 0
net 318: (8 6)->(8 4) 1 1 0 0 #timing (338 322) ps polarity 1
net 318: (8 4)->(4 4) 4 5 0 0 #timing (653 628) ps polarity 1
net 318: (4 4)->(4 0) 3 1 0 1 #timing (1151 1030) ps  polarity 1
net 318: (4 0)->(4 2) 1 1 0 1 #timing (1282 1156) ps  polarity 0
net 318: (4 2)->(5 3) 0 3 0 1 #timing (1284 1417) ps  polarity 1
net 318: (4 4)->(4 8) 3 4 0 1 #timing (1039 971) ps  polarity 1
net 318: (4 8)->(4 8) 1 0 0 1 #timing (1138 1074) ps  polarity 0
net 318: (4 8)->(4 8) 0 0 0 1 #timing (1178 1239) ps  polarity 1
net 318: (4 8)->(5 8) 0 2 0 1 #timing (1214 1262) ps  polarity 1
net 318: (8 4)->(8 4) 5 0 0 0 #timing (431 476) ps polarity 0
net 318: (8 4)->(8 12) 5 1 0 1 #timing (770 815) ps  polarity 1
net 318: (8 12)->(8 16) 3 4 0 1 #timing (1230 1081) ps  polarity 1
net 318: (8 16)->(10 18) 1 3 0 1 #timing (1375 1218) ps  polarity 0
net 318: (10 18)->(10 18) 0 0 0 1 #timing (1340 1515) ps  polarity 1
net 318: (8 6)->(10 6) 1 2 0 0 #timing (334 318) ps polarity 1
net 318: (10 6)->(14 6) 4 2 0 0 #timing (579 604) ps polarity 1
net 318: (14 6)->(14 6) 5 0 0 0 #timing (707 744) ps polarity 0
net 318: (14 6)->(14 14) 5 1 0 1 #timing (1061 1096) ps  polarity 1
net 318: (14 14)->(18 14) 4 5 0 1 #timing (1358 1348) ps  polarity 1
net 318: (18 14)->(18 18) 3 4 0 1 #timing (1677 1602) ps  polarity 1
net 318: (18 18)->(18 18) 1 0 1 1 #timing (1775 1703) ps  polarity 0
net 318: (18 18)->(18 18) 0 0 0 1 #timing (1832 1892) ps  polarity 1
net 318: (8 6)->(10 4) 1 3 0 0 #timing (359 336) ps polarity 1
net 318: (10 4)->(10 8) 3 4 0 0 #timing (641 641) ps polarity 1
net 318: (10 8)->(14 8) 4 2 0 0 #timing (941 924) ps polarity 1
net 318: (14 8)->(18 8) 4 5 0 1 #timing (1269 1205) ps  polarity 1
net 318: (18 8)->(18 12) 3 1 0 1 #timing (1521 1417) ps  polarity 1
net 318: (18 12)->(18 12) 1 0 1 1 #timing (1618 1518) ps  polarity 0
net 318: (18 12)->(18 12) 0 0 0 1 #timing (1647 1735) ps  polarity 1
net 318: (10 4)->(10 4) 5 0 0 0 #timing (456 522) ps polarity 0
net 318: (10 4)->(10 12) 5 1 0 1 #timing (786 861) ps  polarity 1
net 318: (10 12)->(6 12) 4 5 0 1 #timing (1145 1157) ps  polarity 1
net 318: (6 12)->(6 16) 3 4 0 1 #timing (1435 1394) ps  polarity 1
net 318: (6 16)->(6 16) 1 0 0 1 #timing (1539 1501) ps  polarity 0
net 318: (6 16)->(7 17) 0 3 0 1 #timing (1627 1654) ps  polarity 1
net 318: (8 7)->(9 7) 0 2 0 0 #timing (211 211) ps polarity 0
net 318: (9 7)->(11 7) 1 2 0 0 #timing (346 333) ps polarity 1
net 318: (11 7)->(11 7) 5 0 0 0 #timing (455 510) ps polarity 0
net 318: (11 7)->(11 15) 5 1 0 1 #timing (809 867) ps  polarity 1
net 318: (11 15)->(15 15) 4 2 0 1 #timing (1085 1101) ps  polarity 1
net 318: (15 15)->(13 15) 1 2 0 1 #timing (1337 1305) ps  polarity 0
net 318: (13 15)->(12 14) 0 3 0 1 #timing (1458 1498) ps  polarity 1
net 319: (25 14)->(24 14) 0 2 0 0 #timing (214 214) ps polarity 1
net 319: (24 14)->(24 14) 1 0 0 0 #timing (298 299) ps polarity 0
net 319: (24 14)->(24 14) 1 0 1 1 #timing (504 471) ps  polarity 1
net 319: (24 14)->(24 15) 0 1 0 1 #timing (584 611) ps  polarity 0
net 319: (24 14)->(20 14) 4 5 0 0 #timing (648 579) ps polarity 0
net 319: (20 14)->(22 14) 1 2 0 1 #timing (803 839) ps  polarity 1
net 319: (22 14)->(23 14) 0 2 0 1 #timing (1000 975) ps  polarity 0
net 319: (20 14)->(20 18) 3 4 0 1 #timing (1004 969) ps  polarity 0
net 319: (20 18)->(20 16) 1 1 0 1 #timing (1142 1100) ps  polarity 1
net 319: (20 16)->(20 17) 0 1 0 1 #timing (1271 1303) ps  polarity 0
net 320: (26 11)->(26 11) 0 0 0 0 #timing (155 155) ps polarity 1
net 320: (26 11)->(24 11) 1 2 0 0 #timing (270 261) ps polarity 0
net 320: (24 11)->(24 15) 3 1 0 1 #timing (687 593) ps  polarity 0
net 320: (24 15)->(24 15) 1 0 0 1 #timing (792 701) ps  polarity 1
net 320: (24 15)->(24 15) 0 0 0 1 #timing (809 897) ps  polarity 0
net 320: (26 11)->(24 9) 1 3 0 0 #timing (317 287) ps polarity 0
net 320: (24 9)->(24 9) 5 0 0 0 #timing (404 476) ps polarity 1
net 320: (24 9)->(24 24) 13 1 1 0 #timing (1138 937) ps polarity 0
net 320: (24 24)->(24 24) 5 0 0 1 #timing (1377 1188) ps  polarity 0
net 320: (24 24)->(20 24) 4 5 0 1 #timing (1796 1522) ps  polarity 1
net 320: (20 24)->(20 20) 3 4 0 1 #timing (2165 1784) ps  polarity 1
net 320: (20 20)->(22 20) 1 2 0 1 #timing (2302 1915) ps  polarity 0
net 320: (22 20)->(23 20) 0 2 0 1 #timing (2070 2465) ps  polarity 1
net 320: (24 24)->(24 16) 5 1 0 1 #timing (1617 1395) ps  polarity 1
net 320: (24 16)->(26 16) 1 2 0 1 #timing (1622 1799) ps  polarity 0
net 320: (26 16)->(26 17) 0 1 0 1 #timing (1929 1746) ps  polarity 1
net 321: (27 12)->(27 12) 0 0 0 0 #timing (661 661) ps polarity 1
net 321: (27 12)->(25 14) 1 3 0 0 #timing (810 788) ps polarity 0
net 321: (25 14)->(25 14) 1 0 1 1 #timing (1064 1024) ps  polarity 1
net 321: (25 14)->(24 15) 0 3 0 1 #timing (1108 1153) ps  polarity 0
net 321: (27 12)->(27 13) 0 1 0 0 #timing (690 690) ps polarity 1
net 321: (27 13)->(27 13) 1 0 0 0 #timing (776 773) ps polarity 0
net 321: (27 13)->(27 17) 3 4 0 0 #timing (1103 1035) ps polarity 0
net 321: (27 17)->(23 17) 4 5 0 0 #timing (1505 1373) ps polarity 0
net 321: (23 17)->(23 21) 3 1 0 1 #timing (1814 1848) ps  polarity 0
net 321: (23 21)->(23 21) 1 0 1 1 #timing (1924 1963) ps  polarity 1
net 321: (23 21)->(23 21) 0 0 0 1 #timing (2046 2014) ps  polarity 0
net 321: (27 12)->(26 13) 0 3 0 0 #timing (675 675) ps polarity 1
net 321: (26 13)->(26 13) 1 0 0 0 #timing (762 763) ps polarity 0
net 321: (26 13)->(26 17) 3 4 0 0 #timing (1083 1016) ps polarity 0
net 321: (26 17)->(26 17) 1 0 1 1 #timing (1293 1192) ps  polarity 1
net 321: (26 17)->(27 17) 0 2 0 1 #timing (1330 1415) ps  polarity 0
net 322: (26 12)->(26 13) 0 1 0 0 #timing (679 679) ps polarity 1
net 322: (26 13)->(24 13) 1 2 0 0 #timing (805 792) ps polarity 0
net 322: (24 13)->(24 17) 3 4 0 0 #timing (1145 1101) ps polarity 0
net 322: (24 17)->(24 21) 3 1 0 1 #timing (1576 1427) ps  polarity 0
net 322: (24 21)->(24 21) 1 0 0 1 #timing (1685 1539) ps  polarity 1
net 322: (24 21)->(25 20) 0 3 0 1 #timing (1673 1804) ps  polarity 0
net 322: (26 12)->(27 12) 0 2 0 0 #timing (704 704) ps polarity 1
net 322: (27 12)->(27 12) 1 0 0 0 #timing (782 786) ps polarity 0
net 322: (27 12)->(27 16) 3 4 0 1 #timing (1192 1098) ps  polarity 0
net 322: (27 16)->(27 16) 1 0 0 1 #timing (1295 1204) ps  polarity 1
net 322: (27 16)->(26 17) 0 3 0 1 #timing (1364 1428) ps  polarity 0
net 322: (26 12)->(27 13) 0 3 0 0 #timing (674 675) ps polarity 1
net 322: (27 13)->(25 15) 1 3 0 0 #timing (832 813) ps polarity 0
net 322: (25 15)->(25 15) 1 0 1 1 #timing (1075 1039) ps  polarity 1
net 322: (25 15)->(24 15) 0 2 0 1 #timing (1120 1163) ps  polarity 0
net 323: (17 12)->(17 12) 0 0 0 0 #timing (184 184) ps polarity 0
net 323: (17 12)->(17 14) 1 1 0 0 #timing (292 287) ps polarity 1
net 323: (17 14)->(17 14) 1 0 0 1 #timing (518 488) ps  polarity 0
net 323: (17 14)->(16 14) 0 2 0 1 #timing (608 630) ps  polarity 1
net 324: (16 12)->(16 12) 0 0 0 0 #timing (191 191) ps polarity 0
net 324: (16 12)->(16 14) 1 1 0 0 #timing (289 286) ps polarity 1
net 324: (16 14)->(16 14) 1 0 0 1 #timing (511 482) ps  polarity 0
net 324: (16 14)->(16 14) 0 0 0 1 #timing (586 612) ps  polarity 1
net 325: (17 13)->(17 13) 0 0 0 0 #timing (204 204) ps polarity 0
net 325: (17 13)->(17 13) 1 0 0 0 #timing (280 279) ps polarity 1
net 325: (17 13)->(17 15) 1 1 0 1 #timing (528 480) ps  polarity 0
net 325: (17 15)->(16 14) 0 3 0 1 #timing (638 681) ps  polarity 1
net 325: (17 13)->(17 9) 3 1 0 0 #timing (548 504) ps polarity 1
net 325: (17 9)->(17 9) 1 0 1 1 #timing (759 682) ps  polarity 0
net 325: (17 9)->(16 8) 0 3 0 1 #timing (820 880) ps  polarity 1
net 325: (17 13)->(13 13) 4 5 0 0 #timing (540 512) ps polarity 1
net 325: (13 13)->(15 15) 1 3 0 1 #timing (806 776) ps  polarity 0
net 325: (15 15)->(14 14) 0 3 0 1 #timing (942 973) ps  polarity 1
net 325: (17 13)->(17 12) 0 1 0 0 #timing (203 203) ps polarity 0
net 325: (17 12)->(17 12) 1 0 0 0 #timing (291 294) ps polarity 1
net 325: (17 12)->(17 16) 3 4 0 0 #timing (596 532) ps polarity 1
net 325: (17 16)->(17 20) 3 1 0 1 #timing (1000 839) ps  polarity 1
net 325: (17 20)->(17 22) 1 1 0 1 #timing (1152 980) ps  polarity 0
net 325: (17 22)->(16 22) 0 2 0 1 #timing (1118 1307) ps  polarity 1
net 325: (17 20)->(19 22) 1 3 0 1 #timing (1181 996) ps  polarity 0
net 325: (19 22)->(18 22) 0 2 0 1 #timing (1143 1352) ps  polarity 1
net 325: (17 12)->(13 12) 4 5 0 0 #timing (548 517) ps polarity 1
net 325: (13 12)->(13 14) 1 1 0 1 #timing (776 764) ps  polarity 0
net 325: (13 14)->(13 15) 0 1 0 1 #timing (912 926) ps  polarity 1
net 325: (13 12)->(9 12) 4 2 0 1 #timing (861 801) ps  polarity 1
net 325: (9 12)->(11 14) 1 3 0 1 #timing (1137 1023) ps  polarity 0
net 325: (11 14)->(10 14) 0 2 0 1 #timing (1183 1323) ps  polarity 1
net 327: (20 26)->(20 26) 0 0 0 0 #timing (163 163) ps polarity 1
net 327: (20 26)->(22 26) 1 2 0 0 #timing (298 281) ps polarity 0
net 327: (22 26)->(22 26) 5 0 1 0 #timing (405 461) ps polarity 1
net 327: (22 26)->(22 11) 13 1 1 0 #timing (1098 923) ps polarity 0
net 327: (22 11)->(6 11) 13 2 0 0 #timing (1621 1696) ps polarity 1
net 327: (6 11)->(6 11) 5 0 0 1 #timing (1863 1949) ps  polarity 1
net 327: (6 11)->(10 11) 4 5 0 1 #timing (2231 2259) ps  polarity 0
net 327: (10 11)->(10 11) 1 0 0 1 #timing (2423 2426) ps  polarity 1
net 327: (10 11)->(10 10) 0 1 0 1 #timing (2537 2529) ps  polarity 0
net 327: (22 11)->(7 11) 13 2 1 0 #timing (1614 1691) ps polarity 1
net 327: (7 11)->(7 27) 13 1 0 0 #timing (2402 2215) ps polarity 0
net 327: (7 27)->(7 27) 5 0 1 1 #timing (2743 2577) ps  polarity 0
net 327: (7 27)->(11 27) 4 5 0 1 #timing (3113 2889) ps  polarity 1
net 327: (11 27)->(11 23) 3 4 0 1 #timing (3499 3199) ps  polarity 1
net 327: (11 23)->(11 21) 1 1 0 1 #timing (3642 3334) ps  polarity 0
net 327: (11 21)->(10 21) 0 2 0 1 #timing (3478 3790) ps  polarity 1
net 327: (22 26)->(7 26) 13 2 1 0 #timing (1151 966) ps polarity 0
net 327: (7 26)->(7 26) 5 0 0 1 #timing (1396 1223) ps  polarity 0
net 327: (7 26)->(11 26) 4 5 0 1 #timing (1753 1526) ps  polarity 1
net 327: (11 26)->(11 22) 3 4 0 1 #timing (2140 1823) ps  polarity 1
net 327: (11 22)->(11 22) 1 0 0 1 #timing (2236 1925) ps  polarity 0
net 327: (11 22)->(10 23) 0 3 0 1 #timing (2090 2371) ps  polarity 1
net 328: (7 11)->(7 11) 0 0 0 0 #timing (216 216) ps polarity 1
net 328: (7 11)->(7 11) 1 0 0 0 #timing (301 303) ps polarity 0
net 328: (7 11)->(7 15) 3 1 0 0 #timing (588 534) ps polarity 0
net 328: (7 15)->(7 15) 1 0 1 1 #timing (810 720) ps  polarity 1
net 328: (7 15)->(6 15) 0 2 0 1 #timing (800 897) ps  polarity 0
net 328: (7 11)->(7 7) 3 4 0 0 #timing (605 547) ps polarity 0
net 328: (7 7)->(7 5) 1 1 0 1 #timing (866 760) ps  polarity 1
net 328: (7 5)->(6 5) 0 2 0 1 #timing (919 1020) ps  polarity 0
net 328: (7 11)->(6 11) 0 2 0 0 #timing (227 227) ps polarity 1
net 328: (6 11)->(6 9) 1 1 0 0 #timing (346 336) ps polarity 0
net 328: (6 9)->(6 13) 3 1 0 0 #timing (695 650) ps polarity 0
net 328: (6 13)->(4 15) 1 3 0 1 #timing (1016 900) ps  polarity 1
net 328: (4 15)->(4 15) 0 0 0 1 #timing (1087 1211) ps  polarity 0
net 328: (6 13)->(6 17) 3 4 0 1 #timing (1170 991) ps  polarity 0
net 328: (6 17)->(6 19) 1 1 0 1 #timing (1320 1132) ps  polarity 1
net 328: (6 19)->(6 18) 0 1 0 1 #timing (1244 1451) ps  polarity 0
net 329: (12 0)->(13 0) 0 2 0 0 #timing (842 842) ps polarity 1
net 329: (13 0)->(13 0) 1 0 0 0 #timing (926 927) ps polarity 0
net 329: (13 0)->(13 4) 3 1 0 0 #timing (1207 1158) ps polarity 0
net 329: (13 4)->(13 4) 5 0 1 0 #timing (1338 1301) ps polarity 1
net 329: (13 4)->(13 12) 5 1 0 1 #timing (1684 1651) ps  polarity 0
net 329: (13 12)->(13 12) 1 0 0 1 #timing (1853 1852) ps  polarity 1
net 329: (13 12)->(12 12) 0 2 0 1 #timing (1982 1971) ps  polarity 0
net 329: (13 0)->(15 2) 1 3 0 0 #timing (998 973) ps polarity 0
net 329: (15 2)->(15 6) 3 1 0 0 #timing (1291 1296) ps polarity 0
net 329: (15 6)->(15 4) 1 1 0 1 #timing (1544 1504) ps  polarity 1
net 329: (15 4)->(14 5) 0 3 0 1 #timing (1672 1704) ps  polarity 0
net 329: (15 6)->(13 4) 1 3 0 1 #timing (1574 1520) ps  polarity 1
net 329: (13 4)->(12 5) 0 3 0 1 #timing (1700 1759) ps  polarity 0
net 330: (7 11)->(7 10) 0 1 0 0 #timing (223 223) ps polarity 1
net 330: (7 10)->(5 10) 1 2 0 0 #timing (347 334) ps polarity 0
net 330: (5 10)->(5 14) 3 1 0 0 #timing (652 624) ps polarity 0
net 330: (5 14)->(9 14) 4 5 0 0 #timing (1037 952) ps polarity 0
net 330: (9 14)->(9 14) 1 0 1 1 #timing (1147 1206) ps  polarity 1
net 330: (9 14)->(8 15) 0 3 0 1 #timing (1291 1236) ps  polarity 0
net 330: (5 14)->(5 14) 5 0 1 0 #timing (779 764) ps polarity 1
net 330: (5 14)->(13 14) 5 2 0 1 #timing (1148 1127) ps  polarity 0
net 330: (13 14)->(13 14) 1 0 0 1 #timing (1330 1319) ps  polarity 1
net 330: (13 14)->(12 15) 0 3 0 1 #timing (1461 1452) ps  polarity 0
net 330: (7 11)->(6 10) 0 3 0 0 #timing (222 222) ps polarity 1
net 330: (6 10)->(6 8) 1 1 0 0 #timing (338 332) ps polarity 0
net 330: (6 8)->(6 12) 3 1 0 1 #timing (778 672) ps  polarity 0
net 330: (6 12)->(6 12) 1 0 0 1 #timing (882 781) ps  polarity 1
net 330: (6 12)->(7 13) 0 3 0 1 #timing (912 999) ps  polarity 0
net 330: (6 12)->(4 12) 1 2 0 1 #timing (937 819) ps  polarity 1
net 330: (4 12)->(4 12) 0 0 0 1 #timing (976 1095) ps  polarity 0
net 332: (17 20)->(16 21) 0 3 0 0 #timing (204 204) ps polarity 1
net 332: (16 21)->(18 23) 1 3 0 0 #timing (361 337) ps polarity 0
net 332: (18 23)->(18 19) 3 1 0 0 #timing (682 704) ps polarity 0
net 332: (18 19)->(18 19) 5 0 1 0 #timing (808 844) ps polarity 1
net 332: (18 19)->(3 19) 13 2 1 0 #timing (1423 1283) ps polarity 0
net 332: (3 19)->(3 2) 13 1 1 0 #timing (1992 2019) ps polarity 1
net 332: (3 2)->(11 10) 5 3 0 1 #timing (2855 2847) ps  polarity 1
net 332: (11 10)->(9 10) 1 2 0 1 #timing (3075 3041) ps  polarity 1
net 332: (9 10)->(9 11) 0 1 0 1 #timing (3221 3250) ps  polarity 0
net 333: (13 24)->(13 25) 0 1 0 0 #timing (194 194) ps polarity 0
net 333: (13 25)->(15 27) 1 3 0 0 #timing (369 336) ps polarity 1
net 333: (15 27)->(15 27) 5 0 0 0 #timing (467 554) ps polarity 0
net 333: (15 27)->(15 19) 5 1 0 1 #timing (788 885) ps  polarity 1
net 333: (15 19)->(19 19) 4 5 0 1 #timing (1081 1128) ps  polarity 1
net 333: (19 19)->(19 15) 3 4 0 1 #timing (1370 1353) ps  polarity 1
net 333: (19 15)->(17 15) 1 2 0 1 #timing (1508 1483) ps  polarity 0
net 333: (17 15)->(17 14) 0 1 0 1 #timing (1613 1657) ps  polarity 1
net 334: (12 24)->(13 24) 0 2 0 0 #timing (204 204) ps polarity 0
net 334: (13 24)->(13 24) 1 0 0 0 #timing (283 287) ps polarity 1
net 334: (13 24)->(13 24) 5 0 0 0 #timing (389 401) ps polarity 0
net 334: (13 24)->(13 16) 5 1 0 1 #timing (737 754) ps  polarity 1
net 334: (13 16)->(17 16) 4 5 0 1 #timing (1042 1012) ps  polarity 1
net 334: (17 16)->(17 12) 3 4 0 1 #timing (1336 1245) ps  polarity 1
net 334: (17 12)->(17 14) 1 1 0 1 #timing (1483 1383) ps  polarity 0
net 334: (17 14)->(17 14) 0 0 0 1 #timing (1500 1613) ps  polarity 1
net 335: (24 14)->(25 14) 0 2 0 0 #timing (201 201) ps polarity 1
net 335: (25 14)->(25 14) 1 0 0 0 #timing (285 287) ps polarity 0
net 335: (25 14)->(25 14) 1 0 0 1 #timing (493 461) ps  polarity 1
net 335: (25 14)->(25 15) 0 1 0 1 #timing (570 598) ps  polarity 0
net 335: (25 14)->(25 18) 3 4 0 0 #timing (614 542) ps polarity 0
net 335: (25 18)->(21 18) 4 5 0 0 #timing (927 824) ps polarity 0
net 335: (21 18)->(21 16) 1 1 0 1 #timing (1091 1147) ps  polarity 1
net 335: (21 16)->(20 16) 0 2 0 1 #timing (1289 1236) ps  polarity 0
net 335: (24 14)->(25 15) 0 3 0 0 #timing (229 229) ps polarity 1
net 335: (25 15)->(27 13) 1 3 0 0 #timing (425 394) ps polarity 0
net 335: (27 13)->(23 13) 4 5 0 0 #timing (752 771) ps polarity 0
net 335: (23 13)->(23 15) 1 1 0 1 #timing (1014 959) ps  polarity 1
net 335: (23 15)->(22 14) 0 3 0 1 #timing (1128 1171) ps  polarity 0
net 336: (25 13)->(25 13) 0 0 0 0 #timing (637 637) ps polarity 1
net 336: (25 13)->(25 13) 1 0 0 0 #timing (721 725) ps polarity 0
net 336: (25 13)->(25 15) 1 1 0 1 #timing (963 921) ps  polarity 1
net 336: (25 15)->(25 15) 0 0 0 1 #timing (1028 1087) ps  polarity 0
net 336: (25 13)->(25 17) 3 4 0 0 #timing (1099 1006) ps polarity 0
net 336: (25 17)->(21 17) 4 5 0 0 #timing (1412 1284) ps polarity 0
net 336: (21 17)->(21 17) 1 0 0 1 #timing (1496 1595) ps  polarity 1
net 336: (21 17)->(21 17) 0 0 0 1 #timing (1720 1612) ps  polarity 0
net 336: (25 13)->(21 13) 4 5 0 0 #timing (1004 964) ps polarity 0
net 336: (21 13)->(23 15) 1 3 0 1 #timing (1275 1250) ps  polarity 1
net 336: (23 15)->(23 14) 0 1 0 1 #timing (1405 1443) ps  polarity 0
net 337: (24 21)->(24 20) 0 1 0 0 #timing (700 700) ps polarity 1
net 337: (24 20)->(24 22) 1 1 0 0 #timing (829 817) ps polarity 0
net 337: (24 22)->(24 18) 3 1 0 0 #timing (1144 1111) ps polarity 0
net 337: (24 18)->(24 14) 3 4 0 1 #timing (1605 1457) ps  polarity 0
net 337: (24 14)->(24 14) 1 0 0 1 #timing (1707 1563) ps  polarity 1
net 337: (24 14)->(25 15) 0 3 0 1 #timing (1677 1816) ps  polarity 0
net 337: (24 20)->(26 20) 1 2 0 0 #timing (833 820) ps polarity 0
net 337: (26 20)->(22 20) 4 5 0 0 #timing (1143 1120) ps polarity 0
net 337: (22 20)->(22 20) 1 0 1 1 #timing (1321 1319) ps  polarity 1
net 337: (22 20)->(22 21) 0 1 0 1 #timing (1433 1429) ps  polarity 0
net 338: (24 13)->(24 13) 0 0 0 0 #timing (651 651) ps polarity 1
net 338: (24 13)->(24 15) 1 1 0 0 #timing (762 756) ps polarity 0
net 338: (24 15)->(24 15) 1 0 1 1 #timing (983 951) ps  polarity 1
net 338: (24 15)->(25 15) 0 2 0 1 #timing (1066 1092) ps  polarity 0
net 338: (24 15)->(24 19) 3 4 0 0 #timing (1112 1056) ps polarity 0
net 338: (24 19)->(20 19) 4 5 0 0 #timing (1461 1349) ps polarity 0
net 338: (20 19)->(20 17) 1 1 0 1 #timing (1607 1675) ps  polarity 1
net 338: (20 17)->(21 16) 0 3 0 1 #timing (1797 1739) ps  polarity 0
net 338: (24 15)->(20 15) 4 5 0 0 #timing (1082 1050) ps polarity 0
net 338: (20 15)->(22 15) 1 2 0 1 #timing (1275 1273) ps  polarity 1
net 338: (22 15)->(22 14) 0 1 0 1 #timing (1418 1435) ps  polarity 0
net 340: (20 25)->(20 24) 0 1 0 0 #timing (700 700) ps polarity 1
net 340: (20 24)->(20 26) 1 1 0 0 #timing (824 817) ps polarity 0
net 340: (20 26)->(20 26) 5 0 0 0 #timing (932 978) ps polarity 1
net 340: (20 26)->(4 26) 13 2 0 0 #timing (1621 1454) ps polarity 0
net 340: (4 26)->(4 26) 5 0 1 1 #timing (1854 1699) ps  polarity 0
net 340: (4 26)->(8 26) 4 5 0 1 #timing (2263 2028) ps  polarity 1
net 340: (8 26)->(8 22) 3 4 0 1 #timing (2579 2279) ps  polarity 1
net 340: (8 22)->(10 22) 1 2 0 1 #timing (2699 2398) ps  polarity 0
net 340: (10 22)->(11 23) 0 3 0 1 #timing (2528 2823) ps  polarity 1
net 340: (20 25)->(21 25) 0 2 0 0 #timing (688 688) ps polarity 1
net 340: (21 25)->(21 25) 1 0 0 0 #timing (766 763) ps polarity 0
net 340: (21 25)->(17 25) 4 2 0 0 #timing (1016 993) ps polarity 0
net 340: (17 25)->(13 25) 4 5 0 1 #timing (1334 1276) ps  polarity 0
net 340: (13 25)->(13 21) 3 4 0 1 #timing (1698 1562) ps  polarity 0
net 340: (13 21)->(13 21) 1 0 0 1 #timing (1792 1663) ps  polarity 1
net 340: (13 21)->(13 21) 0 0 0 1 #timing (1764 1894) ps  polarity 0
net 340: (20 25)->(21 24) 0 3 0 0 #timing (705 706) ps polarity 1
net 340: (21 24)->(23 24) 1 2 0 0 #timing (859 834) ps polarity 0
net 340: (23 24)->(27 24) 4 5 0 0 #timing (1173 1161) ps polarity 0
net 340: (27 24)->(27 24) 5 0 0 0 #timing (1314 1318) ps polarity 1
net 340: (27 24)->(11 24) 13 2 0 0 #timing (1968 1833) ps polarity 0
net 340: (11 24)->(11 24) 5 0 1 1 #timing (2233 2109) ps  polarity 0
net 340: (11 24)->(11 20) 3 4 0 1 #timing (2604 2399) ps  polarity 1
net 340: (11 20)->(11 20) 1 0 1 1 #timing (2700 2500) ps  polarity 0
net 340: (11 20)->(11 21) 0 1 0 1 #timing (2648 2827) ps  polarity 1
net 341: (11 21)->(11 21) 0 0 0 0 #timing (686 686) ps polarity 1
net 341: (11 21)->(11 21) 1 0 0 0 #timing (760 766) ps polarity 0
net 341: (11 21)->(11 25) 3 4 0 0 #timing (1061 997) ps polarity 0
net 341: (11 25)->(11 25) 5 0 1 0 #timing (1184 1135) ps polarity 1
net 341: (11 25)->(26 25) 13 2 1 0 #timing (1766 1695) ps polarity 0
net 341: (26 25)->(26 25) 5 0 0 1 #timing (2000 1942) ps  polarity 0
net 341: (26 25)->(22 25) 4 5 0 1 #timing (2373 2252) ps  polarity 1
net 341: (22 25)->(20 27) 1 3 0 1 #timing (2619 2460) ps  polarity 0
net 341: (20 27)->(20 26) 0 1 0 1 #timing (2679 2824) ps  polarity 1
net 341: (20 27)->(21 26) 0 3 0 1 #timing (2627 2797) ps  polarity 1
net 341: (11 21)->(9 21) 1 2 0 0 #timing (836 813) ps polarity 0
net 341: (9 21)->(9 17) 3 1 0 0 #timing (1114 1116) ps polarity 0
net 341: (9 17)->(9 17) 1 0 0 1 #timing (1331 1297) ps  polarity 1
net 341: (9 17)->(8 17) 0 2 0 1 #timing (1393 1429) ps  polarity 0
net 342: (13 22)->(13 22) 0 0 0 0 #timing (637 637) ps polarity 1
net 342: (13 22)->(15 22) 1 2 0 0 #timing (773 757) ps polarity 0
net 342: (15 22)->(15 22) 1 0 1 1 #timing (995 957) ps  polarity 1
net 342: (15 22)->(15 22) 0 0 0 1 #timing (1103 1121) ps  polarity 0
net 342: (15 22)->(14 22) 0 2 0 1 #timing (1085 1112) ps  polarity 0
net 342: (13 22)->(13 23) 0 1 0 0 #timing (642 642) ps polarity 1
net 342: (13 23)->(13 23) 1 0 0 0 #timing (721 723) ps polarity 0
net 342: (13 23)->(13 23) 1 0 1 1 #timing (924 893) ps  polarity 1
net 342: (13 23)->(13 23) 0 0 0 1 #timing (1018 1039) ps  polarity 0
net 343: (12 22)->(12 22) 0 0 0 0 #timing (649 649) ps polarity 1
net 343: (12 22)->(12 22) 1 0 0 0 #timing (720 726) ps polarity 0
net 343: (12 22)->(12 22) 1 0 0 1 #timing (924 897) ps  polarity 1
net 343: (12 22)->(13 23) 0 3 0 1 #timing (1038 1048) ps  polarity 0
net 343: (12 22)->(16 22) 4 5 0 0 #timing (992 961) ps polarity 0
net 343: (16 22)->(16 22) 5 0 0 0 #timing (1115 1099) ps polarity 1
net 343: (16 22)->(24 22) 5 2 0 1 #timing (1501 1470) ps  polarity 0
net 343: (24 22)->(24 20) 1 1 0 1 #timing (1731 1711) ps  polarity 1
net 343: (24 20)->(25 21) 0 3 0 1 #timing (1852 1878) ps  polarity 0
net 344: (12 23)->(12 23) 0 0 0 0 #timing (161 161) ps polarity 1
net 344: (12 23)->(12 23) 1 0 0 0 #timing (236 239) ps polarity 0
net 344: (12 23)->(14 23) 1 2 0 1 #timing (489 444) ps  polarity 1
net 344: (14 23)->(15 22) 0 3 0 1 #timing (589 646) ps  polarity 0
net 344: (12 23)->(12 21) 1 1 0 0 #timing (286 272) ps polarity 0
net 344: (12 21)->(12 23) 1 1 0 1 #timing (549 494) ps  polarity 1
net 344: (12 23)->(13 23) 0 2 0 1 #timing (616 687) ps  polarity 0
net 344: (12 23)->(12 22) 0 1 0 0 #timing (174 174) ps polarity 1
net 344: (12 22)->(12 20) 1 1 0 0 #timing (304 287) ps polarity 0
net 344: (12 20)->(16 20) 4 5 0 0 #timing (567 582) ps polarity 0
net 344: (16 20)->(16 20) 5 0 0 0 #timing (690 719) ps polarity 1
net 344: (16 20)->(24 20) 5 2 0 1 #timing (1084 1099) ps  polarity 0
net 344: (24 20)->(24 20) 1 0 0 1 #timing (1303 1256) ps  polarity 1
net 344: (24 20)->(24 21) 0 1 0 1 #timing (1368 1410) ps  polarity 0
net 346: (10 20)->(10 20) 0 0 0 0 #timing (163 163) ps polarity 1
net 346: (10 20)->(10 20) 1 0 0 0 #timing (240 242) ps polarity 0
net 346: (10 20)->(10 16) 3 1 0 0 #timing (512 462) ps polarity 0
net 346: (10 16)->(8 16) 1 2 0 1 #timing (743 654) ps  polarity 1
net 346: (8 16)->(8 17) 0 1 0 1 #timing (753 849) ps  polarity 0
net 346: (10 20)->(10 21) 0 1 0 0 #timing (180 180) ps polarity 1
net 346: (10 21)->(10 23) 1 1 0 0 #timing (309 291) ps polarity 0
net 346: (10 23)->(14 23) 4 2 0 0 #timing (562 590) ps polarity 0
net 346: (14 23)->(14 23) 1 0 1 1 #timing (796 738) ps  polarity 1
net 346: (14 23)->(14 23) 0 0 0 1 #timing (865 913) ps  polarity 0
net 346: (10 21)->(8 21) 1 2 0 0 #timing (300 287) ps polarity 0
net 346: (8 21)->(8 21) 5 0 0 0 #timing (399 442) ps polarity 1
net 346: (8 21)->(25 21) 13 2 1 0 #timing (1080 914) ps polarity 0
net 346: (25 21)->(25 21) 5 0 0 1 #timing (1325 1171) ps  polarity 0
net 346: (25 21)->(21 21) 4 5 0 1 #timing (1648 1453) ps  polarity 1
net 346: (21 21)->(21 25) 3 4 0 1 #timing (1937 1691) ps  polarity 1
net 346: (21 25)->(21 27) 1 1 0 1 #timing (2082 1827) ps  polarity 0
net 346: (21 27)->(21 26) 0 1 0 1 #timing (1965 2230) ps  polarity 1
net 348: (17 6)->(17 7) 0 1 0 0 #timing (690 690) ps polarity 1
net 348: (17 7)->(17 7) 1 0 0 0 #timing (774 772) ps polarity 0
net 348: (17 7)->(17 11) 3 4 0 0 #timing (1053 1005) ps polarity 0
net 348: (17 11)->(17 11) 1 0 0 1 #timing (1263 1182) ps  polarity 1
net 348: (17 11)->(16 11) 0 2 0 1 #timing (1314 1382) ps  polarity 0
net 348: (17 7)->(13 7) 4 5 0 0 #timing (1035 1005) ps polarity 0
net 348: (13 7)->(13 5) 1 1 0 1 #timing (1253 1245) ps  polarity 1
net 348: (13 5)->(12 5) 0 2 0 1 #timing (1388 1400) ps  polarity 0
net 348: (13 7)->(15 5) 1 3 0 1 #timing (1294 1268) ps  polarity 1
net 348: (15 5)->(15 5) 0 0 0 1 #timing (1400 1449) ps  polarity 0
net 349: (12 8)->(12 8) 0 0 0 0 #timing (163 163) ps polarity 1
net 349: (12 8)->(12 10) 1 1 0 0 #timing (277 268) ps polarity 0
net 349: (12 10)->(12 10) 1 0 1 1 #timing (502 471) ps  polarity 1
net 349: (12 10)->(12 10) 0 0 0 1 #timing (597 618) ps  polarity 0
net 349: (12 8)->(14 10) 1 3 0 0 #timing (322 294) ps polarity 0
net 349: (14 10)->(14 6) 3 4 0 1 #timing (776 655) ps  polarity 0
net 349: (14 6)->(12 4) 1 3 0 1 #timing (959 811) ps  polarity 1
net 349: (12 4)->(12 5) 0 1 0 1 #timing (977 1130) ps  polarity 0
net 349: (12 8)->(13 9) 0 3 0 0 #timing (191 191) ps polarity 1
net 349: (13 9)->(15 11) 1 3 0 0 #timing (359 330) ps polarity 0
net 349: (15 11)->(15 7) 3 4 0 1 #timing (853 717) ps  polarity 0
net 349: (15 7)->(15 5) 1 1 0 1 #timing (989 847) ps  polarity 1
net 349: (15 5)->(14 5) 0 2 0 1 #timing (989 1137) ps  polarity 0
net 350: (15 6)->(15 6) 0 0 0 0 #timing (661 661) ps polarity 1
net 350: (15 6)->(15 4) 1 1 0 0 #timing (776 768) ps polarity 0
net 350: (15 4)->(15 8) 3 4 0 0 #timing (1038 1023) ps polarity 0
net 350: (15 8)->(19 8) 4 5 0 0 #timing (1385 1323) ps polarity 0
net 350: (19 8)->(19 8) 1 0 1 1 #timing (1517 1554) ps  polarity 1
net 350: (19 8)->(18 9) 0 3 0 1 #timing (1698 1640) ps  polarity 0
net 350: (15 6)->(13 4) 1 3 0 0 #timing (840 805) ps polarity 0
net 350: (13 4)->(13 8) 3 4 0 0 #timing (1114 1133) ps polarity 0
net 350: (13 8)->(13 8) 1 0 1 1 #timing (1324 1310) ps  polarity 1
net 350: (13 8)->(12 9) 0 3 0 1 #timing (1455 1448) ps  polarity 0
net 350: (13 4)->(17 4) 4 5 0 0 #timing (1158 1175) ps polarity 0
net 350: (17 4)->(17 4) 1 0 0 1 #timing (1369 1328) ps  polarity 1
net 350: (17 4)->(16 5) 0 3 0 1 #timing (1489 1502) ps  polarity 0
net 351: (21 26)->(20 27) 0 3 0 0 #timing (188 188) ps polarity 1
net 351: (20 27)->(22 25) 1 3 0 0 #timing (364 329) ps polarity 0
net 351: (22 25)->(22 25) 5 0 1 0 #timing (461 547) ps polarity 1
net 351: (22 25)->(7 25) 13 2 1 0 #timing (1211 1003) ps polarity 0
net 351: (7 25)->(7 25) 5 0 0 1 #timing (1456 1262) ps  polarity 0
net 351: (7 25)->(11 25) 4 5 0 1 #timing (1836 1579) ps  polarity 1
net 351: (11 25)->(11 21) 3 4 0 1 #timing (2165 1849) ps  polarity 1
net 351: (11 21)->(11 21) 1 0 0 1 #timing (2261 1950) ps  polarity 0
net 351: (11 21)->(11 21) 0 0 0 1 #timing (2052 2363) ps  polarity 1
net 351: (11 21)->(11 23) 1 1 0 1 #timing (2303 1981) ps  polarity 0
net 351: (11 23)->(11 23) 0 0 0 1 #timing (2094 2434) ps  polarity 1
net 351: (7 25)->(7 9) 13 1 0 0 #timing (1764 1855) ps polarity 1
net 351: (7 9)->(7 9) 5 0 0 1 #timing (2089 2193) ps  polarity 1
net 351: (7 9)->(11 9) 4 5 0 1 #timing (2486 2522) ps  polarity 0
net 351: (11 9)->(11 11) 1 1 0 1 #timing (2737 2728) ps  polarity 1
net 351: (11 11)->(10 10) 0 3 0 1 #timing (2876 2885) ps  polarity 0
net 353: (16 6)->(16 7) 0 1 0 0 #timing (679 679) ps polarity 1
net 353: (16 7)->(16 7) 1 0 0 0 #timing (760 761) ps polarity 0
net 353: (16 7)->(16 11) 3 4 0 0 #timing (1109 1030) ps polarity 0
net 353: (16 11)->(16 11) 1 0 1 1 #timing (1318 1207) ps  polarity 1
net 353: (16 11)->(16 11) 0 0 0 1 #timing (1335 1436) ps  polarity 0
net 353: (16 7)->(16 5) 1 1 0 0 #timing (804 790) ps polarity 0
net 353: (16 5)->(12 5) 4 5 0 0 #timing (1112 1090) ps polarity 0
net 353: (12 5)->(12 5) 1 0 0 1 #timing (1292 1289) ps  polarity 1
net 353: (12 5)->(13 5) 0 2 0 1 #timing (1426 1414) ps  polarity 0
net 353: (12 5)->(14 5) 1 2 0 1 #timing (1339 1322) ps  polarity 1
net 353: (14 5)->(14 5) 0 0 0 1 #timing (1467 1493) ps  polarity 0
net 355: (21 27)->(20 26) 0 3 0 0 #timing (702 702) ps polarity 1
net 355: (20 26)->(22 24) 1 3 0 0 #timing (885 850) ps polarity 0
net 355: (22 24)->(18 24) 4 2 0 0 #timing (1151 1192) ps polarity 0
net 355: (18 24)->(14 24) 4 5 0 1 #timing (1469 1472) ps  polarity 0
net 355: (14 24)->(14 20) 3 4 0 1 #timing (1834 1745) ps  polarity 0
net 355: (14 20)->(12 20) 1 2 0 1 #timing (1987 1888) ps  polarity 1
net 355: (12 20)->(13 21) 0 3 0 1 #timing (2016 2129) ps  polarity 0
net 355: (18 24)->(18 24) 5 0 1 0 #timing (1284 1346) ps polarity 1
net 355: (18 24)->(3 24) 13 2 1 0 #timing (1958 1785) ps polarity 0
net 355: (3 24)->(11 16) 5 3 0 1 #timing (2684 2495) ps  polarity 0
net 355: (11 16)->(11 20) 3 1 0 1 #timing (3101 2821) ps  polarity 1
net 355: (11 20)->(11 20) 1 0 0 1 #timing (3201 2926) ps  polarity 0
net 355: (11 20)->(10 21) 0 3 0 1 #timing (3072 3326) ps  polarity 1
net 355: (11 20)->(11 22) 1 1 0 1 #timing (3255 2966) ps  polarity 0
net 355: (11 22)->(11 23) 0 1 0 1 #timing (3127 3413) ps  polarity 1
net 356: (17 5)->(17 4) 0 1 0 0 #timing (157 157) ps polarity 1
net 356: (17 4)->(17 4) 1 0 0 0 #timing (236 237) ps polarity 0
net 356: (17 4)->(17 8) 3 4 0 1 #timing (635 541) ps  polarity 0
net 356: (17 8)->(17 10) 1 1 0 1 #timing (778 676) ps  polarity 1
net 356: (17 10)->(16 11) 0 3 0 1 #timing (831 928) ps  polarity 0
net 356: (17 4)->(13 4) 4 5 0 0 #timing (497 466) ps polarity 0
net 356: (13 4)->(13 4) 1 0 1 1 #timing (672 674) ps  polarity 1
net 356: (13 4)->(13 5) 0 1 0 1 #timing (838 807) ps  polarity 0
net 356: (13 4)->(15 4) 1 2 0 1 #timing (733 716) ps  polarity 1
net 356: (15 4)->(15 5) 0 1 0 1 #timing (894 906) ps  polarity 0
net 357: (12 9)->(12 8) 0 1 0 0 #timing (736 736) ps polarity 1
net 357: (12 8)->(12 8) 1 0 0 0 #timing (822 820) ps polarity 0
net 357: (12 8)->(12 4) 3 4 0 1 #timing (1248 1138) ps  polarity 0
net 357: (12 4)->(12 4) 1 0 0 1 #timing (1341 1238) ps  polarity 1
net 357: (12 4)->(13 5) 0 3 0 1 #timing (1377 1463) ps  polarity 0
net 357: (12 8)->(14 8) 1 2 0 0 #timing (880 858) ps polarity 0
net 357: (14 8)->(14 4) 3 4 0 0 #timing (1148 1153) ps polarity 0
net 357: (14 4)->(14 4) 1 0 0 1 #timing (1358 1331) ps  polarity 1
net 357: (14 4)->(15 5) 0 3 0 1 #timing (1471 1482) ps  polarity 0
net 357: (12 9)->(13 9) 0 2 0 0 #timing (738 738) ps polarity 1
net 357: (13 9)->(13 11) 1 1 0 0 #timing (850 844) ps polarity 0
net 357: (13 11)->(13 11) 1 0 1 1 #timing (1080 1052) ps  polarity 1
net 357: (13 11)->(12 10) 0 3 0 1 #timing (1174 1192) ps  polarity 0
net 358: (13 5)->(13 4) 0 1 0 0 #timing (157 157) ps polarity 1
net 358: (13 4)->(13 4) 1 0 0 0 #timing (235 236) ps polarity 0
net 358: (13 4)->(13 8) 3 4 0 1 #timing (625 537) ps  polarity 0
net 358: (13 8)->(13 8) 1 0 0 1 #timing (723 640) ps  polarity 1
net 358: (13 8)->(13 9) 0 1 0 1 #timing (786 848) ps  polarity 0
net 358: (13 5)->(12 5) 0 2 0 0 #timing (172 172) ps polarity 1
net 358: (12 5)->(12 7) 1 1 0 0 #timing (297 283) ps polarity 0
net 358: (12 7)->(16 7) 4 5 0 0 #timing (558 569) ps polarity 0
net 358: (16 7)->(16 5) 1 1 0 1 #timing (810 761) ps  polarity 1
net 358: (16 5)->(17 5) 0 2 0 1 #timing (873 942) ps  polarity 0
net 358: (13 5)->(12 4) 0 3 0 0 #timing (180 180) ps polarity 1
net 358: (12 4)->(12 4) 1 0 0 0 #timing (264 265) ps polarity 0
net 358: (12 4)->(12 8) 3 4 0 0 #timing (557 500) ps polarity 0
net 358: (12 8)->(16 8) 4 5 0 0 #timing (876 787) ps polarity 0
net 358: (16 8)->(16 8) 1 0 1 1 #timing (988 1049) ps  polarity 1
net 358: (16 8)->(16 9) 0 1 0 1 #timing (1167 1099) ps  polarity 0
net 359: (20 26)->(20 27) 0 1 0 0 #timing (183 183) ps polarity 1
net 359: (20 27)->(20 27) 1 0 0 0 #timing (263 264) ps polarity 0
net 359: (20 27)->(20 27) 5 0 1 0 #timing (369 385) ps polarity 1
net 359: (20 27)->(4 27) 13 2 0 0 #timing (1035 903) ps polarity 0
net 359: (4 27)->(4 27) 5 0 0 1 #timing (1274 1156) ps  polarity 0
net 359: (4 27)->(8 27) 4 5 0 1 #timing (1714 1508) ps  polarity 1
net 359: (8 27)->(8 23) 3 4 0 1 #timing (2046 1764) ps  polarity 1
net 359: (8 23)->(10 23) 1 2 0 1 #timing (2166 1882) ps  polarity 0
net 359: (10 23)->(11 23) 0 2 0 1 #timing (2011 2290) ps  polarity 1
net 359: (8 23)->(10 21) 1 3 0 1 #timing (2202 1907) ps  polarity 0
net 359: (10 21)->(10 21) 0 0 0 1 #timing (2051 2352) ps  polarity 1
net 359: (20 26)->(21 27) 0 3 0 0 #timing (191 191) ps polarity 1
net 359: (21 27)->(21 27) 1 0 0 0 #timing (278 279) ps polarity 0
net 359: (21 27)->(17 27) 4 2 0 0 #timing (544 510) ps polarity 0
net 359: (17 27)->(17 27) 5 0 0 0 #timing (675 657) ps polarity 1
net 359: (17 27)->(17 19) 5 1 0 1 #timing (1021 1007) ps  polarity 0
net 359: (17 19)->(13 19) 4 5 0 1 #timing (1304 1247) ps  polarity 0
net 359: (13 19)->(13 15) 3 4 0 1 #timing (1628 1500) ps  polarity 0
net 359: (13 15)->(13 15) 1 0 0 1 #timing (1720 1599) ps  polarity 1
net 359: (13 15)->(13 14) 0 1 0 1 #timing (1712 1828) ps  polarity 0
net 360: (12 21)->(12 21) 0 0 0 0 #timing (191 191) ps polarity 0
net 360: (12 21)->(12 21) 1 0 0 0 #timing (262 268) ps polarity 1
net 360: (12 21)->(12 21) 1 0 1 1 #timing (465 438) ps  polarity 0
net 360: (12 21)->(13 21) 0 2 0 1 #timing (547 571) ps  polarity 1
net 361: (5 7)->(5 7) 0 0 0 0 #timing (204 204) ps polarity 0
net 361: (5 7)->(5 7) 1 0 0 0 #timing (279 278) ps polarity 1
net 361: (5 7)->(5 3) 3 1 0 0 #timing (558 505) ps polarity 1
net 361: (5 3)->(7 3) 1 2 0 1 #timing (815 712) ps  polarity 0
net 361: (7 3)->(7 2) 0 1 0 1 #timing (838 949) ps  polarity 1
net 361: (5 3)->(9 3) 4 5 0 0 #timing (927 829) ps polarity 1
net 361: (9 3)->(11 3) 1 2 0 1 #timing (1066 1128) ps  polarity 0
net 361: (11 3)->(11 3) 0 0 0 1 #timing (1230 1200) ps  polarity 1
net 361: (11 3)->(11 2) 0 1 0 1 #timing (1254 1215) ps  polarity 1
net 361: (11 3)->(10 2) 0 3 0 1 #timing (1248 1214) ps  polarity 1
net 361: (5 3)->(5 3) 5 0 0 0 #timing (690 647) ps polarity 0
net 361: (5 3)->(13 3) 5 2 0 1 #timing (1069 1016) ps  polarity 1
net 361: (13 3)->(13 1) 1 1 0 1 #timing (1265 1272) ps  polarity 0
net 361: (13 1)->(12 0) 0 3 0 1 #timing (1420 1412) ps  polarity 1
net 361: (5 7)->(5 7) 5 0 1 0 #timing (384 401) ps polarity 0
net 361: (5 7)->(5 15) 5 1 0 1 #timing (707 731) ps  polarity 1
net 361: (5 15)->(9 15) 4 5 0 1 #timing (1089 1051) ps  polarity 1
net 361: (9 15)->(9 13) 1 1 0 1 #timing (1318 1247) ps  polarity 0
net 361: (9 13)->(9 12) 0 1 0 1 #timing (1362 1447) ps  polarity 1
net 361: (9 15)->(9 19) 3 4 0 1 #timing (1377 1297) ps  polarity 1
net 361: (9 19)->(11 19) 1 2 0 1 #timing (1569 1467) ps  polarity 0
net 361: (11 19)->(10 19) 0 2 0 1 #timing (1630 1742) ps  polarity 1
net 361: (5 7)->(13 7) 5 2 0 1 #timing (779 781) ps  polarity 1
net 361: (13 7)->(13 7) 1 0 0 1 #timing (981 947) ps  polarity 0
net 361: (13 7)->(12 7) 0 2 0 1 #timing (1079 1100) ps 
net 361: (13 7)->(12 6) 0 3 0 1 #timing (1090 1105) ps  polarity 1
net 361: (13 7)->(13 7) 1 0 1 1 #timing (981 947) ps  polarity 0
net 361: (13 7)->(12 7) 0 2 0 1 #timing (1079 1100) ps  polarity 1
net 361: (13 7)->(12 6) 0 3 0 1 #timing (970 985) ps 
net 361: (13 7)->(15 7) 1 2 0 1 #timing (1021 974) ps  polarity 0
net 361: (15 7)->(14 6) 0 3 0 1 #timing (1128 1171) ps  polarity 1
net 361: (13 7)->(17 7) 4 5 0 1 #timing (1080 1039) ps  polarity 1
net 361: (17 7)->(17 7) 1 0 1 1 #timing (1269 1203) ps  polarity 0
net 361: (17 7)->(16 6) 0 3 0 1 #timing (1348 1393) ps  polarity 1
net 361: (17 7)->(19 7) 1 2 0 1 #timing (1317 1237) ps  polarity 0
net 361: (19 7)->(18 6) 0 3 0 1 #timing (1392 1472) ps  polarity 1
net 361: (5 7)->(13 15) 5 3 0 1 #timing (966 993) ps  polarity 0
net 361: (13 15)->(13 19) 3 4 0 1 #timing (1345 1286) ps  polarity 1
net 361: (13 19)->(15 19) 1 2 0 1 #timing (1504 1429) ps  polarity 0
net 361: (15 19)->(14 19) 0 2 0 1 #timing (1571 1649) ps  polarity 1
net 361: (13 15)->(17 15) 4 5 0 1 #timing (1314 1258) ps  polarity 1
net 361: (17 15)->(17 13) 1 1 0 1 #timing (1547 1453) ps  polarity 0
net 361: (17 13)->(16 12) 0 3 0 1 #timing (1601 1696) ps  polarity 1
net 361: (17 15)->(17 19) 3 4 0 1 #timing (1597 1491) ps  polarity 1
net 361: (17 19)->(19 19) 1 2 0 1 #timing (1756 1635) ps  polarity 0
net 361: (19 19)->(18 19) 0 2 0 1 #timing (1776 1899) ps  polarity 1
net 361: (5 7)->(5 23) 13 1 0 0 #timing (1036 896) ps polarity 1
net 361: (5 23)->(5 23) 5 0 0 1 #timing (1270 1138) ps  polarity 1
net 361: (5 23)->(9 23) 4 5 0 1 #timing (1686 1485) ps  polarity 0
net 361: (9 23)->(9 27) 3 4 0 1 #timing (2014 1746) ps  polarity 0
net 361: (9 27)->(11 25) 1 3 0 1 #timing (2249 1945) ps  polarity 1
net 361: (11 25)->(10 24) 0 3 0 1 #timing (2075 2415) ps  polarity 0
net 361: (5 23)->(13 23) 5 2 0 1 #timing (1511 1341) ps  polarity 0
net 361: (13 23)->(13 27) 3 4 0 1 #timing (1749 1814) ps  polarity 0
net 361: (13 27)->(15 25) 1 3 0 1 #timing (1949 1980) ps  polarity 1
net 361: (15 25)->(14 24) 0 3 0 1 #timing (2141 2123) ps  polarity 0
net 361: (13 23)->(17 23) 4 5 0 1 #timing (1832 1602) ps  polarity 0
net 361: (17 23)->(17 27) 3 4 0 1 #timing (2132 1844) ps  polarity 0
net 361: (17 27)->(19 25) 1 3 0 1 #timing (2314 2004) ps  polarity 1
net 361: (19 25)->(18 24) 0 3 0 1 #timing (2159 2476) ps  polarity 0
net 361: (5 23)->(20 23) 13 2 1 0 #timing (1531 1577) ps polarity 0
net 361: (20 23)->(20 23) 5 0 0 1 #timing (1783 1841) ps  polarity 0
net 361: (20 23)->(24 23) 4 5 0 1 #timing (2208 2178) ps  polarity 1
net 361: (24 23)->(24 27) 3 4 0 1 #timing (2529 2425) ps  polarity 1
net 361: (24 27)->(24 25) 1 1 0 1 #timing (2678 2565) ps  polarity 0
net 361: (24 25)->(24 24) 0 1 0 1 #timing (2697 2821) ps  polarity 1
net 361: (5 7)->(21 7) 13 2 0 0 #timing (1042 902) ps polarity 1
net 361: (21 7)->(21 7) 5 0 1 1 #timing (1281 1153) ps  polarity 1
net 361: (21 7)->(21 7) 1 0 0 1 #timing (1422 1292) ps  polarity 1
net 361: (21 7)->(20 6) 0 3 0 1 #timing (1433 1544) ps  polarity 0
net 361: (21 7)->(23 7) 1 2 0 1 #timing (1471 1325) ps  polarity 1
net 361: (23 7)->(22 6) 0 3 0 1 #timing (1475 1613) ps  polarity 0
net 361: (21 7)->(21 15) 5 1 0 1 #timing (1526 1363) ps  polarity 0
net 361: (21 15)->(23 13) 1 3 0 1 #timing (1647 1752) ps  polarity 1
net 361: (23 13)->(22 13) 0 2 0 1 #timing (1892 1800) ps  polarity 0
net 361: (23 13)->(22 12) 0 3 0 1 #timing (1905 1808) ps  polarity 0
net 361: (21 15)->(21 19) 3 4 0 1 #timing (1742 1821) ps  polarity 0
net 361: (21 19)->(23 19) 1 2 0 1 #timing (1881 1951) ps  polarity 1
net 361: (23 19)->(22 19) 0 2 0 1 #timing (2090 2016) ps  polarity 0
net 361: (21 15)->(25 15) 4 5 0 1 #timing (1868 1647) ps  polarity 0
net 361: (25 15)->(25 13) 1 1 0 1 #timing (2093 1838) ps  polarity 1
net 361: (25 13)->(24 13) 0 2 0 1 #timing (1927 2201) ps  polarity 0
net 361: (25 15)->(25 19) 3 4 0 1 #timing (2179 1909) ps  polarity 0
net 361: (25 19)->(25 19) 1 0 1 1 #timing (2304 2034) ps  polarity 1
net 361: (25 19)->(24 19) 0 2 0 1 #timing (2178 2430) ps  polarity 0
net 361: (25 19)->(27 19) 1 2 0 1 #timing (2388 2094) ps  polarity 1
net 361: (27 19)->(26 18) 0 3 0 1 #timing (2250 2556) ps  polarity 0
net 361: (21 7)->(21 22) 13 1 1 0 #timing (1570 1612) ps polarity 0
net 361: (21 22)->(21 22) 5 0 0 1 #timing (1791 1847) ps  polarity 0
net 361: (21 22)->(21 26) 3 4 0 1 #timing (2125 2120) ps  polarity 1
net 361: (21 26)->(21 24) 1 1 0 1 #timing (2294 2270) ps  polarity 0
net 361: (21 24)->(20 25) 0 3 0 1 #timing (2425 2444) ps  polarity 1
net 361: (5 7)->(20 7) 13 2 1 0 #timing (1053 912) ps polarity 1
net 361: (20 7)->(20 15) 5 1 0 1 #timing (1546 1384) ps  polarity 0
net 361: (20 15)->(20 13) 1 1 0 1 #timing (1643 1753) ps  polarity 1
net 361: (20 13)->(20 13) 0 0 0 1 #timing (1878 1780) ps  polarity 0
net 361: (20 15)->(20 19) 3 4 0 1 #timing (1778 1848) ps  polarity 0
net 361: (20 19)->(20 19) 1 0 1 1 #timing (1873 1947) ps  polarity 1
net 361: (20 19)->(20 19) 0 0 0 1 #timing (2083 1994) ps  polarity 0
net 361: (20 19)->(20 18) 0 1 0 1 #timing (2088 1995) ps  polarity 0
net 361: (20 15)->(24 15) 4 5 0 1 #timing (1915 1667) ps  polarity 0
net 361: (24 15)->(26 13) 1 3 0 1 #timing (2204 1889) ps  polarity 1
net 361: (26 13)->(26 13) 0 0 0 1 #timing (2008 2337) ps  polarity 0
net 361: (26 13)->(26 12) 0 1 0 1 #timing (2021 2346) ps  polarity 0
net 361: (5 7)->(4 7) 0 2 0 0 #timing (221 221) ps polarity 0
net 361: (4 7)->(4 5) 1 1 0 0 #timing (341 332) ps polarity 1
net 361: (4 5)->(4 5) 5 0 0 0 #timing (441 481) ps polarity 0
net 361: (4 5)->(4 20) 13 1 1 0 #timing (1050 907) ps polarity 1
net 361: (4 20)->(12 20) 5 2 0 1 #timing (1520 1349) ps  polarity 0
net 361: (12 20)->(12 24) 3 4 0 1 #timing (1756 1826) ps  polarity 0
net 361: (12 24)->(12 24) 1 0 0 1 #timing (1856 1931) ps  polarity 1
net 361: (12 24)->(12 24) 0 0 0 1 #timing (2061 1974) ps  polarity 0
net 361: (12 20)->(16 20) 4 5 0 1 #timing (1911 1655) ps  polarity 0
net 361: (16 20)->(16 24) 3 4 0 1 #timing (2200 1891) ps  polarity 0
net 361: (16 24)->(16 24) 1 0 1 1 #timing (2297 1993) ps  polarity 1
net 361: (16 24)->(16 24) 0 0 0 1 #timing (2122 2414) ps  polarity 0
net 361: (4 20)->(20 20) 13 2 0 0 #timing (1607 1647) ps polarity 0
net 361: (20 20)->(20 20) 5 0 1 1 #timing (1879 1930) ps  polarity 0
net 361: (20 20)->(20 24) 3 4 0 1 #timing (2224 2208) ps  polarity 1
net 361: (20 24)->(20 24) 1 0 1 1 #timing (2324 2310) ps  polarity 0
net 361: (20 24)->(20 24) 0 0 0 1 #timing (2439 2441) ps  polarity 1
net 361: (5 7)->(4 6) 0 3 0 0 #timing (202 202) ps polarity 0
net 361: (4 6)->(6 6) 1 2 0 0 #timing (340 330) ps polarity 1
net 361: (6 6)->(6 6) 5 0 0 0 #timing (449 497) ps polarity 0
net 361: (6 6)->(6 14) 5 1 0 1 #timing (806 854) ps  polarity 1
net 361: (6 14)->(10 14) 4 5 0 1 #timing (1119 1110) ps  polarity 1
net 361: (10 14)->(10 18) 3 4 0 1 #timing (1402 1336) ps  polarity 1
net 361: (10 18)->(8 18) 1 2 0 1 #timing (1523 1454) ps  polarity 0
net 361: (8 18)->(8 18) 0 0 0 1 #timing (1587 1652) ps  polarity 1
net 362: (14 18)->(14 18) 0 0 0 0 #timing (191 191) ps polarity 0
net 362: (14 18)->(14 18) 1 0 0 0 #timing (262 266) ps polarity 1
net 362: (14 18)->(14 16) 1 1 0 1 #timing (513 469) ps  polarity 0
net 362: (14 16)->(15 17) 0 3 0 1 #timing (589 644) ps  polarity 1
net 365: (18 13)->(18 13) 0 0 0 0 #timing (186 186) ps polarity 0
net 365: (18 13)->(18 15) 1 1 0 0 #timing (288 285) ps polarity 1
net 365: (18 15)->(18 15) 1 0 1 1 #timing (509 482) ps  polarity 0
net 365: (18 15)->(19 15) 0 2 0 1 #timing (593 616) ps  polarity 1
net 366: (18 14)->(19 14) 0 2 0 0 #timing (180 180) ps polarity 1
net 366: (19 14)->(19 14) 1 0 0 0 #timing (261 262) ps polarity 0
net 366: (19 14)->(19 14) 1 0 1 1 #timing (464 433) ps  polarity 1
net 366: (19 14)->(19 15) 0 1 0 1 #timing (580 589) ps  polarity 0
net 376: (16 9)->(16 8) 0 1 0 0 #timing (198 198) ps polarity 0
net 376: (16 8)->(18 8) 1 2 0 0 #timing (338 317) ps polarity 1
net 376: (18 8)->(16 8) 1 2 0 1 #timing (606 551) ps  polarity 0
net 376: (16 8)->(16 8) 0 0 0 1 #timing (665 736) ps  polarity 1
net 377: (17 9)->(16 9) 0 2 0 0 #timing (183 183) ps polarity 0
net 377: (16 9)->(16 9) 1 0 0 0 #timing (262 266) ps polarity 1
net 377: (16 9)->(16 9) 1 0 1 1 #timing (467 437) ps  polarity 0
net 377: (16 9)->(16 8) 0 1 0 1 #timing (566 584) ps  polarity 1
net 382: (21 17)->(21 17) 0 0 0 0 #timing (182 182) ps polarity 1
net 382: (21 17)->(23 17) 1 2 0 0 #timing (302 290) ps polarity 0
net 382: (23 17)->(19 17) 4 2 0 0 #timing (541 553) ps polarity 0
net 382: (19 17)->(19 21) 3 1 0 1 #timing (974 868) ps  polarity 0
net 382: (19 21)->(19 23) 1 1 0 1 #timing (1113 1001) ps  polarity 1
net 382: (19 23)->(19 23) 0 0 0 1 #timing (1114 1246) ps  polarity 0
net 385: (5 1)->(5 1) 0 0 0 0 #timing (762 762) ps polarity 1
net 385: (5 1)->(7 3) 1 3 0 0 #timing (899 876) ps polarity 0
net 385: (7 3)->(7 3) 1 0 0 1 #timing (1136 1095) ps  polarity 1
net 385: (7 3)->(7 3) 0 0 0 1 #timing (1178 1227) ps  polarity 0
net 385: (7 3)->(6 2) 0 3 0 1 #timing (1196 1238) ps  polarity 0
net 385: (7 3)->(5 3) 1 2 0 1 #timing (1174 1123) ps  polarity 1
net 385: (5 3)->(5 2) 0 1 0 1 #timing (1236 1299) ps  polarity 0
net 385: (7 3)->(5 1) 1 3 0 1 #timing (1210 1142) ps  polarity 1
net 385: (5 1)->(5 0) 0 1 0 1 #timing (1268 1361) ps  polarity 0
net 387: (24 12)->(25 13) 0 3 0 0 #timing (199 199) ps polarity 0
net 387: (25 13)->(27 13) 1 2 0 0 #timing (315 310) ps polarity 1
net 387: (27 13)->(27 9) 3 1 0 0 #timing (594 586) ps polarity 1
net 387: (27 9)->(27 9) 5 0 1 0 #timing (722 726) ps polarity 0
net 387: (27 9)->(19 9) 5 2 0 1 #timing (1087 1087) ps  polarity 1
net 387: (19 9)->(17 9) 1 2 0 1 #timing (1347 1292) ps  polarity 0
net 387: (17 9)->(17 8) 0 1 0 1 #timing (1423 1496) ps  polarity 1
net 388: (16 7)->(16 6) 0 1 0 0 #timing (189 189) ps polarity 0
net 388: (16 6)->(16 6) 1 0 0 0 #timing (277 280) ps polarity 1
net 388: (16 6)->(16 6) 1 0 0 1 #timing (481 450) ps  polarity 0
net 388: (16 6)->(17 7) 0 3 0 1 #timing (571 593) ps  polarity 1
net 389: (25 12)->(24 12) 0 2 0 0 #timing (190 190) ps polarity 0
net 389: (24 12)->(24 12) 1 0 0 0 #timing (267 270) ps polarity 1
net 389: (24 12)->(20 12) 4 5 0 0 #timing (617 546) ps polarity 1
net 389: (20 12)->(16 12) 4 2 0 1 #timing (868 784) ps  polarity 1
net 389: (16 12)->(16 8) 3 1 0 1 #timing (1161 1021) ps  polarity 1
net 389: (16 8)->(16 8) 1 0 0 1 #timing (1254 1121) ps  polarity 0
net 389: (16 8)->(17 8) 0 2 0 1 #timing (1260 1377) ps  polarity 1
net 391: (18 6)->(18 6) 0 0 0 0 #timing (191 191) ps polarity 0
net 391: (18 6)->(18 6) 1 0 0 0 #timing (262 266) ps polarity 1
net 391: (18 6)->(18 6) 5 0 0 0 #timing (368 380) ps polarity 0
net 391: (18 6)->(18 14) 5 1 0 1 #timing (699 714) ps  polarity 1
net 391: (18 14)->(18 14) 1 0 1 1 #timing (918 868) ps  polarity 0
net 391: (18 14)->(18 14) 0 0 0 1 #timing (973 1019) ps  polarity 1
net 392: (12 10)->(12 10) 0 0 0 0 #timing (190 190) ps polarity 0
net 392: (12 10)->(14 8) 1 3 0 0 #timing (358 326) ps polarity 1
net 392: (14 8)->(14 12) 3 1 0 0 #timing (611 634) ps polarity 1
net 392: (14 12)->(18 12) 4 5 0 0 #timing (901 902) ps polarity 1
net 392: (18 12)->(18 12) 1 0 0 1 #timing (1097 1072) ps  polarity 0
net 392: (18 12)->(19 13) 0 3 0 1 #timing (1183 1203) ps  polarity 1
net 394: (18 15)->(19 15) 0 2 0 0 #timing (203 203) ps polarity 0
net 394: (19 15)->(19 15) 1 0 0 0 #timing (280 284) ps polarity 1
net 394: (19 15)->(15 15) 4 5 0 0 #timing (542 507) ps polarity 1
net 394: (15 15)->(11 15) 4 2 0 1 #timing (801 754) ps  polarity 1
net 394: (11 15)->(11 15) 1 0 1 1 #timing (990 919) ps  polarity 0
net 394: (11 15)->(11 14) 0 1 0 1 #timing (1035 1099) ps  polarity 1
net 395: (17 7)->(17 6) 0 1 0 0 #timing (202 202) ps polarity 0
net 395: (17 6)->(19 6) 1 2 0 0 #timing (346 327) ps polarity 1
net 395: (19 6)->(15 6) 4 5 0 0 #timing (587 606) ps polarity 1
net 395: (15 6)->(15 6) 5 0 0 0 #timing (715 749) ps polarity 0
net 395: (15 6)->(15 14) 5 1 0 1 #timing (1047 1085) ps  polarity 1
net 395: (15 14)->(11 14) 4 2 0 1 #timing (1307 1312) ps  polarity 1
net 395: (11 14)->(11 14) 1 0 1 1 #timing (1497 1478) ps  polarity 0
net 395: (11 14)->(11 14) 0 0 0 1 #timing (1611 1616) ps  polarity 1
net 395: (11 14)->(11 12) 1 1 0 1 #timing (1547 1513) ps  polarity 0
net 395: (11 12)->(10 13) 0 3 0 1 #timing (1670 1704) ps  polarity 1
net 396: (18 21)->(19 20) 0 3 0 0 #timing (209 209) ps polarity 0
net 396: (19 20)->(19 20) 1 0 0 0 #timing (297 297) ps polarity 1
net 396: (19 20)->(19 20) 1 0 1 1 #timing (500 468) ps  polarity 0
net 396: (19 20)->(18 20) 0 2 0 1 #timing (590 613) ps  polarity 1
net 397: (19 21)->(18 20) 0 3 0 0 #timing (199 199) ps polarity 0
net 397: (18 20)->(18 20) 1 0 0 0 #timing (291 290) ps polarity 1
net 397: (18 20)->(18 20) 1 0 0 1 #timing (495 461) ps  polarity 0
net 397: (18 20)->(18 20) 0 0 0 1 #timing (566 596) ps  polarity 1
net 401: (7 7)->(7 6) 0 1 0 0 #timing (911 911) ps polarity 1
net 401: (7 6)->(7 6) 1 0 0 0 #timing (1015 1013) ps polarity 0
net 401: (7 6)->(7 6) 1 0 1 1 #timing (1222 1185) ps  polarity 1
net 401: (7 6)->(6 7) 0 3 0 1 #timing (1346 1356) ps  polarity 0
net 401: (7 7)->(6 6) 0 3 0 0 #timing (914 914) ps polarity 1
net 401: (6 6)->(4 6) 1 2 0 0 #timing (1055 1041) ps polarity 0
net 401: (4 6)->(4 10) 3 4 0 1 #timing (1503 1394) ps  polarity 0
net 401: (4 10)->(6 8) 1 3 0 1 #timing (1691 1556) ps  polarity 1
net 401: (6 8)->(6 9) 0 1 0 1 #timing (1683 1850) ps  polarity 0
net 402: (19 7)->(19 7) 0 0 0 0 #timing (204 204) ps polarity 0
net 402: (19 7)->(19 7) 1 0 0 0 #timing (279 278) ps polarity 1
net 402: (19 7)->(15 7) 4 5 0 0 #timing (542 510) ps polarity 1
net 402: (15 7)->(15 7) 5 0 0 0 #timing (672 655) ps polarity 0
net 402: (15 7)->(15 15) 5 1 0 1 #timing (1011 1000) ps  polarity 1
net 402: (15 15)->(15 15) 1 0 1 1 #timing (1208 1183) ps  polarity 0
net 402: (15 15)->(15 14) 0 1 0 1 #timing (1299 1317) ps  polarity 1
net 402: (15 15)->(15 13) 1 1 0 1 #timing (1257 1218) ps  polarity 0
net 402: (15 13)->(14 13) 0 2 0 1 #timing (1350 1397) ps  polarity 1
net 403: (16 15)->(16 15) 0 0 0 0 #timing (191 191) ps polarity 0
net 403: (16 15)->(16 15) 1 0 0 0 #timing (262 267) ps polarity 1
net 403: (16 15)->(12 15) 4 5 0 0 #timing (611 537) ps polarity 1
net 403: (12 15)->(14 15) 1 2 0 1 #timing (771 811) ps  polarity 0
net 403: (14 15)->(15 14) 0 3 0 1 #timing (985 950) ps  polarity 1
net 404: (4 8)->(4 8) 0 0 0 0 #timing (166 166) ps polarity 1
net 404: (4 8)->(4 8) 1 0 0 0 #timing (242 244) ps polarity 0
net 404: (4 8)->(4 12) 3 1 0 0 #timing (526 474) ps polarity 0
net 404: (4 12)->(4 12) 1 0 0 1 #timing (721 641) ps 
net 404: (4 12)->(4 12) 5 0 0 0 #timing (651 613) ps polarity 1
net 404: (4 12)->(12 12) 5 2 0 1 #timing (998 954) ps  polarity 0
net 404: (12 12)->(12 14) 1 1 0 1 #timing (1199 1197) ps  polarity 1
net 404: (12 14)->(13 15) 0 3 0 1 #timing (1324 1341) ps  polarity 0
net 404: (4 8)->(4 12) 3 1 0 1 #timing (623 539) ps  polarity 0
net 404: (4 12)->(4 12) 1 0 0 1 #timing (721 641) ps  polarity 1
net 404: (4 12)->(4 13) 0 1 0 1 #timing (788 847) ps  polarity 0
net 404: (4 8)->(4 4) 3 4 0 0 #timing (491 456) ps polarity 0
net 404: (4 4)->(4 6) 1 1 0 1 #timing (737 658) ps  polarity 1
net 404: (4 6)->(4 7) 0 1 0 1 #timing (765 861) ps  polarity 0
net 404: (4 4)->(6 6) 1 3 0 1 #timing (786 687) ps  polarity 1
net 404: (6 6)->(6 7) 0 1 0 1 #timing (818 950) ps  polarity 0
net 404: (4 8)->(0 8) 4 2 0 1 #timing (616 553) ps  polarity 0
net 404: (0 8)->(0 12) 3 1 0 1 #timing (863 764) ps  polarity 0
net 404: (0 12)->(2 12) 1 2 0 1 #timing (1011 901) ps  polarity 1
net 404: (2 12)->(2 12) 0 0 0 1 #timing (1013 1146) ps  polarity 0
net 404: (2 12)->(2 13) 0 1 0 1 #timing (1034 1159) ps  polarity 0
net 404: (4 8)->(8 8) 4 5 0 0 #timing (616 543) ps polarity 0
net 404: (8 8)->(8 10) 1 1 0 1 #timing (780 814) ps  polarity 1
net 404: (8 10)->(9 10) 0 2 0 1 #timing (936 915) ps  polarity 0
net 404: (8 8)->(8 12) 3 1 0 1 #timing (930 918) ps  polarity 0
net 404: (8 12)->(8 12) 1 0 0 1 #timing (1043 1032) ps  polarity 1
net 404: (8 12)->(8 13) 0 1 0 1 #timing (1218 1186) ps  polarity 0
net 404: (4 8)->(5 8) 0 2 0 0 #timing (180 180) ps polarity 1
net 404: (5 8)->(7 10) 1 3 0 0 #timing (342 309) ps polarity 0
net 404: (7 10)->(7 14) 3 1 0 0 #timing (656 652) ps polarity 0
net 404: (7 14)->(11 14) 4 5 0 1 #timing (1143 1024) ps  polarity 0
net 404: (11 14)->(11 18) 3 4 0 1 #timing (1438 1268) ps  polarity 0
net 404: (11 18)->(9 18) 1 2 0 1 #timing (1613 1424) ps  polarity 1
net 404: (9 18)->(8 19) 0 3 0 1 #timing (1581 1777) ps  polarity 0
net 405: (19 14)->(19 15) 0 1 0 0 #timing (174 174) ps polarity 1
net 405: (19 15)->(17 15) 1 2 0 0 #timing (308 292) ps polarity 0
net 405: (17 15)->(17 19) 3 4 0 0 #timing (602 592) ps polarity 0
net 405: (17 19)->(13 19) 4 5 0 0 #timing (915 867) ps polarity 0
net 405: (13 19)->(13 19) 5 0 0 0 #timing (1041 1011) ps polarity 1
net 405: (13 19)->(13 2) 13 1 1 0 #timing (1699 1595) ps polarity 0
net 405: (13 2)->(5 2) 5 2 0 1 #timing (2312 2160) ps  polarity 1
net 405: (5 2)->(5 2) 1 0 1 1 #timing (2365 2482) ps  polarity 0
net 405: (5 2)->(5 2) 0 0 0 1 #timing (2614 2483) ps  polarity 1
net 405: (17 15)->(13 15) 4 5 0 0 #timing (581 590) ps polarity 0
net 405: (13 15)->(13 15) 1 0 1 1 #timing (795 758) ps  polarity 1
net 405: (13 15)->(13 15) 0 0 0 1 #timing (859 897) ps  polarity 0
net 405: (13 15)->(9 15) 4 2 0 1 #timing (893 875) ps  polarity 0
net 405: (9 15)->(9 11) 3 1 0 1 #timing (1263 1171) ps  polarity 0
net 405: (9 11)->(9 11) 1 0 0 1 #timing (1375 1287) ps  polarity 1
net 405: (9 11)->(9 10) 0 1 0 1 #timing (1364 1460) ps  polarity 0
net 405: (13 15)->(13 15) 5 0 1 0 #timing (716 741) ps polarity 1
net 405: (13 15)->(5 7) 5 3 0 1 #timing (1439 1432) ps  polarity 1
net 405: (5 7)->(5 3) 3 1 0 1 #timing (1883 1777) ps  polarity 0
net 405: (5 3)->(5 3) 1 0 1 1 #timing (1977 1877) ps  polarity 1
net 405: (5 3)->(4 2) 0 3 0 1 #timing (2016 2099) ps  polarity 0
net 406: (18 9)->(18 9) 0 0 0 0 #timing (191 191) ps polarity 0
net 406: (18 9)->(18 11) 1 1 0 0 #timing (297 293) ps polarity 1
net 406: (18 11)->(18 9) 1 1 0 1 #timing (562 522) ps  polarity 0
net 406: (18 9)->(18 8) 0 1 0 1 #timing (642 693) ps  polarity 1
net 407: (19 9)->(19 9) 0 0 0 0 #timing (178 178) ps polarity 0
net 407: (19 9)->(17 9) 1 2 0 0 #timing (305 293) ps polarity 1
net 407: (17 9)->(19 9) 1 2 0 1 #timing (564 519) ps  polarity 0
net 407: (19 9)->(18 8) 0 3 0 1 #timing (664 708) ps  polarity 1
net 408: (26 18)->(27 18) 0 2 0 0 #timing (704 704) ps polarity 1
net 408: (27 18)->(27 16) 1 1 0 0 #timing (828 816) ps polarity 0
net 408: (27 16)->(27 12) 3 4 0 0 #timing (1074 1067) ps polarity 0
net 408: (27 12)->(27 8) 3 1 0 1 #timing (1490 1388) ps  polarity 0
net 408: (27 8)->(27 10) 1 1 0 1 #timing (1647 1529) ps  polarity 1
net 408: (27 10)->(27 11) 0 1 0 1 #timing (1688 1802) ps  polarity 0
net 408: (26 18)->(27 19) 0 3 0 0 #timing (674 674) ps polarity 1
net 408: (27 19)->(27 19) 1 0 0 0 #timing (762 765) ps polarity 0
net 408: (27 19)->(27 15) 3 4 0 1 #timing (1167 1072) ps  polarity 0
net 408: (27 15)->(27 15) 1 0 1 1 #timing (1262 1172) ps  polarity 1
net 408: (27 15)->(26 14) 0 3 0 1 #timing (1309 1382) ps  polarity 0
net 408: (27 19)->(23 19) 4 5 0 0 #timing (1136 1067) ps polarity 0
net 408: (23 19)->(23 15) 3 4 0 1 #timing (1585 1543) ps  polarity 0
net 408: (23 15)->(23 15) 1 0 1 1 #timing (1700 1661) ps  polarity 1
net 408: (23 15)->(22 15) 0 2 0 1 #timing (1742 1788) ps  polarity 0
net 409: (27 18)->(27 18) 0 0 0 0 #timing (661 661) ps polarity 1
net 409: (27 18)->(27 18) 1 0 0 0 #timing (734 739) ps polarity 0
net 409: (27 18)->(27 14) 3 4 0 0 #timing (979 940) ps polarity 0
net 409: (27 14)->(27 14) 1 0 0 1 #timing (1195 1122) ps  polarity 1
net 409: (27 14)->(27 15) 0 1 0 1 #timing (1269 1320) ps  polarity 0
net 409: (27 14)->(27 10) 3 1 0 1 #timing (1454 1298) ps  polarity 0
net 409: (27 10)->(27 10) 1 0 0 1 #timing (1545 1396) ps  polarity 1
net 409: (27 10)->(26 11) 0 3 0 1 #timing (1556 1678) ps  polarity 0
net 409: (27 14)->(23 14) 4 5 0 0 #timing (1375 1271) ps polarity 0
net 409: (23 14)->(23 14) 1 0 0 1 #timing (1480 1555) ps  polarity 1
net 409: (23 14)->(22 15) 0 3 0 1 #timing (1638 1568) ps  polarity 0
net 410: (26 17)->(26 17) 0 0 0 0 #timing (155 155) ps polarity 1
net 410: (26 17)->(26 19) 1 1 0 0 #timing (263 257) ps polarity 0
net 410: (26 19)->(26 15) 3 4 0 0 #timing (544 515) ps polarity 0
net 410: (26 15)->(24 15) 1 2 0 1 #timing (768 702) ps  polarity 1
net 410: (24 15)->(25 14) 0 3 0 1 #timing (864 909) ps  polarity 0
net 410: (26 15)->(22 15) 4 5 0 0 #timing (886 812) ps polarity 0
net 410: (22 15)->(22 15) 1 0 1 1 #timing (1010 1059) ps  polarity 1
net 410: (22 15)->(22 15) 0 0 0 1 #timing (1167 1115) ps  polarity 0
net 410: (26 17)->(26 16) 0 1 0 0 #timing (161 161) ps polarity 1
net 410: (26 16)->(26 18) 1 1 0 0 #timing (273 264) ps polarity 0
net 410: (26 18)->(26 14) 3 4 0 0 #timing (560 540) ps polarity 0
net 410: (26 14)->(26 14) 1 0 0 1 #timing (771 718) ps  polarity 1
net 410: (26 14)->(27 15) 0 3 0 1 #timing (834 880) ps  polarity 0
net 411: (23 14)->(22 14) 0 2 0 0 #timing (214 214) ps polarity 1
net 411: (22 14)->(22 14) 1 0 0 0 #timing (298 299) ps polarity 0
net 411: (22 14)->(22 14) 1 0 0 1 #timing (505 472) ps  polarity 1
net 411: (22 14)->(22 15) 0 1 0 1 #timing (585 613) ps  polarity 0
net 411: (22 14)->(22 10) 3 1 0 1 #timing (761 643) ps  polarity 0
net 411: (22 10)->(22 10) 1 0 0 1 #timing (863 750) ps  polarity 1
net 411: (22 10)->(22 11) 0 1 0 1 #timing (878 979) ps  polarity 0
net 411: (22 14)->(22 12) 1 1 0 0 #timing (351 333) ps polarity 0
net 411: (22 12)->(26 12) 4 5 0 0 #timing (625 624) ps polarity 0
net 411: (26 12)->(24 14) 1 3 0 1 #timing (914 853) ps  polarity 1
net 411: (24 14)->(25 14) 0 2 0 1 #timing (963 1046) ps  polarity 0
net 412: (16 20)->(16 20) 0 0 0 0 #timing (166 166) ps polarity 1
net 412: (16 20)->(16 22) 1 1 0 0 #timing (280 271) ps polarity 0
net 412: (16 22)->(16 18) 3 1 0 0 #timing (572 549) ps polarity 0
net 412: (16 18)->(16 18) 5 0 1 0 #timing (697 688) ps polarity 1
net 412: (16 18)->(1 18) 13 2 1 0 #timing (1314 1205) ps polarity 0
net 412: (1 18)->(1 3) 13 1 1 0 #timing (1847 1863) ps polarity 1
net 412: (1 3)->(9 11) 5 3 0 1 #timing (2559 2545) ps  polarity 1
net 412: (9 11)->(9 11) 1 0 1 1 #timing (2728 2704) ps  polarity 1
net 412: (9 11)->(8 10) 0 3 0 1 #timing (2791 2821) ps  polarity 0
net 413: (10 21)->(10 21) 0 0 0 0 #timing (726 726) ps polarity 1
net 413: (10 21)->(8 23) 1 3 0 0 #timing (855 841) ps polarity 0
net 413: (8 23)->(4 23) 4 5 0 0 #timing (1203 1192) ps polarity 0
net 413: (4 23)->(4 23) 5 0 0 0 #timing (1347 1350) ps polarity 1
net 413: (4 23)->(21 23) 13 2 1 0 #timing (2012 1877) ps polarity 0
net 413: (21 23)->(21 23) 5 0 1 1 #timing (2267 2143) ps  polarity 0
net 413: (21 23)->(21 27) 3 4 0 1 #timing (2623 2426) ps  polarity 1
net 413: (21 27)->(21 27) 1 0 1 1 #timing (2721 2528) ps  polarity 0
net 413: (21 27)->(21 27) 0 0 0 1 #timing (2629 2823) ps  polarity 1
net 413: (21 27)->(20 26) 0 3 0 1 #timing (2669 2844) ps  polarity 1
net 413: (10 21)->(11 20) 0 3 0 0 #timing (743 743) ps polarity 1
net 413: (11 20)->(11 20) 1 0 0 0 #timing (832 832) ps polarity 0
net 413: (11 20)->(11 16) 3 1 0 0 #timing (1106 1059) ps polarity 0
net 413: (11 16)->(9 16) 1 2 0 1 #timing (1395 1286) ps  polarity 1
net 413: (9 16)->(8 17) 0 3 0 1 #timing (1473 1583) ps  polarity 0
net 414: (16 17)->(17 17) 0 2 0 0 #timing (176 176) ps polarity 1
net 414: (17 17)->(17 17) 1 0 0 0 #timing (264 265) ps polarity 0
net 414: (17 17)->(17 17) 5 0 1 0 #timing (371 386) ps polarity 1
net 414: (17 17)->(0 17) 13 2 1 0 #timing (1092 939) ps polarity 0
net 414: (0 17)->(0 0) 13 1 1 0 #timing (1630 1686) ps polarity 1
net 414: (0 0)->(8 0) 5 2 0 1 #timing (2256 2263) ps  polarity 0
net 414: (8 0)->(10 2) 1 3 0 1 #timing (2539 2476) ps  polarity 1
net 414: (10 2)->(11 3) 0 3 0 1 #timing (2628 2693) ps  polarity 0
net 415: (4 5)->(4 5) 0 0 0 0 #timing (155 155) ps polarity 1
net 415: (4 5)->(4 7) 1 1 0 0 #timing (263 256) ps polarity 0
net 415: (4 7)->(8 7) 4 5 0 1 #timing (749 643) ps  polarity 0
net 415: (8 7)->(8 11) 3 4 0 1 #timing (1062 893) ps  polarity 0
net 415: (8 11)->(8 11) 1 0 1 1 #timing (1174 1005) ps  polarity 1
net 415: (8 11)->(8 11) 0 0 0 1 #timing (1136 1292) ps  polarity 0
net 415: (4 5)->(4 4) 0 1 0 0 #timing (161 161) ps polarity 1
net 415: (4 4)->(4 4) 1 0 0 0 #timing (239 241) ps polarity 0
net 415: (4 4)->(4 4) 1 0 1 1 #timing (442 410) ps  polarity 1
net 415: (4 4)->(5 5) 0 3 0 1 #timing (552 566) ps  polarity 0
net 415: (4 4)->(4 0) 3 1 0 0 #timing (539 479) ps polarity 0
net 415: (4 0)->(4 0) 1 0 1 1 #timing (756 659) ps  polarity 1
net 415: (4 0)->(5 1) 0 3 0 1 #timing (779 867) ps  polarity 0
net 415: (4 4)->(4 4) 5 0 0 0 #timing (343 357) ps polarity 1
net 415: (4 4)->(4 12) 5 1 0 1 #timing (716 725) ps  polarity 0
net 415: (4 12)->(4 16) 3 4 0 1 #timing (1109 1015) ps  polarity 0
net 415: (4 16)->(6 18) 1 3 0 1 #timing (1277 1164) ps  polarity 1
net 415: (6 18)->(7 18) 0 2 0 1 #timing (1317 1460) ps  polarity 0
net 415: (4 5)->(5 5) 0 2 0 0 #timing (174 174) ps polarity 1
net 415: (5 5)->(5 5) 1 0 0 0 #timing (261 263) ps polarity 0
net 415: (5 5)->(5 9) 3 4 0 0 #timing (612 532) ps polarity 0
net 415: (5 9)->(9 9) 4 5 0 0 #timing (1011 878) ps polarity 0
net 415: (9 9)->(9 9) 1 0 1 1 #timing (1072 1180) ps  polarity 1
net 415: (9 9)->(8 9) 0 2 0 1 #timing (1261 1160) ps  polarity 0
net 415: (5 5)->(5 5) 5 0 0 0 #timing (365 379) ps polarity 1
net 415: (5 5)->(13 13) 5 3 0 1 #timing (944 960) ps  polarity 1
net 415: (13 13)->(13 15) 1 1 0 1 #timing (1160 1153) ps  polarity 1
net 415: (13 15)->(12 15) 0 2 0 1 #timing (1296 1308) ps  polarity 0
net 415: (5 5)->(7 7) 1 3 0 0 #timing (342 311) ps polarity 0
net 415: (7 7)->(7 3) 3 1 0 0 #timing (652 657) ps polarity 0
net 415: (7 3)->(7 3) 1 0 1 1 #timing (872 840) ps  polarity 1
net 415: (7 3)->(6 3) 0 2 0 1 #timing (920 960) ps  polarity 0
net 415: (7 3)->(11 3) 4 5 0 0 #timing (1020 971) ps polarity 0
net 415: (11 3)->(11 3) 1 0 1 1 #timing (1180 1199) ps  polarity 1
net 415: (11 3)->(10 3) 0 2 0 1 #timing (1322 1294) ps  polarity 0
net 416: (14 6)->(14 6) 0 0 0 0 #timing (704 704) ps polarity 1
net 416: (14 6)->(12 4) 1 3 0 0 #timing (859 832) ps polarity 0
net 416: (12 4)->(12 8) 3 4 0 1 #timing (1269 1168) ps  polarity 0
net 416: (12 8)->(12 8) 1 0 1 1 #timing (1365 1268) ps  polarity 1
net 416: (12 8)->(12 9) 0 1 0 1 #timing (1390 1478) ps  polarity 0
net 416: (12 4)->(16 4) 4 5 0 0 #timing (1142 1170) ps polarity 0
net 416: (16 4)->(16 4) 1 0 0 1 #timing (1367 1313) ps  polarity 1
net 416: (16 4)->(17 5) 0 3 0 1 #timing (1450 1489) ps  polarity 0
net 416: (14 6)->(14 7) 0 1 0 0 #timing (678 678) ps polarity 1
net 416: (14 7)->(14 5) 1 1 0 0 #timing (811 794) ps polarity 0
net 416: (14 5)->(14 9) 3 4 0 0 #timing (1098 1076) ps polarity 0
net 416: (14 9)->(18 9) 4 5 0 0 #timing (1395 1351) ps polarity 0
net 416: (18 9)->(18 9) 1 0 1 1 #timing (1549 1567) ps  polarity 1
net 416: (18 9)->(18 9) 0 0 0 1 #timing (1682 1659) ps  polarity 0
net 417: (15 5)->(15 5) 0 0 0 0 #timing (156 156) ps polarity 1
net 417: (15 5)->(15 5) 1 0 0 0 #timing (232 235) ps polarity 0
net 417: (15 5)->(15 9) 3 4 0 0 #timing (485 446) ps polarity 0
net 417: (15 9)->(13 9) 1 2 0 1 #timing (734 649) ps  polarity 1
net 417: (13 9)->(13 9) 0 0 0 1 #timing (768 882) ps  polarity 0
net 417: (15 9)->(19 9) 4 5 0 0 #timing (827 744) ps polarity 0
net 417: (19 9)->(19 9) 1 0 0 1 #timing (941 998) ps  polarity 1
net 417: (19 9)->(18 9) 0 2 0 1 #timing (1122 1056) ps  polarity 0
net 417: (15 5)->(19 5) 4 5 0 0 #timing (575 513) ps polarity 0
net 417: (19 5)->(17 5) 1 2 0 1 #timing (742 769) ps  polarity 1
net 417: (17 5)->(17 5) 0 0 0 1 #timing (911 898) ps  polarity 0
net 418: (13 6)->(13 6) 0 0 0 0 #timing (661 661) ps polarity 1
net 418: (13 6)->(13 6) 1 0 0 0 #timing (734 739) ps polarity 0
net 418: (13 6)->(17 6) 4 5 0 0 #timing (1026 985) ps polarity 0
net 418: (17 6)->(17 4) 1 1 0 1 #timing (1222 1226) ps  polarity 1
net 418: (17 4)->(17 5) 0 1 0 1 #timing (1373 1367) ps  polarity 0
net 418: (13 6)->(12 7) 0 3 0 0 #timing (675 676) ps polarity 1
net 418: (12 7)->(12 7) 1 0 0 0 #timing (763 763) ps polarity 0
net 418: (12 7)->(12 11) 3 4 0 1 #timing (1157 1065) ps  polarity 0
net 418: (12 11)->(12 9) 1 1 0 1 #timing (1298 1198) ps  polarity 1
net 418: (12 9)->(12 9) 0 0 0 1 #timing (1334 1439) ps  polarity 0
net 418: (12 7)->(14 7) 1 2 0 0 #timing (816 799) ps polarity 0
net 418: (14 7)->(14 11) 3 4 0 0 #timing (1135 1111) ps polarity 0
net 418: (14 11)->(18 11) 4 5 0 0 #timing (1434 1384) ps polarity 0
net 418: (18 11)->(16 9) 1 3 0 1 #timing (1668 1658) ps  polarity 1
net 418: (16 9)->(16 9) 0 0 0 1 #timing (1803 1831) ps  polarity 0
net 419: (21 25)->(21 24) 0 1 0 0 #timing (720 720) ps polarity 1
net 419: (21 24)->(23 26) 1 3 0 0 #timing (878 855) ps polarity 0
net 419: (23 26)->(19 26) 4 2 0 0 #timing (1121 1150) ps polarity 0
net 419: (19 26)->(19 26) 5 0 1 0 #timing (1255 1305) ps polarity 1
net 419: (19 26)->(2 26) 13 2 1 0 #timing (2081 1876) ps polarity 0
net 419: (2 26)->(10 18) 5 3 0 1 #timing (2868 2634) ps  polarity 0
net 419: (10 18)->(10 22) 3 1 0 1 #timing (3269 2954) ps  polarity 1
net 419: (10 22)->(10 22) 1 0 0 1 #timing (3370 3059) ps  polarity 0
net 419: (10 22)->(10 23) 0 1 0 1 #timing (3155 3467) ps  polarity 1
net 419: (10 22)->(10 20) 1 1 0 1 #timing (3414 3090) ps  polarity 0
net 419: (10 20)->(10 21) 0 1 0 1 #timing (3208 3562) ps  polarity 1
net 419: (21 25)->(20 24) 0 3 0 0 #timing (724 724) ps polarity 1
net 419: (20 24)->(20 24) 1 0 0 0 #timing (819 820) ps polarity 0
net 419: (20 24)->(16 24) 4 2 0 0 #timing (1120 1072) ps polarity 0
net 419: (16 24)->(12 24) 4 5 0 1 #timing (1452 1364) ps  polarity 0
net 419: (12 24)->(12 20) 3 4 0 1 #timing (1764 1612) ps  polarity 0
net 419: (12 20)->(12 20) 1 0 0 1 #timing (1857 1711) ps  polarity 1
net 419: (12 20)->(12 21) 0 1 0 1 #timing (1829 1968) ps  polarity 0
net 420: (14 24)->(15 24) 0 2 0 0 #timing (704 704) ps polarity 1
net 420: (15 24)->(15 24) 1 0 0 0 #timing (783 788) ps polarity 0
net 420: (15 24)->(19 24) 4 5 0 0 #timing (1078 1037) ps polarity 0
net 420: (19 24)->(19 24) 5 0 0 0 #timing (1196 1171) ps polarity 1
net 420: (19 24)->(19 16) 5 1 0 1 #timing (1513 1498) ps  polarity 0
net 420: (19 16)->(23 16) 4 2 0 1 #timing (1736 1709) ps  polarity 0
net 420: (23 16)->(21 16) 1 2 0 1 #timing (1976 1908) ps  polarity 1
net 420: (21 16)->(21 16) 0 0 0 1 #timing (1992 2084) ps  polarity 0
net 420: (23 16)->(23 12) 3 4 0 1 #timing (2095 2005) ps  polarity 0
net 420: (23 12)->(21 14) 1 3 0 1 #timing (2259 2160) ps  polarity 1
net 420: (21 14)->(21 15) 0 1 0 1 #timing (2301 2427) ps  polarity 0
net 421: (21 13)->(20 12) 0 3 0 0 #timing (723 723) ps polarity 1
net 421: (20 12)->(20 12) 1 0 0 0 #timing (821 823) ps polarity 0
net 421: (20 12)->(20 14) 1 1 0 1 #timing (1090 1037) ps  polarity 1
net 421: (20 14)->(21 15) 0 3 0 1 #timing (1165 1227) ps  polarity 0
net 421: (20 12)->(20 16) 3 4 0 0 #timing (1097 1048) ps polarity 0
net 421: (20 16)->(20 16) 1 0 1 1 #timing (1305 1224) ps  polarity 1
net 421: (20 16)->(20 16) 0 0 0 1 #timing (1348 1419) ps  polarity 0
net 421: (20 16)->(16 16) 4 2 0 0 #timing (1414 1325) ps polarity 0
net 421: (16 16)->(16 20) 3 1 0 1 #timing (1746 1744) ps  polarity 0
net 421: (16 20)->(18 22) 1 3 0 1 #timing (1929 1901) ps  polarity 1
net 421: (18 22)->(19 22) 0 2 0 1 #timing (2068 2115) ps  polarity 0
net 422: (21 14)->(21 14) 0 0 0 0 #timing (185 185) ps polarity 1
net 422: (21 14)->(23 12) 1 3 0 0 #timing (336 310) ps polarity 0
net 422: (23 12)->(23 16) 3 4 0 0 #timing (660 640) ps polarity 0
net 422: (23 16)->(19 16) 4 2 0 0 #timing (924 896) ps polarity 0
net 422: (19 16)->(19 20) 3 1 0 1 #timing (1327 1258) ps  polarity 0
net 422: (19 20)->(19 22) 1 1 0 1 #timing (1480 1400) ps  polarity 1
net 422: (19 22)->(19 22) 0 0 0 1 #timing (1544 1630) ps  polarity 0
net 422: (21 14)->(21 15) 0 1 0 0 #timing (192 192) ps polarity 1
net 422: (21 15)->(23 15) 1 2 0 0 #timing (317 303) ps polarity 0
net 422: (23 15)->(21 15) 1 2 0 1 #timing (578 525) ps  polarity 1
net 422: (21 15)->(21 15) 0 0 0 1 #timing (618 696) ps  polarity 0
net 422: (21 14)->(20 15) 0 3 0 0 #timing (204 204) ps polarity 1
net 422: (20 15)->(20 15) 1 0 0 0 #timing (286 291) ps polarity 0
net 422: (20 15)->(20 19) 3 4 0 0 #timing (578 524) ps polarity 0
net 422: (20 19)->(16 19) 4 2 0 0 #timing (882 796) ps polarity 0
net 422: (16 19)->(16 23) 3 1 0 1 #timing (1194 1194) ps  polarity 0
net 422: (16 23)->(16 23) 1 0 1 1 #timing (1288 1294) ps  polarity 1
net 422: (16 23)->(17 22) 0 3 0 1 #timing (1425 1405) ps  polarity 0
net 423: (20 27)->(20 27) 0 0 0 0 #timing (726 726) ps polarity 1
net 423: (20 27)->(20 25) 1 1 0 0 #timing (840 833) ps polarity 0
net 423: (20 25)->(20 25) 5 0 0 0 #timing (942 978) ps polarity 1
net 423: (20 25)->(20 17) 5 1 0 1 #timing (1268 1315) ps  polarity 0
net 423: (20 17)->(20 17) 1 0 0 1 #timing (1517 1437) ps  polarity 1
net 423: (20 17)->(21 17) 0 2 0 1 #timing (1572 1637) ps  polarity 0
net 423: (20 17)->(20 13) 3 4 0 1 #timing (1778 1607) ps  polarity 0
net 423: (20 13)->(20 15) 1 1 0 1 #timing (1910 1735) ps  polarity 1
net 423: (20 15)->(21 15) 0 2 0 1 #timing (1844 2038) ps  polarity 0
net 423: (20 27)->(21 27) 0 2 0 0 #timing (738 738) ps polarity 1
net 423: (21 27)->(21 25) 1 1 0 0 #timing (859 849) ps polarity 0
net 423: (21 25)->(21 21) 3 4 0 0 #timing (1163 1130) ps polarity 0
net 423: (21 21)->(17 21) 4 2 0 0 #timing (1458 1398) ps polarity 0
net 423: (17 21)->(17 23) 1 1 0 1 #timing (1659 1675) ps  polarity 1
net 423: (17 23)->(17 22) 0 1 0 1 #timing (1799 1795) ps  polarity 0
net 424: (13 12)->(13 12) 0 0 0 0 #timing (661 661) ps polarity 1
net 424: (13 12)->(13 12) 1 0 0 0 #timing (733 739) ps polarity 0
net 424: (13 12)->(17 12) 4 5 0 0 #timing (1053 1001) ps polarity 0
net 424: (17 12)->(19 12) 1 2 0 1 #timing (1253 1262) ps  polarity 1
net 424: (19 12)->(19 12) 0 0 0 1 #timing (1379 1384) ps  polarity 0
net 424: (17 12)->(17 12) 5 0 0 0 #timing (1172 1137) ps polarity 1
net 424: (17 12)->(25 4) 5 3 0 1 #timing (1761 1722) ps  polarity 1
net 424: (25 4)->(25 6) 1 1 0 1 #timing (1992 1923) ps  polarity 1
net 424: (25 6)->(25 7) 0 1 0 1 #timing (2029 2115) ps  polarity 0
net 424: (13 12)->(15 12) 1 2 0 0 #timing (792 777) ps polarity 0
net 424: (15 12)->(15 12) 5 0 0 0 #timing (893 942) ps polarity 1
net 424: (15 12)->(15 4) 5 1 0 1 #timing (1224 1284) ps  polarity 0
net 424: (15 4)->(19 4) 4 5 0 1 #timing (1531 1544) ps  polarity 0
net 424: (19 4)->(19 0) 3 1 0 1 #timing (1861 1808) ps  polarity 0
net 424: (19 0)->(19 0) 1 0 1 1 #timing (1959 1911) ps  polarity 1
net 424: (19 0)->(19 1) 0 1 0 1 #timing (2038 2075) ps  polarity 0
net 424: (13 12)->(12 13) 0 3 0 0 #timing (675 675) ps polarity 1
net 424: (12 13)->(12 13) 1 0 0 0 #timing (763 763) ps polarity 0
net 424: (12 13)->(12 13) 1 0 0 1 #timing (967 933) ps  polarity 1
net 424: (12 13)->(13 12) 0 3 0 1 #timing (1053 1078) ps  polarity 0
net 424: (12 13)->(12 15) 1 1 0 1 #timing (1004 961) ps  polarity 1
net 424: (12 15)->(13 14) 0 3 0 1 #timing (1092 1142) ps  polarity 0
net 424: (12 13)->(12 17) 3 4 0 0 #timing (1049 994) ps polarity 0
net 424: (12 17)->(16 17) 4 5 0 0 #timing (1349 1267) ps polarity 0
net 424: (16 17)->(18 19) 1 3 0 1 #timing (1536 1567) ps  polarity 1
net 424: (18 19)->(19 18) 0 3 0 1 #timing (1733 1729) ps  polarity 0
net 424: (12 13)->(8 13) 4 2 0 0 #timing (997 978) ps polarity 0
net 424: (8 13)->(10 13) 1 2 0 1 #timing (1224 1206) ps  polarity 1
net 424: (10 13)->(10 12) 0 1 0 1 #timing (1401 1377) ps  polarity 0
net 424: (8 13)->(8 17) 3 4 0 1 #timing (1391 1321) ps  polarity 0
net 424: (8 17)->(10 19) 1 3 0 1 #timing (1545 1463) ps  polarity 1
net 424: (10 19)->(11 18) 0 3 0 1 #timing (1607 1694) ps  polarity 0
net 424: (8 13)->(8 13) 5 0 1 0 #timing (1123 1124) ps polarity 1
net 424: (8 13)->(8 5) 5 1 0 1 #timing (1488 1488) ps  polarity 0
net 424: (8 5)->(10 5) 1 2 0 1 #timing (1727 1679) ps  polarity 1
net 424: (10 5)->(10 4) 0 1 0 1 #timing (1781 1836) ps  polarity 0
net 425: (12 12)->(12 12) 0 0 0 0 #timing (704 704) ps polarity 1
net 425: (12 12)->(12 12) 1 0 0 0 #timing (775 779) ps polarity 0
net 425: (12 12)->(12 16) 3 4 0 0 #timing (1047 999) ps polarity 0
net 425: (12 16)->(12 16) 5 0 0 0 #timing (1171 1136) ps polarity 1
net 425: (12 16)->(12 24) 5 1 0 1 #timing (1493 1467) ps  polarity 0
net 425: (12 24)->(16 24) 4 5 0 1 #timing (1784 1713) ps  polarity 0
net 425: (16 24)->(18 24) 1 2 0 1 #timing (2010 1903) ps  polarity 1
net 425: (18 24)->(18 24) 0 0 0 1 #timing (2047 2162) ps  polarity 0
net 425: (12 12)->(8 12) 4 2 0 0 #timing (1016 993) ps polarity 0
net 425: (8 12)->(10 12) 1 2 0 1 #timing (1239 1224) ps  polarity 1
net 425: (10 12)->(11 12) 0 2 0 1 #timing (1339 1356) ps  polarity 0
net 425: (8 12)->(8 12) 5 0 0 0 #timing (1140 1136) ps polarity 1
net 425: (8 12)->(8 4) 5 1 0 1 #timing (1483 1487) ps  polarity 0
net 425: (8 4)->(10 4) 1 2 0 1 #timing (1721 1670) ps  polarity 1
net 425: (10 4)->(11 4) 0 2 0 1 #timing (1774 1831) ps  polarity 0
net 425: (12 12)->(16 12) 4 5 0 0 #timing (1035 1009) ps polarity 0
net 425: (16 12)->(16 12) 1 0 1 1 #timing (1206 1203) ps  polarity 1
net 425: (16 12)->(16 12) 0 0 0 1 #timing (1330 1323) ps  polarity 0
net 425: (16 12)->(18 12) 1 2 0 1 #timing (1248 1234) ps  polarity 1
net 425: (18 12)->(18 13) 0 1 0 1 #timing (1406 1421) ps  polarity 0
net 425: (16 12)->(16 16) 3 4 0 1 #timing (1404 1342) ps  polarity 0
net 425: (16 16)->(18 18) 1 3 0 1 #timing (1586 1502) ps  polarity 1
net 425: (18 18)->(18 19) 0 1 0 1 #timing (1620 1733) ps  polarity 0
net 425: (16 12)->(20 12) 4 2 0 1 #timing (1284 1244) ps  polarity 0
net 425: (20 12)->(20 12) 1 0 1 1 #timing (1472 1408) ps  polarity 1
net 425: (20 12)->(20 13) 0 1 0 1 #timing (1568 1603) ps  polarity 0
net 425: (20 12)->(22 12) 1 2 0 1 #timing (1512 1437) ps  polarity 1
net 425: (22 12)->(22 13) 0 1 0 1 #timing (1614 1685) ps  polarity 0
net 425: (16 12)->(16 12) 5 0 0 0 #timing (1157 1146) ps polarity 1
net 425: (16 12)->(16 4) 5 1 0 1 #timing (1480 1478) ps  polarity 0
net 425: (16 4)->(16 6) 1 1 0 1 #timing (1726 1683) ps  polarity 1
net 425: (16 6)->(16 7) 0 1 0 1 #timing (1791 1853) ps  polarity 0
net 425: (16 4)->(18 6) 1 3 0 1 #timing (1755 1699) ps  polarity 1
net 425: (18 6)->(18 7) 0 1 0 1 #timing (1831 1922) ps  polarity 0
net 425: (16 12)->(24 12) 5 2 0 1 #timing (1525 1504) ps  polarity 0
net 425: (24 12)->(24 12) 1 0 0 1 #timing (1709 1697) ps  polarity 1
net 425: (24 12)->(24 12) 0 0 0 1 #timing (1842 1835) ps  polarity 0
net 425: (24 12)->(24 13) 0 1 0 1 #timing (1883 1850) ps  polarity 0
net 425: (24 12)->(26 12) 1 2 0 1 #timing (1745 1721) ps  polarity 1
net 425: (26 12)->(26 13) 0 1 0 1 #timing (1910 1894) ps  polarity 0
net 425: (12 12)->(12 13) 0 1 0 0 #timing (678 678) ps polarity 1
net 425: (12 13)->(12 15) 1 1 0 0 #timing (791 783) ps polarity 0
net 425: (12 15)->(12 11) 3 1 0 0 #timing (1047 1037) ps polarity 0
net 425: (12 11)->(12 11) 1 0 1 1 #timing (1258 1214) ps  polarity 1
net 425: (12 11)->(12 11) 0 0 0 1 #timing (1341 1375) ps  polarity 0
net 425: (12 11)->(12 10) 0 1 0 1 #timing (1325 1364) ps  polarity 0
net 425: (12 11)->(13 10) 0 3 0 1 #timing (1343 1374) ps  polarity 0
net 425: (12 13)->(14 15) 1 3 0 0 #timing (840 810) ps polarity 0
net 425: (14 15)->(14 15) 5 0 0 0 #timing (935 1013) ps polarity 1
net 425: (14 15)->(14 7) 5 1 0 1 #timing (1267 1352) ps  polarity 0
net 425: (14 7)->(18 7) 4 5 0 1 #timing (1555 1597) ps  polarity 0
net 425: (18 7)->(18 7) 1 0 1 1 #timing (1742 1759) ps  polarity 1
net 425: (18 7)->(18 6) 0 1 0 1 #timing (1900 1865) ps  polarity 0
net 425: (12 12)->(13 13) 0 3 0 0 #timing (674 674) ps polarity 1
net 425: (13 13)->(13 13) 1 0 0 0 #timing (761 765) ps polarity 0
net 425: (13 13)->(13 13) 1 0 1 1 #timing (965 935) ps  polarity 1
net 425: (13 13)->(13 13) 0 0 0 1 #timing (1047 1073) ps  polarity 0
net 425: (13 13)->(13 17) 3 4 0 0 #timing (1047 990) ps polarity 0
net 425: (13 17)->(13 19) 1 1 0 1 #timing (1298 1196) ps  polarity 1
net 425: (13 19)->(13 19) 0 0 0 1 #timing (1333 1444) ps  polarity 0
net 425: (13 17)->(15 19) 1 3 0 1 #timing (1351 1226) ps  polarity 1
net 425: (15 19)->(15 18) 0 1 0 1 #timing (1370 1518) ps  polarity 0
net 425: (13 17)->(9 17) 4 2 0 1 #timing (1454 1320) ps  polarity 0
net 425: (9 17)->(9 19) 1 1 0 1 #timing (1688 1517) ps  polarity 1
net 425: (9 19)->(8 18) 0 3 0 1 #timing (1611 1804) ps  polarity 0
net 425: (13 17)->(13 17) 5 0 0 0 #timing (1170 1125) ps polarity 1
net 425: (13 17)->(13 25) 5 1 0 1 #timing (1494 1457) ps  polarity 0
net 425: (13 25)->(13 25) 1 0 1 1 #timing (1664 1665) ps  polarity 1
net 425: (13 25)->(12 24) 0 3 0 1 #timing (1808 1787) ps  polarity 0
net 425: (13 25)->(17 25) 4 5 0 1 #timing (1791 1707) ps  polarity 0
net 425: (17 25)->(17 25) 1 0 0 1 #timing (1981 1872) ps  polarity 1
net 425: (17 25)->(16 24) 0 3 0 1 #timing (2012 2103) ps  polarity 0
net 426: (12 6)->(12 6) 0 0 0 0 #timing (704 704) ps polarity 1
net 426: (12 6)->(12 6) 1 0 0 0 #timing (775 780) ps polarity 0
net 426: (12 6)->(16 6) 4 5 0 0 #timing (1060 1022) ps polarity 0
net 426: (16 6)->(16 4) 1 1 0 1 #timing (1259 1260) ps  polarity 1
net 426: (16 4)->(16 5) 0 1 0 1 #timing (1418 1414) ps  polarity 0
net 426: (12 6)->(13 6) 0 2 0 0 #timing (704 704) ps polarity 1
net 426: (13 6)->(15 6) 1 2 0 0 #timing (839 823) ps polarity 0
net 426: (15 6)->(15 10) 3 4 0 0 #timing (1137 1105) ps polarity 0
net 426: (15 10)->(19 10) 4 5 0 0 #timing (1500 1418) ps polarity 0
net 426: (19 10)->(17 8) 1 3 0 1 #timing (1689 1720) ps  polarity 1
net 426: (17 8)->(16 9) 0 3 0 1 #timing (1909 1886) ps  polarity 0
net 426: (12 6)->(13 7) 0 3 0 0 #timing (674 674) ps polarity 1
net 426: (13 7)->(13 7) 1 0 0 0 #timing (762 765) ps polarity 0
net 426: (13 7)->(13 11) 3 4 0 0 #timing (1067 1002) ps polarity 0
net 426: (13 11)->(13 9) 1 1 0 1 #timing (1325 1212) ps  polarity 1
net 426: (13 9)->(12 9) 0 2 0 1 #timing (1356 1470) ps  polarity 0
net 428: (17 10)->(17 10) 0 0 0 0 #timing (637 637) ps polarity 1
net 428: (17 10)->(17 10) 1 0 0 0 #timing (710 715) ps polarity 0
net 428: (17 10)->(17 10) 1 0 0 1 #timing (914 887) ps  polarity 1
net 428: (17 10)->(17 11) 0 1 0 1 #timing (1047 1047) ps  polarity 0
net 428: (17 10)->(17 11) 0 1 0 0 #timing (642 642) ps polarity 1
net 428: (17 11)->(17 9) 1 1 0 0 #timing (758 746) ps polarity 0
net 428: (17 9)->(17 5) 3 4 0 0 #timing (1056 1037) ps polarity 0
net 428: (17 5)->(21 5) 4 2 0 0 #timing (1385 1331) ps polarity 0
net 428: (21 5)->(23 5) 1 2 0 1 #timing (1589 1596) ps  polarity 1
net 428: (23 5)->(23 5) 0 0 0 1 #timing (1730 1724) ps  polarity 0
net 428: (17 5)->(13 5) 4 5 0 0 #timing (1355 1305) ps polarity 0
net 428: (13 5)->(13 5) 5 0 1 0 #timing (1487 1453) ps polarity 1
net 428: (13 5)->(28 5) 13 2 1 0 #timing (2151 2050) ps polarity 0
net 428: (28 5)->(20 5) 5 2 0 1 #timing (2653 2524) ps  polarity 1
net 428: (20 5)->(20 5) 1 0 1 1 #timing (2723 2818) ps  polarity 0
net 428: (20 5)->(21 5) 0 2 0 1 #timing (2956 2845) ps  polarity 1
net 429: (16 10)->(16 11) 0 1 0 0 #timing (656 656) ps polarity 1
net 429: (16 11)->(16 11) 1 0 0 0 #timing (738 737) ps polarity 0
net 429: (16 11)->(16 11) 1 0 0 1 #timing (943 908) ps  polarity 1
net 429: (16 11)->(17 11) 0 2 0 1 #timing (1045 1064) ps  polarity 0
net 429: (16 11)->(16 7) 3 4 0 0 #timing (1003 960) ps polarity 0
net 429: (16 7)->(20 7) 4 2 0 0 #timing (1285 1229) ps polarity 0
net 429: (20 7)->(22 5) 1 3 0 1 #timing (1512 1513) ps  polarity 1
net 429: (22 5)->(22 5) 0 0 0 1 #timing (1679 1698) ps  polarity 0
net 429: (16 7)->(16 7) 5 0 0 0 #timing (1135 1102) ps polarity 1
net 429: (16 7)->(16 23) 13 1 0 0 #timing (1730 1646) ps polarity 0
net 429: (16 23)->(24 23) 5 2 0 1 #timing (2261 2137) ps  polarity 1
net 429: (24 23)->(24 21) 1 1 0 1 #timing (2388 2464) ps  polarity 0
net 429: (24 21)->(24 20) 0 1 0 1 #timing (2577 2523) ps  polarity 1
net 430: (16 11)->(16 11) 0 0 0 0 #timing (161 161) ps polarity 1
net 430: (16 11)->(16 9) 1 1 0 0 #timing (271 263) ps polarity 0
net 430: (16 9)->(16 5) 3 4 0 0 #timing (540 521) ps polarity 0
net 430: (16 5)->(20 5) 4 2 0 0 #timing (823 791) ps polarity 0
net 430: (20 5)->(20 5) 1 0 0 1 #timing (997 999) ps  polarity 1
net 430: (20 5)->(20 5) 0 0 0 1 #timing (1128 1115) ps  polarity 0
net 430: (20 5)->(22 5) 1 2 0 1 #timing (1043 1031) ps  polarity 1
net 430: (22 5)->(23 5) 0 2 0 1 #timing (1194 1220) ps  polarity 0
net 430: (16 11)->(17 11) 0 2 0 0 #timing (176 176) ps polarity 1
net 430: (17 11)->(17 11) 1 0 0 0 #timing (264 266) ps polarity 0
net 430: (17 11)->(17 11) 1 0 1 1 #timing (468 437) ps  polarity 1
net 430: (17 11)->(17 11) 0 0 0 1 #timing (562 584) ps  polarity 0
net 431: (22 12)->(22 13) 0 1 0 0 #timing (696 696) ps polarity 1
net 431: (22 13)->(20 13) 1 2 0 0 #timing (854 830) ps polarity 0
net 431: (20 13)->(20 17) 3 4 0 0 #timing (1171 1151) ps polarity 0
net 431: (20 17)->(20 17) 1 0 1 1 #timing (1378 1327) ps  polarity 1
net 431: (20 17)->(20 17) 0 0 0 1 #timing (1453 1494) ps  polarity 0
net 431: (20 13)->(16 13) 4 2 0 0 #timing (1135 1150) ps polarity 0
net 431: (16 13)->(18 15) 1 3 0 1 #timing (1440 1370) ps  polarity 1
net 431: (18 15)->(19 14) 0 3 0 1 #timing (1515 1611) ps  polarity 0
net 431: (22 12)->(23 12) 0 2 0 0 #timing (708 708) ps polarity 1
net 431: (23 12)->(23 12) 1 0 0 0 #timing (793 795) ps polarity 0
net 431: (23 12)->(23 14) 1 1 0 1 #timing (1046 1001) ps  polarity 1
net 431: (23 14)->(23 14) 0 0 0 1 #timing (1100 1165) ps  polarity 0
net 432: (23 21)->(23 20) 0 1 0 0 #timing (827 827) ps polarity 1
net 432: (23 20)->(23 20) 1 0 0 0 #timing (919 919) ps polarity 0
net 432: (23 20)->(21 22) 1 3 0 1 #timing (1192 1137) ps  polarity 1
net 432: (21 22)->(21 23) 0 1 0 1 #timing (1279 1362) ps  polarity 0
net 432: (23 20)->(27 20) 4 5 0 0 #timing (1264 1202) ps polarity 0
net 432: (27 20)->(25 22) 1 3 0 1 #timing (1500 1509) ps  polarity 1
net 432: (25 22)->(24 23) 0 3 0 1 #timing (1682 1689) ps  polarity 0
net 432: (23 21)->(22 20) 0 3 0 0 #timing (831 831) ps polarity 1
net 432: (22 20)->(22 20) 1 0 0 0 #timing (920 922) ps polarity 0
net 432: (22 20)->(18 20) 4 2 0 1 #timing (1328 1249) ps  polarity 0
net 432: (18 20)->(16 22) 1 3 0 1 #timing (1605 1471) ps  polarity 1
net 432: (16 22)->(16 23) 0 1 0 1 #timing (1608 1760) ps  polarity 0
net 433: (20 17)->(20 17) 0 0 0 0 #timing (161 161) ps polarity 1
net 433: (20 17)->(20 19) 1 1 0 0 #timing (270 263) ps polarity 0
net 433: (20 19)->(20 23) 3 1 0 0 #timing (552 530) ps polarity 0
net 433: (20 23)->(16 23) 4 2 0 0 #timing (857 799) ps polarity 0
net 433: (16 23)->(16 23) 1 0 0 1 #timing (1012 1042) ps  polarity 1
net 433: (16 23)->(17 23) 0 2 0 1 #timing (1179 1134) ps  polarity 0
net 433: (20 17)->(21 17) 0 2 0 0 #timing (176 176) ps polarity 1
net 433: (21 17)->(23 19) 1 3 0 0 #timing (348 317) ps polarity 0
net 433: (23 19)->(19 19) 4 2 0 0 #timing (583 629) ps polarity 0
net 433: (19 19)->(15 19) 4 5 0 1 #timing (909 921) ps  polarity 0
net 433: (15 19)->(15 23) 3 1 0 1 #timing (1194 1152) ps  polarity 0
net 433: (15 23)->(15 23) 1 0 0 1 #timing (1295 1257) ps  polarity 1
net 433: (15 23)->(14 23) 0 2 0 1 #timing (1389 1414) ps  polarity 0
net 434: (21 17)->(21 16) 0 1 0 0 #timing (157 157) ps polarity 1
net 434: (21 16)->(23 16) 1 2 0 0 #timing (278 265) ps polarity 0
net 434: (23 16)->(23 12) 3 4 0 0 #timing (575 557) ps polarity 0
net 434: (23 12)->(27 12) 4 5 0 0 #timing (944 871) ps polarity 0
net 434: (27 12)->(25 14) 1 3 0 1 #timing (1154 1182) ps  polarity 1
net 434: (25 14)->(24 14) 0 2 0 1 #timing (1338 1330) ps  polarity 0
net 434: (21 16)->(23 18) 1 3 0 0 #timing (298 276) ps polarity 0
net 434: (23 18)->(23 14) 3 4 0 0 #timing (586 601) ps polarity 0
net 434: (23 14)->(23 10) 3 1 0 1 #timing (1074 973) ps  polarity 0
net 434: (23 10)->(23 10) 1 0 1 1 #timing (1181 1085) ps  polarity 1
net 434: (23 10)->(23 11) 0 1 0 1 #timing (1182 1278) ps  polarity 0
net 434: (21 17)->(20 16) 0 3 0 0 #timing (180 180) ps polarity 1
net 434: (20 16)->(20 16) 1 0 0 0 #timing (264 265) ps polarity 0
net 434: (20 16)->(20 12) 3 4 0 0 #timing (545 492) ps polarity 0
net 434: (20 12)->(24 12) 4 5 0 0 #timing (906 791) ps polarity 0
net 434: (24 12)->(24 8) 3 1 0 1 #timing (1220 1232) ps  polarity 0
net 434: (24 8)->(24 10) 1 1 0 1 #timing (1358 1364) ps  polarity 1
net 434: (24 10)->(25 11) 0 3 0 1 #timing (1492 1501) ps  polarity 0
net 435: (19 20)->(19 21) 0 1 0 0 #timing (192 192) ps polarity 1
net 435: (19 21)->(19 21) 1 0 0 0 #timing (273 275) ps polarity 0
net 435: (19 21)->(19 21) 1 0 1 1 #timing (476 445) ps  polarity 1
net 435: (19 21)->(19 21) 0 0 0 1 #timing (546 578) ps  polarity 0
net 435: (19 21)->(17 21) 1 2 0 0 #timing (328 310) ps polarity 0
net 435: (17 21)->(19 23) 1 3 0 1 #timing (627 565) ps  polarity 1
net 435: (19 23)->(19 22) 0 1 0 1 #timing (699 785) ps  polarity 0
net 435: (19 20)->(18 20) 0 2 0 0 #timing (193 193) ps polarity 1
net 435: (18 20)->(16 20) 1 2 0 0 #timing (333 315) ps polarity 0
net 435: (16 20)->(16 22) 1 1 0 1 #timing (616 558) ps  polarity 1
net 435: (16 22)->(17 22) 0 2 0 1 #timing (713 777) ps  polarity 0
net 436: (21 18)->(20 18) 0 2 0 0 #timing (665 665) ps polarity 1
net 436: (20 18)->(22 18) 1 2 0 0 #timing (791 776) ps polarity 0
net 436: (22 18)->(18 18) 4 2 0 0 #timing (1072 1079) ps polarity 0
net 436: (18 18)->(18 22) 3 1 0 1 #timing (1513 1401) ps  polarity 0
net 436: (18 22)->(18 22) 1 0 0 1 #timing (1610 1503) ps  polarity 1
net 436: (18 22)->(19 23) 0 3 0 1 #timing (1645 1734) ps  polarity 0
net 436: (21 18)->(20 19) 0 3 0 0 #timing (675 676) ps polarity 1
net 436: (20 19)->(22 17) 1 3 0 0 #timing (852 823) ps polarity 0
net 436: (22 17)->(22 13) 3 4 0 0 #timing (1157 1166) ps polarity 0
net 436: (22 13)->(20 15) 1 3 0 1 #timing (1461 1403) ps  polarity 1
net 436: (20 15)->(21 14) 0 3 0 1 #timing (1572 1652) ps  polarity 0
net 436: (22 13)->(22 13) 5 0 1 0 #timing (1298 1316) ps polarity 1
net 436: (22 13)->(22 28) 13 1 1 0 #timing (2028 1866) ps polarity 0
net 436: (22 28)->(22 20) 5 1 0 1 #timing (2506 2323) ps  polarity 1
net 436: (22 20)->(20 20) 1 2 0 1 #timing (2584 2714) ps  polarity 0
net 436: (20 20)->(20 21) 0 1 0 1 #timing (2840 2726) ps  polarity 1
net 437: (14 22)->(14 22) 0 0 0 0 #timing (649 649) ps polarity 1
net 437: (14 22)->(14 22) 1 0 0 0 #timing (720 726) ps polarity 0
net 437: (14 22)->(14 26) 3 4 0 0 #timing (1025 962) ps polarity 0
net 437: (14 26)->(10 26) 4 2 0 0 #timing (1320 1224) ps polarity 0
net 437: (10 26)->(10 26) 5 0 0 0 #timing (1449 1371) ps polarity 1
net 437: (10 26)->(10 11) 13 1 1 0 #timing (2016 1973) ps polarity 0
net 437: (10 11)->(10 11) 5 0 1 1 #timing (2232 2201) ps  polarity 0
net 437: (10 11)->(10 11) 1 0 1 1 #timing (2373 2340) ps  polarity 0
net 437: (10 11)->(11 11) 0 2 0 1 #timing (2476 2494) ps  polarity 1
net 437: (14 22)->(12 22) 1 2 0 0 #timing (781 765) ps polarity 0
net 437: (12 22)->(12 22) 1 0 1 1 #timing (1003 966) ps  polarity 1
net 437: (12 22)->(13 22) 0 2 0 1 #timing (1086 1114) ps  polarity 0
net 437: (12 22)->(12 18) 3 1 0 0 #timing (1063 1058) ps polarity 0
net 437: (12 18)->(8 18) 4 2 0 0 #timing (1321 1304) ps polarity 0
net 437: (8 18)->(8 18) 1 0 1 1 #timing (1511 1502) ps  polarity 1
net 437: (8 18)->(9 18) 0 2 0 1 #timing (1614 1620) ps  polarity 0
net 438: (24 19)->(25 19) 0 2 0 0 #timing (662 662) ps polarity 1
net 438: (25 19)->(27 17) 1 3 0 0 #timing (838 811) ps polarity 0
net 438: (27 17)->(27 13) 3 4 0 0 #timing (1137 1144) ps polarity 0
net 438: (27 13)->(27 9) 3 1 0 1 #timing (1600 1490) ps  polarity 0
net 438: (27 9)->(27 11) 1 1 0 1 #timing (1732 1618) ps  polarity 1
net 438: (27 11)->(26 11) 0 2 0 1 #timing (1752 1876) ps  polarity 0
net 438: (24 19)->(25 18) 0 3 0 0 #timing (762 762) ps polarity 1
net 438: (25 18)->(25 18) 1 0 0 0 #timing (858 860) ps polarity 0
net 438: (25 18)->(25 14) 3 4 0 0 #timing (1153 1097) ps polarity 0
net 438: (25 14)->(27 14) 1 2 0 1 #timing (1447 1328) ps  polarity 1
net 438: (27 14)->(26 14) 0 2 0 1 #timing (1431 1581) ps  polarity 0
net 438: (25 14)->(25 10) 3 1 0 1 #timing (1645 1468) ps  polarity 0
net 438: (25 10)->(25 10) 1 0 1 1 #timing (1756 1587) ps  polarity 1
net 438: (25 10)->(24 11) 0 3 0 1 #timing (1698 1862) ps  polarity 0
net 439: (25 23)->(25 23) 0 0 0 0 #timing (216 216) ps polarity 1
net 439: (25 23)->(25 23) 1 0 0 0 #timing (302 303) ps polarity 0
net 439: (25 23)->(25 21) 1 1 0 1 #timing (551 507) ps  polarity 1
net 439: (25 21)->(25 20) 0 1 0 1 #timing (594 662) ps  polarity 0
net 439: (25 23)->(25 22) 0 1 0 0 #timing (227 227) ps polarity 1
net 439: (25 22)->(27 22) 1 2 0 0 #timing (379 357) ps polarity 0
net 439: (27 22)->(27 22) 5 0 0 0 #timing (478 540) ps polarity 1
net 439: (27 22)->(19 22) 5 2 0 1 #timing (819 883) ps  polarity 0
net 439: (19 22)->(19 20) 1 1 0 1 #timing (1144 1027) ps  polarity 1
net 439: (19 20)->(18 21) 0 3 0 1 #timing (1205 1310) ps  polarity 0
net 439: (25 23)->(24 23) 0 2 0 0 #timing (227 227) ps polarity 1
net 439: (24 23)->(24 23) 1 0 0 0 #timing (310 311) ps polarity 0
net 439: (24 23)->(20 23) 4 5 0 0 #timing (654 586) ps polarity 0
net 439: (20 23)->(22 21) 1 3 0 1 #timing (864 881) ps  polarity 1
net 439: (22 21)->(22 21) 0 0 0 1 #timing (1043 1053) ps  polarity 0
net 440: (25 21)->(25 21) 0 0 0 0 #timing (760 760) ps polarity 1
net 440: (25 21)->(25 23) 1 1 0 0 #timing (863 860) ps polarity 0
net 440: (25 23)->(25 23) 1 0 0 1 #timing (1090 1062) ps  polarity 1
net 440: (25 23)->(24 23) 0 2 0 1 #timing (1158 1188) ps  polarity 0
net 440: (25 23)->(21 23) 4 5 0 0 #timing (1159 1147) ps polarity 0
net 440: (21 23)->(21 23) 1 0 1 1 #timing (1363 1345) ps  polarity 1
net 440: (21 23)->(20 23) 0 2 0 1 #timing (1478 1482) ps  polarity 0
net 440: (25 21)->(25 20) 0 1 0 0 #timing (827 827) ps polarity 1
net 440: (25 20)->(25 20) 1 0 0 0 #timing (918 918) ps polarity 0
net 440: (25 20)->(25 20) 5 0 0 0 #timing (1022 1038) ps polarity 1
net 440: (25 20)->(17 20) 5 2 0 1 #timing (1354 1376) ps  polarity 0
net 440: (17 20)->(13 20) 4 5 0 1 #timing (1662 1648) ps  polarity 0
net 440: (13 20)->(13 16) 3 1 0 1 #timing (1949 1879) ps  polarity 0
net 440: (13 16)->(15 16) 1 2 0 1 #timing (2110 2023) ps  polarity 1
net 440: (15 16)->(14 17) 0 3 0 1 #timing (2196 2277) ps  polarity 0
net 441: (19 6)->(19 6) 0 0 0 0 #timing (661 661) ps polarity 1
net 441: (19 6)->(19 4) 1 1 0 0 #timing (776 768) ps polarity 0
net 441: (19 4)->(23 4) 4 2 0 1 #timing (1134 1087) ps  polarity 0
net 441: (23 4)->(23 4) 1 0 1 1 #timing (1325 1255) ps  polarity 1
net 441: (23 4)->(22 5) 0 3 0 1 #timing (1367 1432) ps  polarity 0
net 441: (19 6)->(19 7) 0 1 0 0 #timing (691 691) ps polarity 1
net 441: (19 7)->(19 5) 1 1 0 0 #timing (818 805) ps polarity 0
net 441: (19 5)->(19 5) 1 0 0 1 #timing (1038 1000) ps  polarity 1
net 441: (19 5)->(18 5) 0 2 0 1 #timing (1132 1157) ps  polarity 0
net 441: (19 6)->(18 6) 0 2 0 0 #timing (665 664) ps polarity 1
net 441: (18 6)->(16 4) 1 3 0 0 #timing (838 802) ps polarity 0
net 441: (16 4)->(20 4) 4 2 0 0 #timing (1089 1137) ps polarity 0
net 441: (20 4)->(20 4) 1 0 1 1 #timing (1345 1266) ps  polarity 1
net 441: (20 4)->(20 5) 0 1 0 1 #timing (1363 1442) ps  polarity 0
net 443: (11 12)->(11 13) 0 1 0 0 #timing (194 194) ps polarity 0
net 443: (11 13)->(11 15) 1 1 0 0 #timing (312 298) ps polarity 1
net 443: (11 15)->(11 11) 3 1 0 1 #timing (749 638) ps  polarity 1
net 443: (11 11)->(11 11) 1 0 0 1 #timing (844 739) ps  polarity 0
net 443: (11 11)->(10 11) 0 2 0 1 #timing (872 963) ps  polarity 1
net 444: (10 10)->(10 10) 0 0 0 0 #timing (190 190) ps polarity 0
net 444: (10 10)->(10 10) 1 0 0 0 #timing (262 268) ps polarity 1
net 444: (10 10)->(10 10) 1 0 0 1 #timing (467 440) ps  polarity 0
net 444: (10 10)->(10 11) 0 1 0 1 #timing (536 564) ps  polarity 1
net 445: (16 22)->(17 23) 0 3 0 0 #timing (203 203) ps polarity 0
net 445: (17 23)->(19 21) 1 3 0 0 #timing (395 350) ps polarity 1
net 445: (19 21)->(19 17) 3 1 0 0 #timing (637 672) ps polarity 1
net 445: (19 17)->(15 17) 4 5 0 0 #timing (921 928) ps polarity 1
net 445: (15 17)->(11 17) 4 2 0 1 #timing (1184 1176) ps  polarity 1
net 445: (11 17)->(11 13) 3 4 0 1 #timing (1512 1431) ps  polarity 1
net 445: (11 13)->(11 13) 1 0 0 1 #timing (1606 1532) ps  polarity 0
net 445: (11 13)->(11 12) 0 1 0 1 #timing (1667 1725) ps  polarity 1
net 446: (18 22)->(18 22) 0 0 0 0 #timing (190 190) ps polarity 0
net 446: (18 22)->(18 20) 1 1 0 0 #timing (303 296) ps polarity 1
net 446: (18 20)->(18 16) 3 1 0 0 #timing (561 544) ps polarity 1
net 446: (18 16)->(14 16) 4 5 0 0 #timing (881 824) ps polarity 1
net 446: (14 16)->(14 12) 3 4 0 1 #timing (1243 1204) ps  polarity 1
net 446: (14 12)->(14 12) 1 0 1 1 #timing (1341 1306) ps  polarity 0
net 446: (14 12)->(15 12) 0 2 0 1 #timing (1400 1438) ps  polarity 1
net 447: (15 18)->(15 19) 0 1 0 0 #timing (193 193) ps polarity 0
net 447: (15 19)->(15 19) 1 0 0 0 #timing (276 278) ps polarity 1
net 447: (15 19)->(15 15) 3 4 0 0 #timing (545 497) ps polarity 1
net 447: (15 15)->(15 11) 3 1 0 1 #timing (977 826) ps  polarity 1
net 447: (15 11)->(15 11) 1 0 0 1 #timing (1075 929) ps  polarity 0
net 447: (15 11)->(14 11) 0 2 0 1 #timing (1061 1194) ps  polarity 1
net 448: (13 21)->(13 21) 0 0 0 0 #timing (178 178) ps polarity 0
net 448: (13 21)->(15 23) 1 3 0 0 #timing (325 304) ps polarity 1
net 448: (15 23)->(15 27) 3 4 0 0 #timing (621 632) ps polarity 1
net 448: (15 27)->(15 27) 5 0 1 0 #timing (745 770) ps polarity 0
net 448: (15 27)->(15 10) 13 1 1 0 #timing (1393 1251) ps polarity 1
net 448: (15 10)->(15 10) 5 0 1 1 #timing (1617 1488) ps  polarity 1
net 448: (15 10)->(15 10) 1 0 1 1 #timing (1760 1627) ps  polarity 1
net 448: (15 10)->(14 11) 0 3 0 1 #timing (1791 1894) ps  polarity 0
net 449: (19 24)->(18 24) 0 2 0 0 #timing (193 193) ps polarity 0
net 449: (18 24)->(18 26) 1 1 0 0 #timing (305 296) ps polarity 1
net 449: (18 26)->(18 22) 3 4 0 0 #timing (569 557) ps polarity 1
net 449: (18 22)->(18 22) 1 0 1 1 #timing (788 739) ps  polarity 0
net 449: (18 22)->(18 22) 0 0 0 1 #timing (865 904) ps  polarity 1
net 450: (18 24)->(18 25) 0 1 0 0 #timing (199 199) ps polarity 0
net 450: (18 25)->(16 25) 1 2 0 0 #timing (334 314) ps polarity 1
net 450: (16 25)->(16 21) 3 4 0 0 #timing (578 587) ps polarity 1
net 450: (16 21)->(18 23) 1 3 0 1 #timing (870 814) ps  polarity 0
net 450: (18 23)->(18 22) 0 1 0 1 #timing (968 1050) ps  polarity 1
net 451: (19 15)->(19 15) 0 0 0 0 #timing (178 178) ps polarity 0
net 451: (19 15)->(19 13) 1 1 0 0 #timing (291 284) ps polarity 1
net 451: (19 13)->(19 13) 1 0 1 1 #timing (506 472) ps  polarity 0
net 451: (19 13)->(18 13) 0 2 0 1 #timing (603 624) ps  polarity 1
net 451: (19 13)->(15 13) 4 5 0 0 #timing (558 548) ps polarity 1
net 451: (15 13)->(11 13) 4 2 0 1 #timing (816 792) ps  polarity 1
net 451: (11 13)->(11 13) 1 0 1 1 #timing (1008 958) ps  polarity 0
net 451: (11 13)->(10 13) 0 2 0 1 #timing (1090 1127) ps  polarity 1
net 452: (8 16)->(8 16) 0 0 0 0 #timing (206 206) ps polarity 0
net 452: (8 16)->(10 16) 1 2 0 0 #timing (324 318) ps polarity 1
net 452: (10 16)->(10 12) 3 4 0 0 #timing (594 568) ps polarity 1
net 452: (10 12)->(10 12) 1 0 1 1 #timing (810 749) ps  polarity 0
net 452: (10 12)->(11 13) 0 3 0 1 #timing (870 923) ps  polarity 1
net 452: (10 16)->(14 16) 4 2 0 0 #timing (568 582) ps polarity 1
net 452: (14 16)->(18 16) 4 5 0 1 #timing (881 854) ps  polarity 1
net 452: (18 16)->(18 12) 3 4 0 1 #timing (1178 1092) ps  polarity 1
net 452: (18 12)->(18 14) 1 1 0 1 #timing (1333 1233) ps  polarity 0
net 452: (18 14)->(18 15) 0 1 0 1 #timing (1393 1488) ps  polarity 1
net 453: (18 19)->(19 19) 0 2 0 0 #timing (198 198) ps polarity 0
net 453: (19 19)->(19 19) 1 0 0 0 #timing (276 273) ps polarity 1
net 453: (19 19)->(19 15) 3 4 0 0 #timing (529 490) ps polarity 1
net 453: (19 15)->(19 15) 1 0 1 1 #timing (738 666) ps  polarity 0
net 453: (19 15)->(18 15) 0 2 0 1 #timing (786 851) ps  polarity 1
net 453: (19 19)->(15 19) 4 5 0 0 #timing (527 501) ps polarity 1
net 453: (15 19)->(11 19) 4 2 0 1 #timing (789 748) ps  polarity 1
net 453: (11 19)->(11 15) 3 4 0 1 #timing (1084 977) ps  polarity 1
net 453: (11 15)->(11 15) 1 0 0 1 #timing (1177 1077) ps  polarity 0
net 453: (11 15)->(10 14) 0 3 0 1 #timing (1213 1297) ps  polarity 1
net 455: (23 11)->(23 10) 0 1 0 0 #timing (228 228) ps polarity 1
net 455: (23 10)->(23 10) 1 0 0 0 #timing (310 312) ps polarity 0
net 455: (23 10)->(23 14) 3 1 0 0 #timing (624 560) ps polarity 0
net 455: (23 14)->(19 14) 4 2 0 0 #timing (880 805) ps polarity 0
net 455: (19 14)->(19 14) 1 0 0 1 #timing (1019 1067) ps  polarity 1
net 455: (19 14)->(19 14) 0 0 0 1 #timing (1199 1137) ps  polarity 0
net 455: (23 10)->(21 10) 1 2 0 0 #timing (347 336) ps polarity 0
net 455: (21 10)->(21 14) 3 1 0 0 #timing (641 612) ps polarity 0
net 455: (21 14)->(23 14) 1 2 0 1 #timing (902 820) ps  polarity 1
net 455: (23 14)->(22 14) 0 2 0 1 #timing (949 1031) ps  polarity 0
net 455: (23 11)->(22 10) 0 3 0 0 #timing (225 225) ps polarity 1
net 455: (22 10)->(22 10) 1 0 0 0 #timing (306 310) ps polarity 0
net 455: (22 10)->(22 14) 3 1 0 0 #timing (607 544) ps polarity 0
net 455: (22 14)->(22 18) 3 4 0 1 #timing (1077 888) ps  polarity 0
net 455: (22 18)->(20 16) 1 3 0 1 #timing (1277 1058) ps  polarity 1
net 455: (20 16)->(21 17) 0 3 0 1 #timing (1208 1443) ps  polarity 0
net 456: (23 12)->(23 13) 0 1 0 0 #timing (739 739) ps polarity 1
net 456: (23 13)->(21 13) 1 2 0 0 #timing (854 848) ps polarity 0
net 456: (21 13)->(21 17) 3 4 0 0 #timing (1165 1122) ps polarity 0
net 456: (21 17)->(21 17) 1 0 1 1 #timing (1375 1300) ps  polarity 1
net 456: (21 17)->(20 16) 0 3 0 1 #timing (1422 1487) ps  polarity 0
net 456: (23 12)->(22 12) 0 2 0 0 #timing (739 739) ps polarity 1
net 456: (22 12)->(22 12) 1 0 0 0 #timing (816 819) ps polarity 0
net 456: (22 12)->(22 14) 1 1 0 1 #timing (1078 1030) ps  polarity 1
net 456: (22 14)->(22 14) 0 0 0 1 #timing (1186 1233) ps  polarity 0
net 456: (22 12)->(20 12) 1 2 0 0 #timing (862 853) ps polarity 0
net 456: (20 12)->(16 12) 4 2 0 0 #timing (1148 1144) ps polarity 0
net 456: (16 12)->(18 14) 1 3 0 1 #timing (1434 1381) ps  polarity 1
net 456: (18 14)->(19 14) 0 2 0 1 #timing (1503 1588) ps  polarity 0
net 457: (21 16)->(21 17) 0 1 0 0 #timing (642 642) ps polarity 1
net 457: (21 17)->(21 17) 1 0 0 0 #timing (722 721) ps polarity 0
net 457: (21 17)->(21 13) 3 4 0 0 #timing (980 943) ps polarity 0
net 457: (21 13)->(25 13) 4 5 0 1 #timing (1422 1298) ps  polarity 0
net 457: (25 13)->(25 9) 3 1 0 1 #timing (1781 1574) ps  polarity 0
net 457: (25 9)->(25 11) 1 1 0 1 #timing (1922 1713) ps  polarity 1
net 457: (25 11)->(25 11) 0 0 0 1 #timing (1805 2036) ps  polarity 0
net 457: (21 17)->(25 17) 4 5 0 1 #timing (1146 1064) ps  polarity 0
net 457: (25 17)->(25 21) 3 1 0 1 #timing (1451 1318) ps  polarity 0
net 457: (25 21)->(25 21) 1 0 1 1 #timing (1561 1432) ps  polarity 1
net 457: (25 21)->(24 21) 0 2 0 1 #timing (1512 1648) ps  polarity 0
net 459: (22 11)->(22 10) 0 1 0 0 #timing (200 200) ps polarity 1
net 459: (22 10)->(20 8) 1 3 0 0 #timing (382 346) ps polarity 0
net 459: (20 8)->(20 12) 3 1 0 0 #timing (663 678) ps polarity 0
net 459: (20 12)->(20 16) 3 4 0 1 #timing (1125 1018) ps  polarity 0
net 459: (20 16)->(20 16) 1 0 0 1 #timing (1222 1119) ps  polarity 1
net 459: (20 16)->(21 16) 0 2 0 1 #timing (1237 1333) ps  polarity 0
net 459: (22 11)->(23 11) 0 2 0 0 #timing (201 201) ps polarity 1
net 459: (23 11)->(23 11) 1 0 0 0 #timing (290 289) ps polarity 0
net 459: (23 11)->(23 7) 3 4 0 0 #timing (597 539) ps polarity 0
net 459: (23 7)->(23 7) 5 0 0 0 #timing (743 692) ps polarity 1
net 459: (23 7)->(23 23) 13 1 0 0 #timing (1331 1258) ps polarity 0
net 459: (23 23)->(23 23) 5 0 1 1 #timing (1659 1598) ps  polarity 0
net 459: (23 23)->(23 21) 1 1 0 1 #timing (1847 1771) ps  polarity 0
net 459: (23 21)->(22 21) 0 2 0 1 #timing (1877 1972) ps  polarity 1
net 459: (23 11)->(23 9) 1 1 0 0 #timing (326 315) ps polarity 0
net 459: (23 9)->(19 9) 4 2 0 0 #timing (549 562) ps polarity 0
net 459: (19 9)->(19 13) 3 1 0 1 #timing (988 876) ps  polarity 0
net 459: (19 13)->(19 15) 1 1 0 1 #timing (1115 1001) ps  polarity 1
net 459: (19 15)->(19 14) 0 1 0 1 #timing (1140 1259) ps  polarity 0
net 460: (19 22)->(19 22) 0 0 0 0 #timing (637 637) ps polarity 1
net 460: (19 22)->(19 22) 1 0 0 0 #timing (709 714) ps polarity 0
net 460: (19 22)->(19 22) 1 0 0 1 #timing (912 884) ps  polarity 1
net 460: (19 22)->(19 23) 0 1 0 1 #timing (1048 1046) ps  polarity 0
net 460: (19 22)->(17 20) 1 3 0 0 #timing (824 784) ps polarity 0
net 460: (17 20)->(19 20) 1 2 0 1 #timing (1090 1020) ps  polarity 1
net 460: (19 20)->(19 20) 0 0 0 1 #timing (1165 1240) ps  polarity 0
net 460: (17 20)->(13 20) 4 5 0 0 #timing (1075 1112) ps polarity 0
net 460: (13 20)->(15 22) 1 3 0 1 #timing (1396 1302) ps  polarity 1
net 460: (15 22)->(14 23) 0 3 0 1 #timing (1468 1573) ps  polarity 0
net 461: (19 19)->(19 19) 0 0 0 0 #timing (762 762) ps polarity 1
net 461: (19 19)->(17 19) 1 2 0 0 #timing (907 881) ps polarity 0
net 461: (17 19)->(21 19) 4 2 0 0 #timing (1169 1196) ps polarity 0
net 461: (21 19)->(21 17) 1 1 0 1 #timing (1441 1374) ps  polarity 1
net 461: (21 17)->(21 16) 0 1 0 1 #timing (1513 1586) ps  polarity 0
net 461: (19 19)->(18 19) 0 2 0 0 #timing (712 712) ps polarity 1
net 461: (18 19)->(18 19) 1 0 0 0 #timing (791 794) ps polarity 0
net 461: (18 19)->(18 23) 3 1 0 0 #timing (1068 1015) ps polarity 0
net 461: (18 23)->(18 21) 1 1 0 1 #timing (1327 1224) ps  polarity 1
net 461: (18 21)->(19 21) 0 2 0 1 #timing (1370 1471) ps  polarity 0
net 461: (18 19)->(18 17) 1 1 0 0 #timing (836 825) ps polarity 0
net 461: (18 17)->(22 17) 4 2 0 0 #timing (1091 1102) ps polarity 0
net 461: (22 17)->(20 17) 1 2 0 1 #timing (1372 1309) ps  polarity 1
net 461: (20 17)->(20 16) 0 1 0 1 #timing (1422 1505) ps  polarity 0
net 462: (20 16)->(20 17) 0 1 0 0 #timing (656 656) ps polarity 1
net 462: (20 17)->(20 17) 1 0 0 0 #timing (739 737) ps polarity 0
net 462: (20 17)->(20 13) 3 4 0 0 #timing (993 955) ps polarity 0
net 462: (20 13)->(24 13) 4 5 0 0 #timing (1378 1278) ps polarity 0
net 462: (24 13)->(24 15) 1 1 0 1 #timing (1523 1583) ps  polarity 1
net 462: (24 15)->(24 14) 0 1 0 1 #timing (1786 1695) ps  polarity 0
net 462: (24 13)->(24 9) 3 1 0 1 #timing (1701 1704) ps  polarity 0
net 462: (24 9)->(24 11) 1 1 0 1 #timing (1847 1843) ps  polarity 1
net 462: (24 11)->(25 11) 0 2 0 1 #timing (1967 1983) ps  polarity 0
net 462: (20 16)->(21 16) 0 2 0 0 #timing (658 658) ps polarity 1
net 462: (21 16)->(21 18) 1 1 0 0 #timing (767 761) ps polarity 0
net 462: (21 18)->(21 14) 3 4 0 0 #timing (1053 1028) ps polarity 0
net 462: (21 14)->(21 10) 3 1 0 1 #timing (1488 1360) ps  polarity 0
net 462: (21 10)->(23 10) 1 2 0 1 #timing (1630 1497) ps  polarity 1
net 462: (23 10)->(22 11) 0 3 0 1 #timing (1669 1786) ps  polarity 0
net 463: (19 23)->(19 23) 0 0 0 0 #timing (182 182) ps polarity 1
net 463: (19 23)->(19 21) 1 1 0 0 #timing (308 294) ps polarity 0
net 463: (19 21)->(19 21) 1 0 0 1 #timing (527 485) ps  polarity 1
net 463: (19 21)->(19 20) 0 1 0 1 #timing (597 634) ps  polarity 0
net 463: (19 21)->(15 21) 4 5 0 0 #timing (564 567) ps polarity 0
net 463: (15 21)->(15 21) 5 0 1 0 #timing (703 720) ps polarity 1
net 463: (15 21)->(30 21) 13 2 1 0 #timing (1341 1204) ps polarity 0
net 463: (30 21)->(30 4) 13 1 1 0 #timing (1937 1965) ps polarity 1
net 463: (30 4)->(22 12) 5 3 0 1 #timing (2733 2733) ps  polarity 1
net 463: (22 12)->(20 14) 1 3 0 1 #timing (2994 2953) ps  polarity 1
net 463: (20 14)->(21 14) 0 2 0 1 #timing (3086 3153) ps  polarity 0
net 463: (19 23)->(18 23) 0 2 0 0 #timing (235 235) ps polarity 1
net 463: (18 23)->(18 23) 1 0 0 0 #timing (317 317) ps polarity 0
net 463: (18 23)->(18 23) 1 0 1 1 #timing (522 488) ps  polarity 1
net 463: (18 23)->(19 23) 0 2 0 1 #timing (625 643) ps  polarity 0
net 465: (17 22)->(16 22) 0 2 0 0 #timing (643 643) ps polarity 1
net 465: (16 22)->(16 22) 1 0 0 0 #timing (721 724) ps polarity 0
net 465: (16 22)->(16 22) 1 0 0 1 #timing (926 894) ps  polarity 1
net 465: (16 22)->(17 23) 0 3 0 1 #timing (1035 1049) ps  polarity 0
net 465: (16 22)->(18 20) 1 3 0 1 #timing (994 940) ps  polarity 1
net 465: (18 20)->(19 20) 0 2 0 1 #timing (1085 1163) ps  polarity 0
net 465: (16 22)->(12 22) 4 5 0 0 #timing (1032 978) ps polarity 0
net 465: (12 22)->(12 22) 5 0 1 0 #timing (1160 1125) ps polarity 1
net 465: (12 22)->(12 6) 13 1 0 0 #timing (1742 1662) ps polarity 0
net 465: (12 6)->(29 6) 13 2 1 0 #timing (2334 2315) ps polarity 1
net 465: (29 6)->(21 14) 5 3 0 1 #timing (3180 3140) ps  polarity 1
net 465: (21 14)->(21 14) 1 0 1 1 #timing (3364 3310) ps  polarity 1
net 465: (21 14)->(21 14) 0 0 0 1 #timing (3445 3484) ps  polarity 0
net 468: (16 24)->(17 25) 0 3 0 0 #timing (202 202) ps polarity 0
net 468: (17 25)->(17 27) 1 1 0 0 #timing (319 314) ps polarity 1
net 468: (17 27)->(17 23) 3 4 0 0 #timing (599 592) ps polarity 1
net 468: (17 23)->(17 23) 1 0 0 1 #timing (815 772) ps  polarity 0
net 468: (17 23)->(16 22) 0 3 0 1 #timing (892 926) ps  polarity 1
net 469: (17 24)->(16 25) 0 3 0 0 #timing (186 186) ps polarity 0
net 469: (16 25)->(16 25) 1 0 0 0 #timing (274 275) ps polarity 1
net 469: (16 25)->(16 21) 3 4 0 1 #timing (696 592) ps  polarity 1
net 469: (16 21)->(16 23) 1 1 0 1 #timing (830 721) ps  polarity 0
net 469: (16 23)->(16 22) 0 1 0 1 #timing (860 979) ps  polarity 1
net 470: (13 10)->(12 10) 0 2 0 0 #timing (190 190) ps polarity 0
net 470: (12 10)->(12 10) 1 0 0 0 #timing (267 271) ps polarity 1
net 470: (12 10)->(8 10) 4 2 0 0 #timing (500 480) ps polarity 1
net 470: (8 10)->(10 10) 1 2 0 1 #timing (735 713) ps  polarity 0
net 470: (10 10)->(11 11) 0 3 0 1 #timing (844 863) ps  polarity 1
net 471: (16 5)->(16 4) 0 1 0 0 #timing (161 161) ps polarity 1
net 471: (16 4)->(16 4) 1 0 0 0 #timing (239 241) ps polarity 0
net 471: (16 4)->(16 8) 3 4 0 0 #timing (518 471) ps polarity 0
net 471: (16 8)->(16 10) 1 1 0 1 #timing (775 682) ps  polarity 1
net 471: (16 10)->(16 11) 0 1 0 1 #timing (812 916) ps  polarity 0
net 471: (16 4)->(16 6) 1 1 0 0 #timing (269 262) ps polarity 0
net 471: (16 6)->(12 6) 4 5 0 0 #timing (555 547) ps polarity 0
net 471: (12 6)->(14 4) 1 3 0 1 #timing (843 793) ps  polarity 1
net 471: (14 4)->(14 5) 0 1 0 1 #timing (975 1036) ps  polarity 0
net 471: (16 5)->(17 4) 0 3 0 0 #timing (174 174) ps polarity 1
net 471: (17 4)->(19 4) 1 2 0 0 #timing (315 295) ps polarity 0
net 471: (19 4)->(23 4) 4 2 0 0 #timing (599 615) ps polarity 0
net 471: (23 4)->(21 4) 1 2 0 1 #timing (855 800) ps  polarity 1
net 471: (21 4)->(20 5) 0 3 0 1 #timing (920 988) ps  polarity 0
net 472: (5 8)->(5 9) 0 1 0 0 #timing (192 192) ps polarity 1
net 472: (5 9)->(5 9) 1 0 0 0 #timing (274 276) ps polarity 0
net 472: (5 9)->(5 13) 3 1 0 0 #timing (611 533) ps polarity 0
net 472: (5 13)->(9 13) 4 5 0 0 #timing (982 847) ps polarity 0
net 472: (9 13)->(9 13) 1 0 1 1 #timing (1040 1150) ps  polarity 1
net 472: (9 13)->(8 12) 0 3 0 1 #timing (1302 1167) ps  polarity 0
net 472: (5 9)->(5 9) 5 0 0 0 #timing (378 392) ps polarity 1
net 472: (5 9)->(13 9) 5 2 0 1 #timing (756 764) ps  polarity 0
net 472: (13 9)->(17 9) 4 5 0 1 #timing (1057 1015) ps  polarity 0
net 472: (17 9)->(17 13) 3 1 0 1 #timing (1350 1256) ps  polarity 0
net 472: (17 13)->(17 13) 1 0 1 1 #timing (1452 1360) ps  polarity 1
net 472: (17 13)->(17 12) 0 1 0 1 #timing (1489 1567) ps  polarity 0
net 472: (5 9)->(5 24) 13 1 1 0 #timing (979 854) ps polarity 0
net 472: (5 24)->(5 24) 5 0 0 1 #timing (1212 1099) ps  polarity 0
net 472: (5 24)->(9 24) 4 5 0 1 #timing (1653 1458) ps  polarity 1
net 472: (9 24)->(11 24) 1 2 0 1 #timing (1894 1656) ps  polarity 0
net 472: (11 24)->(11 24) 0 0 0 1 #timing (1764 2032) ps  polarity 1
net 472: (5 24)->(13 24) 5 2 0 1 #timing (1464 1311) ps  polarity 1
net 472: (13 24)->(13 24) 1 0 0 1 #timing (1514 1634) ps  polarity 0
net 472: (13 24)->(13 24) 0 0 0 1 #timing (1740 1618) ps  polarity 1
net 472: (13 24)->(15 24) 1 2 0 1 #timing (1570 1669) ps  polarity 0
net 472: (15 24)->(15 24) 0 0 0 1 #timing (1787 1702) ps  polarity 1
net 472: (5 9)->(21 9) 13 2 0 0 #timing (1012 875) ps polarity 0
net 472: (21 9)->(21 9) 5 0 1 1 #timing (1257 1132) ps  polarity 0
net 472: (21 9)->(21 13) 3 1 0 1 #timing (1601 1413) ps  polarity 1
net 472: (21 13)->(21 15) 1 1 0 1 #timing (1748 1550) ps  polarity 0
net 472: (21 15)->(21 14) 0 1 0 1 #timing (1695 1893) ps  polarity 1
net 472: (21 13)->(23 13) 1 2 0 1 #timing (1751 1551) ps  polarity 0
net 472: (23 13)->(23 13) 0 0 0 1 #timing (1672 1876) ps  polarity 1
net 472: (23 13)->(23 12) 0 1 0 1 #timing (1692 1885) ps  polarity 1
net 472: (21 9)->(21 5) 3 4 0 1 #timing (1636 1428) ps  polarity 1
net 472: (21 5)->(21 7) 1 1 0 1 #timing (1775 1560) ps  polarity 0
net 472: (21 7)->(21 6) 0 1 0 1 #timing (1690 1916) ps  polarity 1
net 472: (21 5)->(23 7) 1 3 0 1 #timing (1816 1586) ps  polarity 0
net 472: (23 7)->(23 6) 0 1 0 1 #timing (1728 1982) ps  polarity 1
net 472: (21 9)->(21 24) 13 1 1 0 #timing (1546 1587) ps polarity 1
net 472: (21 24)->(21 16) 5 1 0 1 #timing (1989 2013) ps  polarity 0
net 472: (21 16)->(25 16) 4 5 0 1 #timing (2317 2285) ps  polarity 0
net 472: (25 16)->(25 18) 1 1 0 1 #timing (2548 2479) ps  polarity 1
net 472: (25 18)->(25 19) 0 1 0 1 #timing (2591 2680) ps  polarity 0
net 472: (5 9)->(20 9) 13 2 1 0 #timing (1014 878) ps polarity 0
net 472: (20 9)->(20 9) 5 0 1 1 #timing (1258 1135) ps  polarity 0
net 472: (20 9)->(24 9) 4 5 0 1 #timing (1681 1477) ps  polarity 1
net 472: (24 9)->(24 13) 3 1 0 1 #timing (1999 1737) ps  polarity 1
net 472: (24 13)->(24 13) 1 0 0 1 #timing (2099 1844) ps  polarity 0
net 472: (24 13)->(25 13) 0 2 0 1 #timing (1960 2210) ps  polarity 1
net 472: (20 9)->(20 25) 13 1 0 0 #timing (1581 1608) ps polarity 1
net 472: (20 25)->(20 25) 5 0 0 1 #timing (1805 1843) ps  polarity 1
net 472: (20 25)->(20 21) 3 4 0 1 #timing (2209 2151) ps  polarity 0
net 472: (20 21)->(20 21) 1 0 1 1 #timing (2301 2248) ps  polarity 1
net 472: (20 21)->(20 21) 0 0 0 1 #timing (2362 2410) ps  polarity 0
net 472: (20 9)->(20 24) 13 1 1 0 #timing (1504 1550) ps polarity 1
net 472: (20 24)->(20 24) 5 0 1 1 #timing (1734 1793) ps  polarity 1
net 472: (20 24)->(20 24) 1 0 0 1 #timing (1876 1932) ps  polarity 1
net 472: (20 24)->(21 24) 0 2 0 1 #timing (2026 1973) ps  polarity 0
net 472: (20 24)->(21 25) 0 3 0 1 #timing (2047 1985) ps  polarity 0
net 472: (20 24)->(24 24) 4 5 0 1 #timing (2126 2112) ps  polarity 0
net 472: (24 24)->(24 24) 1 0 1 1 #timing (2317 2275) ps  polarity 1
net 472: (24 24)->(25 24) 0 2 0 1 #timing (2387 2425) ps  polarity 0
net 472: (20 24)->(20 16) 5 1 0 1 #timing (1951 1982) ps  polarity 0
net 472: (20 16)->(20 18) 1 1 0 1 #timing (2228 2152) ps  polarity 1
net 472: (20 18)->(21 18) 0 2 0 1 #timing (2281 2365) ps  polarity 0
net 472: (20 16)->(22 18) 1 3 0 1 #timing (2249 2164) ps  polarity 1
net 472: (22 18)->(23 19) 0 3 0 1 #timing (2333 2438) ps  polarity 0
net 472: (20 16)->(24 16) 4 5 0 1 #timing (2308 2263) ps  polarity 0
net 472: (24 16)->(26 18) 1 3 0 1 #timing (2574 2476) ps  polarity 1
net 472: (26 18)->(27 18) 0 2 0 1 #timing (2603 2736) ps  polarity 0
net 472: (5 9)->(5 11) 1 1 0 0 #timing (311 302) ps polarity 0
net 472: (5 11)->(5 7) 3 4 0 0 #timing (641 609) ps polarity 0
net 472: (5 7)->(5 7) 5 0 0 0 #timing (771 749) ps polarity 1
net 472: (5 7)->(5 22) 13 1 1 0 #timing (1345 1254) ps polarity 0
net 472: (5 22)->(13 22) 5 2 0 1 #timing (1820 1700) ps  polarity 1
net 472: (13 22)->(17 22) 4 5 0 1 #timing (2142 1963) ps  polarity 1
net 472: (17 22)->(17 22) 1 0 0 1 #timing (2330 2126) ps  polarity 0
net 472: (17 22)->(17 22) 0 0 0 1 #timing (2274 2457) ps  polarity 1
net 472: (5 9)->(7 9) 1 2 0 0 #timing (313 302) ps polarity 0
net 472: (7 9)->(11 9) 4 5 0 0 #timing (656 632) ps polarity 0
net 472: (11 9)->(11 9) 5 0 0 0 #timing (797 787) ps polarity 1
net 472: (11 9)->(27 9) 13 2 0 0 #timing (1417 1305) ps polarity 0
net 472: (27 9)->(27 9) 5 0 0 1 #timing (1648 1550) ps  polarity 0
net 472: (27 9)->(27 13) 3 1 0 1 #timing (1972 1817) ps  polarity 1
net 472: (27 13)->(27 13) 1 0 1 1 #timing (2074 1922) ps  polarity 0
net 472: (27 13)->(27 13) 0 0 0 1 #timing (2036 2183) ps  polarity 1
net 472: (27 13)->(27 12) 0 1 0 1 #timing (2054 2191) ps  polarity 1
net 472: (5 8)->(4 8) 0 2 0 0 #timing (193 193) ps polarity 1
net 472: (4 8)->(4 10) 1 1 0 0 #timing (313 303) ps polarity 0
net 472: (4 10)->(4 14) 3 1 0 0 #timing (641 611) ps polarity 0
net 472: (4 14)->(8 14) 4 5 0 1 #timing (1121 974) ps  polarity 0
net 472: (8 14)->(8 18) 3 4 0 1 #timing (1433 1223) ps  polarity 0
net 472: (8 18)->(8 16) 1 1 0 1 #timing (1578 1357) ps  polarity 1
net 472: (8 16)->(9 16) 0 2 0 1 #timing (1481 1717) ps  polarity 0
net 472: (4 10)->(4 10) 5 0 0 0 #timing (416 462) ps polarity 1
net 472: (4 10)->(4 2) 5 1 0 1 #timing (748 802) ps  polarity 0
net 472: (4 2)->(4 2) 1 0 0 1 #timing (1011 920) ps  polarity 1
net 472: (4 2)->(4 2) 0 0 0 1 #timing (1024 1111) ps  polarity 0
net 472: (4 2)->(8 2) 4 5 0 1 #timing (1109 1090) ps  polarity 0
net 472: (8 2)->(10 0) 1 3 0 1 #timing (1386 1308) ps  polarity 1
net 472: (10 0)->(11 1) 0 3 0 1 #timing (1434 1525) ps  polarity 0
net 472: (4 10)->(12 10) 5 2 0 1 #timing (779 820) ps  polarity 0
net 472: (12 10)->(16 10) 4 5 0 1 #timing (1099 1085) ps  polarity 0
net 472: (16 10)->(16 6) 3 4 0 1 #timing (1409 1322) ps  polarity 0
net 472: (16 6)->(16 6) 1 0 1 1 #timing (1502 1420) ps  polarity 1
net 472: (16 6)->(17 6) 0 2 0 1 #timing (1516 1601) ps  polarity 0
net 472: (16 6)->(18 6) 1 2 0 1 #timing (1551 1454) ps  polarity 1
net 472: (18 6)->(19 6) 0 2 0 1 #timing (1568 1690) ps  polarity 0
net 472: (4 10)->(4 27) 13 1 1 0 #timing (1105 940) ps polarity 0
net 472: (4 27)->(12 27) 5 2 0 1 #timing (1536 1351) ps  polarity 1
net 472: (12 27)->(12 23) 3 4 0 1 #timing (1788 1861) ps  polarity 1
net 472: (12 23)->(14 21) 1 3 0 1 #timing (1966 2015) ps  polarity 0
net 472: (14 21)->(14 21) 0 0 0 1 #timing (2171 2145) ps  polarity 1
net 472: (12 27)->(16 27) 4 5 0 1 #timing (1884 1638) ps  polarity 1
net 472: (16 27)->(16 23) 3 4 0 1 #timing (2174 1869) ps  polarity 1
net 472: (16 23)->(18 23) 1 2 0 1 #timing (2308 1996) ps  polarity 0
net 472: (18 23)->(19 22) 0 3 0 1 #timing (2142 2464) ps  polarity 1
net 472: (16 23)->(18 21) 1 3 0 1 #timing (2349 2020) ps  polarity 0
net 472: (18 21)->(19 20) 0 3 0 1 #timing (2173 2519) ps  polarity 1
net 472: (5 8)->(4 9) 0 3 0 0 #timing (204 204) ps polarity 1
net 472: (4 9)->(4 11) 1 1 0 0 #timing (324 315) ps polarity 0
net 472: (4 11)->(4 15) 3 1 0 0 #timing (634 599) ps polarity 0
net 472: (4 15)->(8 15) 4 5 0 0 #timing (1041 933) ps polarity 0
net 472: (8 15)->(8 19) 3 4 0 1 #timing (1357 1368) ps  polarity 0
net 472: (8 19)->(10 19) 1 2 0 1 #timing (1485 1491) ps  polarity 1
net 472: (10 19)->(11 19) 0 2 0 1 #timing (1611 1606) ps  polarity 0
net 472: (4 11)->(4 11) 5 0 0 0 #timing (428 472) ps polarity 1
net 472: (4 11)->(4 3) 5 1 0 1 #timing (762 813) ps  polarity 0
net 472: (4 3)->(6 3) 1 2 0 1 #timing (1068 966) ps  polarity 1
net 472: (6 3)->(7 2) 0 3 0 1 #timing (1134 1232) ps  polarity 0
net 472: (4 11)->(12 11) 5 2 0 1 #timing (790 828) ps  polarity 0
net 472: (12 11)->(12 7) 3 4 0 1 #timing (1291 1123) ps  polarity 0
net 472: (12 7)->(12 7) 1 0 0 1 #timing (1384 1223) ps  polarity 1
net 472: (12 7)->(13 7) 0 2 0 1 #timing (1319 1482) ps  polarity 0
net 472: (12 7)->(13 6) 0 3 0 1 #timing (1337 1493) ps  polarity 0
net 472: (12 7)->(14 7) 1 2 0 1 #timing (1433 1255) ps  polarity 1
net 472: (14 7)->(15 6) 0 3 0 1 #timing (1380 1570) ps  polarity 0
net 473: (22 6)->(23 6) 0 2 0 0 #timing (708 708) ps polarity 1
net 473: (23 6)->(23 6) 1 0 0 0 #timing (792 794) ps polarity 0
net 473: (23 6)->(19 6) 4 2 0 0 #timing (1029 1008) ps polarity 0
net 473: (19 6)->(19 4) 1 1 0 1 #timing (1271 1251) ps  polarity 1
net 473: (19 4)->(18 4) 0 2 0 1 #timing (1395 1418) ps  polarity 0
net 473: (19 6)->(19 10) 3 4 0 1 #timing (1429 1352) ps  polarity 0
net 473: (19 10)->(17 10) 1 2 0 1 #timing (1565 1481) ps  polarity 1
net 473: (17 10)->(17 10) 0 0 0 1 #timing (1643 1728) ps  polarity 0
net 473: (22 6)->(23 7) 0 3 0 0 #timing (695 695) ps polarity 1
net 473: (23 7)->(23 7) 1 0 0 0 #timing (771 777) ps polarity 0
net 473: (23 7)->(19 7) 4 2 0 0 #timing (1016 987) ps polarity 0
net 473: (19 7)->(19 11) 3 4 0 1 #timing (1428 1361) ps  polarity 0
net 473: (19 11)->(19 9) 1 1 0 1 #timing (1569 1493) ps  polarity 1
net 473: (19 9)->(19 9) 0 0 0 1 #timing (1625 1703) ps  polarity 0
net 474: (20 6)->(21 7) 0 3 0 0 #timing (675 675) ps polarity 1
net 474: (21 7)->(21 5) 1 1 0 0 #timing (809 798) ps polarity 0
net 474: (21 5)->(21 9) 3 4 0 0 #timing (1136 1089) ps polarity 0
net 474: (21 9)->(17 9) 4 2 0 0 #timing (1415 1345) ps polarity 0
net 474: (17 9)->(17 9) 1 0 0 1 #timing (1563 1604) ps  polarity 1
net 474: (17 9)->(17 9) 0 0 0 1 #timing (1705 1665) ps  polarity 0
net 474: (17 9)->(17 11) 1 1 0 1 #timing (1606 1632) ps  polarity 1
net 474: (17 11)->(17 10) 0 1 0 1 #timing (1757 1741) ps  polarity 0
net 474: (21 7)->(23 7) 1 2 0 0 #timing (824 806) ps polarity 0
net 474: (23 7)->(19 7) 4 2 0 1 #timing (1227 1151) ps  polarity 0
net 474: (19 7)->(19 5) 1 1 0 1 #timing (1470 1356) ps  polarity 1
net 474: (19 5)->(18 4) 0 3 0 1 #timing (1508 1623) ps  polarity 0
net 476: (26 15)->(27 15) 0 2 0 0 #timing (203 203) ps polarity 0
net 476: (27 15)->(27 15) 1 0 0 0 #timing (280 284) ps polarity 1
net 476: (27 15)->(27 15) 5 0 0 0 #timing (386 398) ps polarity 0
net 476: (27 15)->(19 15) 5 2 0 1 #timing (768 769) ps  polarity 1
net 476: (19 15)->(19 15) 1 0 0 1 #timing (973 938) ps  polarity 0
net 476: (19 15)->(18 14) 0 3 0 1 #timing (1073 1092) ps  polarity 1
net 477: (19 13)->(19 12) 0 1 0 0 #timing (203 203) ps polarity 0
net 477: (19 12)->(19 12) 1 0 0 0 #timing (290 294) ps polarity 1
net 477: (19 12)->(19 14) 1 1 0 1 #timing (553 505) ps  polarity 0
net 477: (19 14)->(18 14) 0 2 0 1 #timing (645 698) ps  polarity 1
net 482: (8 18)->(8 18) 0 0 0 0 #timing (209 209) ps polarity 0
net 482: (8 18)->(8 16) 1 1 0 0 #timing (345 330) ps polarity 1
net 482: (8 16)->(8 16) 1 0 0 1 #timing (567 524) ps  polarity 0
net 482: (8 16)->(8 16) 0 0 0 1 #timing (632 673) ps  polarity 1
net 483: (9 18)->(9 18) 0 0 0 0 #timing (187 187) ps polarity 0
net 483: (9 18)->(9 16) 1 1 0 0 #timing (310 300) ps polarity 1
net 483: (9 16)->(9 16) 1 0 0 1 #timing (529 493) ps  polarity 0
net 483: (9 16)->(8 16) 0 2 0 1 #timing (567 612) ps  polarity 1
net 523: (19 3)->(18 3) 0 2 0 0 #timing (692 692) ps polarity 1
net 523: (18 3)->(18 3) 1 0 0 0 #timing (770 774) ps polarity 0
net 523: (18 3)->(18 7) 3 1 0 1 #timing (1173 1081) ps  polarity 0
net 523: (18 7)->(18 7) 1 0 0 1 #timing (1271 1185) ps  polarity 1
net 523: (18 7)->(19 7) 0 2 0 1 #timing (1283 1371) ps  polarity 0
net 523: (18 7)->(19 6) 0 3 0 1 #timing (1302 1380) ps  polarity 0
net 523: (18 7)->(16 7) 1 2 0 1 #timing (1343 1232) ps  polarity 1
net 523: (16 7)->(17 7) 0 2 0 1 #timing (1338 1466) ps  polarity 0
net 523: (19 3)->(18 2) 0 3 0 0 #timing (702 702) ps polarity 1
net 523: (18 2)->(16 0) 1 3 0 0 #timing (885 852) ps polarity 0
net 523: (16 0)->(16 4) 3 1 0 0 #timing (1178 1182) ps polarity 0
net 523: (16 4)->(16 4) 5 0 0 0 #timing (1303 1320) ps polarity 1
net 523: (16 4)->(16 12) 5 1 0 1 #timing (1617 1650) ps  polarity 0
net 523: (16 12)->(16 12) 1 0 0 1 #timing (1853 1787) ps  polarity 1
net 523: (16 12)->(17 12) 0 2 0 1 #timing (1883 1951) ps  polarity 0
net 525: (19 12)->(18 13) 0 3 0 0 #timing (675 675) ps polarity 1
net 525: (18 13)->(18 13) 1 0 0 0 #timing (761 762) ps polarity 0
net 525: (18 13)->(18 13) 1 0 0 1 #timing (964 932) ps  polarity 1
net 525: (18 13)->(19 13) 0 2 0 1 #timing (1030 1064) ps  polarity 0
net 525: (18 13)->(22 13) 4 2 0 0 #timing (1026 1005) ps polarity 0
net 525: (22 13)->(22 13) 1 0 1 1 #timing (1212 1203) ps  polarity 1
net 525: (22 13)->(23 13) 0 2 0 1 #timing (1320 1324) ps  polarity 0
net 527: (25 9)->(25 9) 0 0 0 0 #timing (760 760) ps polarity 1
net 527: (25 9)->(25 9) 1 0 0 0 #timing (830 835) ps polarity 0
net 527: (25 9)->(25 13) 3 1 0 1 #timing (1262 1169) ps  polarity 0
net 527: (25 13)->(25 13) 1 0 0 1 #timing (1375 1287) ps  polarity 1
net 527: (25 13)->(25 13) 0 0 0 1 #timing (1384 1474) ps  polarity 0
net 527: (25 13)->(25 12) 0 1 0 1 #timing (1398 1481) ps  polarity 0
net 527: (25 9)->(24 9) 0 2 0 0 #timing (772 772) ps polarity 1
net 527: (24 9)->(24 9) 1 0 0 0 #timing (854 857) ps polarity 0
net 527: (24 9)->(24 13) 3 1 0 0 #timing (1204 1120) ps polarity 0
net 527: (24 13)->(26 13) 1 2 0 1 #timing (1436 1312) ps  polarity 1
net 527: (26 13)->(27 13) 0 2 0 1 #timing (1432 1556) ps  polarity 0
net 529: (11 18)->(11 18) 0 0 0 0 #timing (661 661) ps polarity 1
net 529: (11 18)->(9 18) 1 2 0 0 #timing (802 784) ps polarity 0
net 529: (9 18)->(9 18) 1 0 0 1 #timing (1026 985) ps  polarity 1
net 529: (9 18)->(9 18) 0 0 0 1 #timing (1075 1120) ps  polarity 0
net 529: (9 18)->(13 18) 4 2 0 0 #timing (1088 1102) ps polarity 0
net 529: (13 18)->(13 18) 1 0 1 1 #timing (1319 1275) ps  polarity 1
net 529: (13 18)->(12 19) 0 3 0 1 #timing (1427 1449) ps  polarity 0
net 529: (11 18)->(10 18) 0 2 0 0 #timing (664 664) ps polarity 1
net 529: (10 18)->(8 16) 1 3 0 0 #timing (841 798) ps polarity 0
net 529: (8 16)->(8 16) 5 0 0 0 #timing (911 991) ps polarity 1
net 529: (8 16)->(8 24) 5 1 0 1 #timing (1250 1330) ps  polarity 0
net 529: (8 24)->(12 24) 4 2 0 1 #timing (1472 1538) ps  polarity 0
net 529: (12 24)->(12 24) 1 0 1 1 #timing (1661 1705) ps  polarity 1
net 529: (12 24)->(13 24) 0 2 0 1 #timing (1800 1758) ps  polarity 0
net 531: (19 18)->(19 18) 0 0 0 0 #timing (661 661) ps polarity 1
net 531: (19 18)->(17 16) 1 3 0 0 #timing (841 805) ps polarity 0
net 531: (17 16)->(13 16) 4 5 0 0 #timing (1084 1129) ps polarity 0
net 531: (13 16)->(15 18) 1 3 0 1 #timing (1419 1318) ps  polarity 1
net 531: (15 18)->(14 18) 0 2 0 1 #timing (1468 1584) ps  polarity 0
net 531: (19 18)->(18 18) 0 2 0 0 #timing (665 664) ps polarity 1
net 531: (18 18)->(18 18) 1 0 0 0 #timing (741 742) ps polarity 0
net 531: (18 18)->(18 18) 1 0 0 1 #timing (944 912) ps  polarity 1
net 531: (18 18)->(19 19) 0 3 0 1 #timing (1028 1053) ps  polarity 0
net 531: (18 18)->(18 14) 3 4 0 0 #timing (994 954) ps polarity 0
net 531: (18 14)->(22 14) 4 2 0 0 #timing (1278 1223) ps polarity 0
net 531: (22 14)->(20 12) 1 3 0 1 #timing (1527 1520) ps  polarity 1
net 531: (20 12)->(21 13) 0 3 0 1 #timing (1656 1688) ps  polarity 0
net 531: (18 18)->(18 18) 5 0 0 0 #timing (844 860) ps polarity 1
net 531: (18 18)->(18 26) 5 1 0 1 #timing (1173 1195) ps  polarity 0
net 531: (18 26)->(18 24) 1 1 0 1 #timing (1442 1374) ps  polarity 1
net 531: (18 24)->(19 24) 0 2 0 1 #timing (1527 1597) ps  polarity 0
net 531: (18 26)->(16 24) 1 3 0 1 #timing (1480 1397) ps  polarity 1
net 531: (16 24)->(17 24) 0 2 0 1 #timing (1556 1650) ps  polarity 0
